experiment_id,graph_type,n_nodes,n_edges,density,graph_mean_degree,graph_degree_std,graph_max_degree,initial_condition_id,gamma,K,T,h,scenario,actuator_count,actuator_nodes,mean_actuator_degree,squared_control_effort,initial_sync_error,final_sync_error,sync_ratio,distance_from_uncontrolled,initial_network_l2,final_network_l2,initial_max_coefficient,final_max_coefficient,trajectory_max_coefficient,mean_final_node_l2,std_final_node_l2
net_00000,path,4,3,0.5,1.5,0.5,2,0,0,4,1,0.0025000000000000001,uncontrolled,0,none,,0,0.26345745397739367,0.26133486423068158,0.99194333007220881,0,1.0452272480183435,1.0399537897736046,0.4618033988749895,0.46728860812292322,0.46729563754364462,0.49571598192505861,0.15697654754833842
net_00001,path,4,3,0.5,1.5,0.5,2,0,0,4,1,0.0025000000000000001,single_0,1,0,1,0.35999999999999999,0.26345745397739367,0.35035001003817506,1.3298162748822333,0.20518236569019035,1.0452272480183435,1.1738768593988191,0.4618033988749895,0.58760623563541181,0.58760623563541181,0.54555259069403084,0.21649270436908472
net_00002,path,4,3,0.5,1.5,0.5,2,0,0,4,1,0.0025000000000000001,single_middle,1,2,2,0.35999999999999999,0.26345745397739367,0.23423115293630528,0.88906633462116358,0.21075470901627047,1.0452272480183435,1.1244102391595401,0.4618033988749895,0.46728860812292322,0.46729563754364462,0.54712597050330969,0.1293358762390196
net_00003,path,4,3,0.5,1.5,0.5,2,0,0,4,1,0.0025000000000000001,two_0_last,2,0+3,1,0.35999999999999988,0.26345745397739367,0.37692284828761702,1.4306782465147461,0.20771780865369574,1.0452272480183435,1.2222452817126526,0.4618033988749895,0.56923157531370039,0.56923157531370039,0.56692519108974182,0.22818130921499682
net_00004,path,4,3,0.5,1.5,0.5,2,1,0,4,1,0.0025000000000000001,uncontrolled,0,none,,0,0.24579802006254381,0.23971385328897366,0.97524729136539823,0,1.4987494787321862,1.4869416265056925,0.61657797401561587,0.59884964803389151,0.61657797401561587,0.7329644799929611,0.12454686357952433
net_00005,path,4,3,0.5,1.5,0.5,2,1,0,4,1,0.0025000000000000001,single_0,1,0,1,0.35999999999999999,0.24579802006254381,0.32483642860009448,1.3215583612815074,0.20479216092945404,1.4987494787321862,1.6101186121790618,0.61657797401561587,0.73851375883865078,0.73851375883865078,0.78278498921737683,0.18806420971920293
net_00006,path,4,3,0.5,1.5,0.5,2,1,0,4,1,0.0025000000000000001,single_middle,1,2,2,0.35999999999999999,0.24579802006254381,0.229642815247036,0.93427447132650998,0.21109740490440809,1.4987494787321862,1.5817015062730828,0.61657797401561587,0.59884964803389151,0.61657797401561587,0.78410811559007376,0.10305036051571281
net_00007,path,4,3,0.5,1.5,0.5,2,1,0,4,1,0.0025000000000000001,two_0_last,2,0+3,1,0.35999999999999988,0.24579802006254381,0.34583395990242072,1.4069843191349651,0.20490850917864739,1.4987494787321862,1.653303359792937,0.61657797401561587,0.6975376964287251,0.6975376964287251,0.80334155702938859,0.19492394061595172
net_00008,path,4,3,0.5,1.5,0.5,2,2,0,4,1,0.0025000000000000001,uncontrolled,0,none,,0,0.14198958446778057,0.14186682069541323,0.99913540297460912,0,1.0561723344227494,1.0521353128519941,0.47499999999999998,0.47502401588824256,0.47641537753188745,0.51266053007242662,0.11800999976018724
net_00009,path,4,3,0.5,1.5,0.5,2,2,0,4,1,0.0025000000000000001,single_0,1,0,1,0.35999999999999999,0.14198958446778057,0.1390990599233522,0.97964270016520638,0.20793462460616796,1.0561723344227494,1.1364413922337513,0.47499999999999998,0.47502401588824256,0.47641537753188745,0.56348435474623615,0.0732129869064536
net_00010,path,4,3,0.5,1.5,0.5,2,2,0,4,1,0.0025000000000000001,single_middle,1,2,2,0.35999999999999999,0.14198958446778057,0.21389574605004288,1.5064185647967638,0.20619017876415358,1.0561723344227494,1.171299256798545,0.47499999999999998,0.53157098854216556,0.53157098854216556,0.56283972259162063,0.16185466912385782
net_00011,path,4,3,0.5,1.5,0.5,2,2,0,4,1,0.0025000000000000001,two_0_last,2,0+3,1,0.35999999999999988,0.14198958446778057,0.18631609832094559,1.3121814464019601,0.20838127039844831,1.0561723344227494,1.2009942410238421,0.47499999999999998,0.57620086195481479,0.57620086195481479,0.58441454756440536,0.13804502286645456
net_00012,path,4,3,0.5,1.5,0.5,2,3,0,4,1,0.0025000000000000001,uncontrolled,0,none,,0,0.72718635850791369,0.70916937155462667,0.97522370057896113,0,1.4658785761446955,1.4270988188505183,0.69999999999999996,0.6647521021250794,0.69999999999999996,0.63159742055078372,0.33202026752102409
net_00013,path,4,3,0.5,1.5,0.5,2,3,0,4,1,0.0025000000000000001,single_0,1,0,1,0.35999999999999999,0.72718635850791369,0.77799211398887202,1.0698662108915309,0.20194523398211534,1.4658785761446955,1.5659097548959695,0.69999999999999996,0.80188203647191125,0.80188203647191125,0.68052283767110389,0.38717826324273041
net_00014,path,4,3,0.5,1.5,0.5,2,3,0,4,1,0.0025000000000000001,single_middle,1,2,2,0.35999999999999999,0.72718635850791369,0.84120286572655234,1.1567913175002138,0.20194523398211534,1.4658785761446955,1.5659097548959695,0.69999999999999996,0.80188203647191125,0.80188203647191125,0.68052283767110389,0.38717826324273041
net_00015,path,4,3,0.5,1.5,0.5,2,3,0,4,1,0.0025000000000000001,two_0_last,2,0+3,1,0.35999999999999988,0.72718635850791369,0.71835828224523979,0.9878599534226854,0.20740509843973368,1.4658785761446955,1.5582973871974686,0.69999999999999996,0.76166263781406307,0.76166263781406307,0.70192456313054463,0.33819313182057459
net_00016,path,4,3,0.5,1.5,0.5,2,4,0,4,1,0.0025000000000000001,uncontrolled,0,none,,0,0.29742230198782871,0.29663813592050242,0.9973634590880196,0,1.3714751087654729,1.3653521079491697,0.62354134182918197,0.59611823584803569,0.62354134182918197,0.66140630625364338,0.16908072840575922
net_00017,path,4,3,0.5,1.5,0.5,2,4,0,4,1,0.0025000000000000001,single_0,1,0,1,0.35999999999999999,0.29742230198782871,0.37307981615861852,1.2543774076965013,0.20308555255666413,1.3714751087654729,1.4975253793009187,0.62354134182918197,0.73445842445105713,0.73445842445105713,0.71064794881638194,0.23584965180313322
net_00018,path,4,3,0.5,1.5,0.5,2,4,0,4,1,0.0025000000000000001,single_middle,1,2,2,0.35999999999999999,0.29742230198782871,0.21655818315242259,0.72811682817680801,0.21320153008191833,1.3714751087654729,1.4426032298376625,0.62354134182918197,0.59611823584803569,0.62354134182918197,0.71227700944779559,0.11374305032228986
net_00019,path,4,3,0.5,1.5,0.5,2,4,0,4,1,0.0025000000000000001,two_0_last,2,0+3,1,0.35999999999999988,0.29742230198782871,0.40439012316756756,1.3596496310626909,0.20718031533862963,1.3714751087654729,1.5388614826138807,0.62354134182918197,0.69386399212139527,0.69386399212139527,0.73217836163409489,0.2365132394242663
net_00020,path,4,3,0.5,1.5,0.5,2,0,0.25,4,1,0.0025000000000000001,uncontrolled,0,none,,0,0.26345745397739367,0.20578122368560614,0.78107952756297216,0,1.0452272480183435,1.0211100390528274,0.4618033988749895,0.44232323674576141,0.4618033988749895,0.49558945546551653,0.12270908521788221
net_00021,path,4,3,0.5,1.5,0.5,2,0,0.25,4,1,0.0025000000000000001,single_0,1,0,1,0.35999999999999999,0.26345745397739367,0.28493356514427204,1.0815164302343905,0.19393331290872029,1.0452272480183435,1.1471917696372509,0.4618033988749895,0.55614863618246901,0.55614863618246901,0.54546556791816192,0.1774247820812494
net_00022,path,4,3,0.5,1.5,0.5,2,0,0.25,4,1,0.0025000000000000001,single_middle,1,2,2,0.35999999999999999,0.26345745397739367,0.18332561878032166,0.69584525323793711,0.18796228511863566,1.0452272480183435,1.1118666392732464,0.4618033988749895,0.45045807816930328,0.4618033988749895,0.5468894761394969,0.099868697648774887
net_00023,path,4,3,0.5,1.5,0.5,2,0,0.25,4,1,0.0025000000000000001,two_0_last,2,0+3,1,0.35999999999999988,0.26345745397739367,0.3073993609272796,1.1667893858628742,0.19628975287831912,1.0452272480183435,1.1928957448351682,0.4618033988749895,0.53837683910129364,0.53837683910129364,0.56683342339685772,0.18560693583931986
net_00024,path,4,3,0.5,1.5,0.5,2,1,0.25,4,1,0.0025000000000000001,uncontrolled,0,none,,0,0.24579802006254381,0.19432302607010887,0.79058011134777639,0,1.4987494787321862,1.4780572013539184,0.61657797401561587,0.57980696177178292,0.61657797401561587,0.73267801564438884,0.096675736407565799
net_00025,path,4,3,0.5,1.5,0.5,2,1,0.25,4,1,0.0025000000000000001,single_0,1,0,1,0.35999999999999999,0.24579802006254381,0.26888004390596565,1.093906467747578,0.19370612709341165,1.4987494787321862,1.5958852637023062,0.61657797401561587,0.71159222147467283,0.71159222147467283,0.78260560463052253,0.15569493031707579
net_00026,path,4,3,0.5,1.5,0.5,2,1,0.25,4,1,0.0025000000000000001,single_middle,1,2,2,0.35999999999999999,0.24579802006254381,0.18668691161617856,0.75951348822368747,0.18817769955454153,1.4987494787321862,1.5754726949626279,0.61657797401561587,0.58778351376079063,0.61657797401561587,0.78372922390468602,0.079353996376740732
net_00027,path,4,3,0.5,1.5,0.5,2,1,0.25,4,1,0.0025000000000000001,two_0_last,2,0+3,1,0.35999999999999988,0.24579802006254381,0.28616151161961662,1.1642140630213467,0.19384910951334544,1.4987494787321862,1.6375596646452013,0.61657797401561587,0.6729261357077474,0.6729261357077474,0.80320868671163581,0.1589220545084766
net_00028,path,4,3,0.5,1.5,0.5,2,2,0.25,4,1,0.0025000000000000001,uncontrolled,0,none,,0,0.14198958446778057,0.12551299996369938,0.88395920330466249,0,1.0561723344227494,1.047284311889213,0.47499999999999998,0.46540622771209295,0.47499999999999998,0.51207839974185942,0.10943865861811411
net_00029,path,4,3,0.5,1.5,0.5,2,2,0.25,4,1,0.0025000000000000001,single_0,1,0,1,0.35999999999999999,0.14198958446778057,0.12115363646103158,0.8532572083730765,0.1964050197195755,1.0561723344227494,1.1333499098301238,0.47499999999999998,0.46541653828071339,0.47499999999999998,0.56293016556928932,0.06503947432229111
net_00030,path,4,3,0.5,1.5,0.5,2,2,0.25,4,1,0.0025000000000000001,single_middle,1,2,2,0.35999999999999999,0.14198958446778057,0.1896616388062673,1.3357433189002972,0.18439663390962566,1.0561723344227494,1.1637456951708012,0.47499999999999998,0.51719084090611478,0.51719084090611478,0.56237674024072326,0.14936001069014707
net_00031,path,4,3,0.5,1.5,0.5,2,2,0.25,4,1,0.0025000000000000001,two_0_last,2,0+3,1,0.35999999999999988,0.14198958446778057,0.16485096307665101,1.1610074337111538,0.19679679291527161,1.0561723344227494,1.1947358322546915,0.47499999999999998,0.56063482846515322,0.56063482846515322,0.58383229390370373,0.12644476981459904
net_00032,path,4,3,0.5,1.5,0.5,2,3,0.25,4,1,0.0025000000000000001,uncontrolled,0,none,,0,0.72718635850791369,0.48473550153235939,0.66659047692667106,0,1.4658785761446955,1.3448218999546317,0.69999999999999996,0.61776942498714238,0.69999999999999996,0.63048642910596009,0.23371638445477366
net_00033,path,4,3,0.5,1.5,0.5,2,3,0.25,4,1,0.0025000000000000001,single_0,1,0,1,0.35999999999999999,0.72718635850791369,0.54551527999458804,0.75017259827853522,0.19133168152723953,1.4658785761446955,1.4778441466372101,0.69999999999999996,0.74749274232609619,0.74749274232609619,0.67960797066019885,0.29006695201727534
net_00034,path,4,3,0.5,1.5,0.5,2,3,0.25,4,1,0.0025000000000000001,single_middle,1,2,2,0.35999999999999999,0.72718635850791369,0.58908563402363456,0.8100889505578146,0.18152756750563812,1.4658785761446955,1.4655004435914709,0.69999999999999996,0.69631701678510016,0.70077641293922877,0.67976311788787469,0.27357812613777255
net_00035,path,4,3,0.5,1.5,0.5,2,3,0.25,4,1,0.0025000000000000001,two_0_last,2,0+3,1,0.35999999999999988,0.72718635850791369,0.49546413222337288,0.68134409622314296,0.19595390108891422,1.4658785761446955,1.4826505395410268,0.69999999999999996,0.70943755751450599,0.70998778319462763,0.70120000255664861,0.24058618417290809
net_00036,path,4,3,0.5,1.5,0.5,2,4,0.25,4,1,0.0025000000000000001,uncontrolled,0,none,,0,0.29742230198782871,0.23478144085526717,0.78938747796012632,0,1.3714751087654729,1.348565698998011,0.62354134182918197,0.57417325292978694,0.62354134182918197,0.66100755915132137,0.13314040661388613
net_00037,path,4,3,0.5,1.5,0.5,2,4,0.25,4,1,0.0025000000000000001,single_0,1,0,1,0.35999999999999999,0.29742230198782871,0.30730109134915773,1.0332146893333281,0.19212859450909198,1.3714751087654729,1.4748911408142258,0.62354134182918197,0.70474103426174517,0.70474103426174517,0.71038420593673968,0.197940014319237
net_00038,path,4,3,0.5,1.5,0.5,2,4,0.25,4,1,0.0025000000000000001,single_middle,1,2,2,0.35999999999999999,0.29742230198782871,0.17538318218684651,0.58967730736622315,0.18996684066606914,1.3714751087654729,1.4345497138263736,0.62354134182918197,0.57449939913745984,0.62354134182918197,0.712035520695951,0.086536914822974653
net_00039,path,4,3,0.5,1.5,0.5,2,4,0.25,4,1,0.0025000000000000001,two_0_last,2,0+3,1,0.35999999999999988,0.29742230198782871,0.32923975370012959,1.1069773567740153,0.19589476072943157,1.3714751087654729,1.5134516687132522,0.62354134182918197,0.6664250460501141,0.6664250460501141,0.73184993066141257,0.19243094183009526
net_00040,path,4,3,0.5,1.5,0.5,2,0,0.5,4,1,0.0025000000000000001,uncontrolled,0,none,,0,0.26345745397739367,0.16287423565078199,0.61821836198552815,0,1.0452272480183435,1.0094084278476982,0.4618033988749895,0.4228110686825981,0.4618033988749895,0.49549398407596545,0.095979452473002214
net_00041,path,4,3,0.5,1.5,0.5,2,0,0.5,4,1,0.0025000000000000001,single_0,1,0,1,0.35999999999999999,0.26345745397739367,0.23374567144166564,0.88722360256970567,0.18479988377156534,1.0452272480183435,1.129721626380584,0.4618033988749895,0.53108987961183685,0.53108987961183685,0.54541368108452426,0.14694099075420364
net_00042,path,4,3,0.5,1.5,0.5,2,0,0.5,4,1,0.0025000000000000001,single_middle,1,2,2,0.35999999999999999,0.26345745397739367,0.14562901408279627,0.55276103175009106,0.17114876781593258,1.0452272480183435,1.10446261912722,0.4618033988749895,0.43731600180067814,0.4618033988749895,0.54670448731446708,0.077933451178331142
net_00043,path,4,3,0.5,1.5,0.5,2,0,0.5,4,1,0.0025000000000000001,two_0_last,2,0+3,1,0.35999999999999988,0.26345745397739367,0.25245235131006277,0.95822815979890552,0.18720909770198899,1.0452272480183435,1.1735118064373595,0.4618033988749895,0.5138525098862925,0.5138525098862925,0.56677641091502329,0.15181235125065834
net_00044,path,4,3,0.5,1.5,0.5,2,1,0.5,4,1,0.0025000000000000001,uncontrolled,0,none,,0,0.24579802006254381,0.15900717479890758,0.64690177226996326,0,1.4987494787321862,1.4725711274210329,0.61657797401561587,0.56507690687950696,0.61657797401561587,0.73245441199973338,0.075013103326270786
net_00045,path,4,3,0.5,1.5,0.5,2,1,0.5,4,1,0.0025000000000000001,single_0,1,0,1,0.35999999999999999,0.24579802006254381,0.22476499758575202,0.91442965052590786,0.18471376797918915,1.4987494787321862,1.5865923002371074,0.61657797401561587,0.69010621096600755,0.69010621096600755,0.78247470013236253,0.13058378707055529
net_00046,path,4,3,0.5,1.5,0.5,2,1,0.5,4,1,0.0025000000000000001,single_middle,1,2,2,0.35999999999999999,0.24579802006254381,0.15456235229055054,0.62881854073202803,0.17125722308451177,1.4987494787321862,1.5717862394006996,0.61657797401561587,0.58002942872645658,0.61657797401561587,0.78343133200625537,0.062155801203531348
net_00047,path,4,3,0.5,1.5,0.5,2,1,0.5,4,1,0.0025000000000000001,two_0_last,2,0+3,1,0.35999999999999988,0.24579802006254381,0.2386134784299177,0.97077054717203182,0.18508093622408139,1.4987494787321862,1.6272532620547013,0.61657797401561587,0.65345896566156936,0.65345896566156936,0.80311843376630931,0.13034214998098992
net_00048,path,4,3,0.5,1.5,0.5,2,2,0.5,4,1,0.0025000000000000001,uncontrolled,0,none,,0,0.14198958446778057,0.11197683137833597,0.78862707992321146,0,1.0561723344227494,1.0433264446820627,0.47499999999999998,0.45694208949765119,0.47499999999999998,0.51166988718878814,0.10161911280581576
net_00049,path,4,3,0.5,1.5,0.5,2,2,0.5,4,1,0.0025000000000000001,single_0,1,0,1,0.35999999999999999,0.14198958446778057,0.10579875510838738,0.74511630909374627,0.18705191474297039,1.0561723344227494,1.1309827168024531,0.47499999999999998,0.45701353573133241,0.47499999999999998,0.56253880943537804,0.057711041452151605
net_00050,path,4,3,0.5,1.5,0.5,2,2,0.5,4,1,0.0025000000000000001,single_middle,1,2,2,0.35999999999999999,0.14198958446778057,0.16936181547714935,1.1927763301228613,0.16831446410068734,1.0561723344227494,1.1576137911355071,0.47499999999999998,0.50496015580545284,0.50496015580545284,0.56205470123472023,0.13824592282136133
net_00051,path,4,3,0.5,1.5,0.5,2,2,0.5,4,1,0.0025000000000000001,two_0_last,2,0+3,1,0.35999999999999988,0.14198958446778057,0.14688892288086083,1.0345049140853848,0.18759534561925989,1.0561723344227494,1.1897513934358797,0.47499999999999998,0.54712533617049319,0.54712533617049319,0.5834257320106504,0.11615295852233362
net_00052,path,4,3,0.5,1.5,0.5,2,3,0.5,4,1,0.0025000000000000001,uncontrolled,0,none,,0,0.72718635850791369,0.34017015471701717,0.46778951603960162,0,1.4658785761446955,1.3066935718004775,0.69999999999999996,0.58520340828842865,0.69999999999999996,0.63028812323619898,0.17204332115360477
net_00053,path,4,3,0.5,1.5,0.5,2,3,0.5,4,1,0.0025000000000000001,single_0,1,0,1,0.35999999999999999,0.72718635850791369,0.39570734847015687,0.54416222724817598,0.18268629007376094,1.4658785761446955,1.4349214954878107,0.69999999999999996,0.70851304577753638,0.70851304577753638,0.67959944067690381,0.22998809705044143
net_00054,path,4,3,0.5,1.5,0.5,2,3,0.5,4,1,0.0025000000000000001,single_middle,1,2,2,0.35999999999999999,0.72718635850791369,0.42223518116915915,0.58064232947868777,0.16634006197955392,1.4658785761446955,1.416669348300569,0.69999999999999996,0.62639558619365909,0.69999999999999996,0.67989234603394411,0.19870684036552327
net_00055,path,4,3,0.5,1.5,0.5,2,3,0.5,4,1,0.0025000000000000001,two_0_last,2,0+3,1,0.35999999999999988,0.72718635850791369,0.35238143841182579,0.4845820253488583,0.18684311677816523,1.4658785761446955,1.4475959614994978,0.69999999999999996,0.67237154152848133,0.69999999999999996,0.7011957900191641,0.17946582124965821
net_00056,path,4,3,0.5,1.5,0.5,2,4,0.5,4,1,0.0025000000000000001,uncontrolled,0,none,,0,0.29742230198782871,0.18878216603169468,0.63472767432019983,0,1.3714751087654729,1.3383329831120736,0.62354134182918197,0.55604624021971027,0.62354134182918197,0.66076613959188324,0.10569721940644952
net_00057,path,4,3,0.5,1.5,0.5,2,4,0.5,4,1,0.0025000000000000001,single_0,1,0,1,0.35999999999999999,0.29742230198782871,0.25673851352223526,0.86321204498222759,0.18324480439497165,1.3714751087654729,1.459994061439865,0.62354134182918197,0.67995523015760706,0.67995523015760706,0.71025884235504178,0.16860617342313999
net_00058,path,4,3,0.5,1.5,0.5,2,4,0.5,4,1,0.0025000000000000001,single_middle,1,2,2,0.35999999999999999,0.29742230198782871,0.14522928217100486,0.48829318178348313,0.17283490398496051,1.3714751087654729,1.4297836900757528,0.62354134182918197,0.55717259879443226,0.62354134182918197,0.71183931074604334,0.065993528305865135
net_00059,path,4,3,0.5,1.5,0.5,2,4,0.5,4,1,0.0025000000000000001,two_0_last,2,0+3,1,0.35999999999999988,0.29742230198782871,0.27124988916802356,0.91200252084365818,0.18693759984941033,1.3714751087654729,1.4970347308674274,0.62354134182918197,0.6436295281439538,0.6436295281439538,0.73168885411420026,0.1578279668527616
net_00060,path,4,3,0.5,1.5,0.5,2,0,1,4,1,0.0025000000000000001,uncontrolled,0,none,,0,0.26345745397739367,0.10463926114143696,0.39717707569745081,0,1.0452272480183435,0.99762343854304925,0.4618033988749895,0.39559850121729268,0.4618033988749895,0.49532428006800666,0.058881141783470294
net_00061,path,4,3,0.5,1.5,0.5,2,0,1,4,1,0.0025000000000000001,single_0,1,0,1,0.35999999999999999,0.26345745397739367,0.16245692524322114,0.61663438551699123,0.17086406599190826,1.0452272480183435,1.1105977513465937,0.4618033988749895,0.49493627499214632,0.49493627499214632,0.54532784315143457,0.10475869800561746
net_00062,path,4,3,0.5,1.5,0.5,2,0,1,4,1,0.0025000000000000001,single_middle,1,2,2,0.35999999999999999,0.26345745397739367,0.098286122925435704,0.37306260058927493,0.14913751361648064,1.0452272480183435,1.097430279732456,0.4618033988749895,0.41910983298498733,0.4618033988749895,0.54640015975357692,0.05035047308297818
net_00063,path,4,3,0.5,1.5,0.5,2,0,1,4,1,0.0025000000000000001,two_0_last,2,0+3,1,0.35999999999999988,0.26345745397739367,0.17454011142514583,0.6624982849797163,0.17425123136424878,1.0452272480183435,1.1521154308576242,0.4618033988749895,0.47869146134381763,0.47869146134381763,0.56667748158212805,0.10353319937488319
net_00064,path,4,3,0.5,1.5,0.5,2,1,1,4,1,0.0025000000000000001,uncontrolled,0,none,,0,0.24579802006254381,0.10981817192516073,0.4467821665008419,0,1.4987494787321862,1.467056891834545,0.61657797401561587,0.54490455089302769,0.61657797401561587,0.73213926078053371,0.045122985202028149
net_00065,path,4,3,0.5,1.5,0.5,2,1,1,4,1,0.0025000000000000001,single_0,1,0,1,0.35999999999999999,0.24579802006254381,0.16211201856828533,0.6595334597367204,0.1709916257525958,1.4987494787321862,1.5763681078351928,0.61657797401561587,0.65896052092545865,0.65896052092545865,0.78230319745085586,0.096103122260121868
net_00066,path,4,3,0.5,1.5,0.5,2,1,1,4,1,0.0025000000000000001,single_middle,1,2,2,0.35999999999999999,0.24579802006254381,0.11211175339978877,0.45611332984399833,0.14907108316989345,1.4987494787321862,1.5682190855295537,0.61657797401561587,0.58236372139282055,0.61657797401561587,0.78300631652582309,0.04157984289833145
net_00067,path,4,3,0.5,1.5,0.5,2,1,1,4,1,0.0025000000000000001,two_0_last,2,0+3,1,0.35999999999999988,0.24579802006254381,0.16996045409612251,0.69146388588840435,0.17260782463146446,1.4987494787321862,1.6159668463549586,0.61657797401561587,0.62578081767271743,0.62578081767271743,0.80301173074446885,0.089495097163868276
net_00068,path,4,3,0.5,1.5,0.5,2,2,1,4,1,0.0025000000000000001,uncontrolled,0,none,,0,0.14198958446778057,0.090777396585571823,0.63932433442799808,0,1.0561723344227494,1.0373167501788418,0.47499999999999998,0.44260525850247767,0.47499999999999998,0.51118155908726814,0.087749209110443094
net_00069,path,4,3,0.5,1.5,0.5,2,2,1,4,1,0.0025000000000000001,single_0,1,0,1,0.35999999999999999,0.14198958446778057,0.081424613043148131,0.57345483014371745,0.17278698341772319,1.0561723344227494,1.1277685289788837,0.47499999999999998,0.44303958546086447,0.47499999999999998,0.56206239922351475,0.045291534726757503
net_00070,path,4,3,0.5,1.5,0.5,2,2,1,4,1,0.0025000000000000001,single_middle,1,2,2,0.35999999999999999,0.14198958446778057,0.13768026579540882,0.96965045930288218,0.14723596850937065,1.0561723344227494,1.148405154407077,0.47499999999999998,0.4854782688737051,0.4854782688737051,0.5616761656617707,0.11928321170507088
net_00071,path,4,3,0.5,1.5,0.5,2,2,1,4,1,0.0025000000000000001,two_0_last,2,0+3,1,0.35999999999999988,0.14198958446778057,0.11864411322729831,0.83558321317730411,0.17447099856527448,1.0561723344227494,1.1824470679319519,0.47499999999999998,0.5248259482633173,0.5248259482633173,0.58293998316643969,0.098621717390889277
net_00072,path,4,3,0.5,1.5,0.5,2,3,1,4,1,0.0025000000000000001,uncontrolled,0,none,,0,0.72718635850791369,0.18765663866067137,0.25805852442792926,0,1.4658785761446955,1.2799973711229209,0.69999999999999996,0.54536196936733372,0.69999999999999996,0.63027085742983124,0.11116188103420305
net_00073,path,4,3,0.5,1.5,0.5,2,3,1,4,1,0.0025000000000000001,single_0,1,0,1,0.35999999999999999,0.72718635850791369,0.23743840093025598,0.32651657742514162,0.169412093202293,1.4658785761446955,1.4014021397658332,0.69999999999999996,0.65814145309463834,0.69999999999999996,0.6798571865260481,0.16963547760993331
net_00074,path,4,3,0.5,1.5,0.5,2,3,1,4,1,0.0025000000000000001,single_middle,1,2,2,0.35999999999999999,0.72718635850791369,0.2365921157936367,0.32535279715517651,0.14625686030153939,1.4658785761446955,1.3807822375209866,0.69999999999999996,0.54931479841942499,0.69999999999999996,0.68030667847725523,0.11757006456836595
net_00075,path,4,3,0.5,1.5,0.5,2,3,1,4,1,0.0025000000000000001,two_0_last,2,0+3,1,0.35999999999999988,0.72718635850791369,0.20192276761705563,0.27767678154933123,0.17382810984804192,1.4658785761446955,1.4227065873134148,0.69999999999999996,0.62533209259705536,0.69999999999999996,0.70138053331089867,0.11869648642131463
net_00076,path,4,3,0.5,1.5,0.5,2,4,1,4,1,0.0025000000000000001,uncontrolled,0,none,,0,0.29742230198782871,0.12891376692214349,0.43343678688701348,0,1.3714751087654729,1.3280069866522459,0.62354134182918197,0.52891989651045335,0.62354134182918197,0.66044919144563274,0.068611257590169644
net_00077,path,4,3,0.5,1.5,0.5,2,4,1,4,1,0.0025000000000000001,single_0,1,0,1,0.35999999999999999,0.29742230198782871,0.18736708854121234,0.62996986873190119,0.16970271384635371,1.3714751087654729,1.4431645059716813,0.62354134182918197,0.64202510001542512,0.64202510001542512,0.71013264289339872,0.12803350077756268
net_00078,path,4,3,0.5,1.5,0.5,2,4,1,4,1,0.0025000000000000001,single_middle,1,2,2,0.35999999999999999,0.29742230198782871,0.1074254246630874,0.36118819585857259,0.15041913523297101,1.3714751087654729,1.4251712190737866,0.62354134182918197,0.5323426638720844,0.62354134182918197,0.71150438907729774,0.039239715121380733
net_00079,path,4,3,0.5,1.5,0.5,2,4,1,4,1,0.0025000000000000001,two_0_last,2,0+3,1,0.35999999999999988,0.29742230198782871,0.19094101513753201,0.6419862056791753,0.17417703362533549,1.3714751087654729,1.4791777614707911,0.62354134182918197,0.60911891114115979,0.62354134182918197,0.73151936459748534,0.10895472328598951
net_00080,path,5,4,0.40000000000000002,1.6000000000000001,0.4898979485566356,2,0,0,4,1,0.0025000000000000001,uncontrolled,0,none,,0,0.22776083947860748,0.22568928846724445,0.99090470944827369,0,1.2062338081814818,1.1995144394163564,0.5,0.50403961995778079,0.50436505289356415,0.50941049306941444,0.16813068614754154
net_00081,path,5,4,0.40000000000000002,1.6000000000000001,0.4898979485566356,2,0,0,4,1,0.0025000000000000001,single_0,1,0,1,0.35999999999999999,0.22776083947860748,0.29758342548146283,1.3065609793267972,0.20503956718539726,1.2062338081814818,1.3251822746622353,0.5,0.62442115719576541,0.62442115719576541,0.54927482967796726,0.22252814136202026
net_00082,path,5,4,0.40000000000000002,1.6000000000000001,0.4898979485566356,2,0,0,4,1,0.0025000000000000001,single_middle,1,2,2,0.35999999999999999,0.22776083947860748,0.21054585149031599,0.92441638330935105,0.20940148757913626,1.2062338081814818,1.2638441440397352,0.5,0.50403961995778079,0.50436505289356415,0.55053584009123058,0.12794800842431725
net_00083,path,5,4,0.40000000000000002,1.6000000000000001,0.4898979485566356,2,0,0,4,1,0.0025000000000000001,two_0_last,2,0+4,1,0.35999999999999988,0.22776083947860748,0.31832199124831723,1.397615112312649,0.20735161451781695,1.2062338081814818,1.3712874734087552,0.5,0.60555427651992799,0.60555427651992799,0.56632188690120278,0.23529850692729612
net_00084,path,5,4,0.40000000000000002,1.6000000000000001,0.4898979485566356,2,1,0,4,1,0.0025000000000000001,uncontrolled,0,none,,0,0.27556759606310743,0.27742541774996538,1.0067418002457462,0,1.6534055763786453,1.6416236680942458,0.5625,0.56369926233119849,0.56551176509344581,0.72102523321916301,0.13823265385100925
net_00085,path,5,4,0.40000000000000002,1.6000000000000001,0.4898979485566356,2,1,0,4,1,0.0025000000000000001,single_0,1,0,1,0.35999999999999999,0.27556759606310743,0.29282808154758122,1.0626361217032245,0.2046897046430555,1.6534055763786453,1.7452164084539734,0.5625,0.68414993349243503,0.68414993349243503,0.76083426415747102,0.17403242499993152
net_00086,path,5,4,0.40000000000000002,1.6000000000000001,0.4898979485566356,2,1,0,4,1,0.0025000000000000001,single_middle,1,2,2,0.35999999999999999,0.27556759606310743,0.15493696083475259,0.56224666124848233,0.21278691203198585,1.6534055763786453,1.7082625782722725,0.5625,0.56369926233119849,0.56551176509344581,0.76183699604979893,0.056891112793697206
net_00087,path,5,4,0.40000000000000002,1.6000000000000001,0.4898979485566356,2,1,0,4,1,0.0025000000000000001,two_0_last,2,0+4,1,0.35999999999999988,0.27556759606310743,0.29157176266365953,1.0580770991553266,0.20479637699742639,1.6534055763786453,1.7815593232730929,0.5625,0.64310501686197541,0.64310501686197541,0.77724308886998617,0.1751682199261585
net_00088,path,5,4,0.40000000000000002,1.6000000000000001,0.4898979485566356,2,2,0,4,1,0.0025000000000000001,uncontrolled,0,none,,0,0.13133925536563698,0.13113671589616868,0.99845789083465986,0,1.3122880781291888,1.306035872129105,0.55000000000000004,0.55081596130058463,0.55263525800958968,0.56480003230907649,0.14881822254439339
net_00089,path,5,4,0.40000000000000002,1.6000000000000001,0.4898979485566356,2,2,0,4,1,0.0025000000000000001,single_0,1,0,1,0.35999999999999999,0.13133925536563698,0.1285709055843467,0.97892214499325858,0.20735877325141694,1.3122880781291888,1.3744766329203923,0.55000000000000004,0.55081596130058463,0.55263525800958968,0.60521511053078803,0.10747963934644533
net_00090,path,5,4,0.40000000000000002,1.6000000000000001,0.4898979485566356,2,2,0,4,1,0.0025000000000000001,single_middle,1,2,2,0.35999999999999999,0.13133925536563698,0.19820971894559394,1.5091430082635648,0.2081383171504794,1.3122880781291888,1.4057129473124312,0.55000000000000004,0.55081596130058463,0.55263525800958968,0.60546347601478456,0.16917374873323301
net_00091,path,5,4,0.40000000000000002,1.6000000000000001,0.4898979485566356,2,2,0,4,1,0.0025000000000000001,two_0_last,2,0+4,1,0.35999999999999988,0.13133925536563698,0.16821349450133233,1.2807556585656032,0.20799515773650107,1.3122880781291888,1.4389832687234796,0.55000000000000004,0.65166519148727498,0.65166519148727498,0.62195044455429982,0.16526407368793355
net_00092,path,5,4,0.40000000000000002,1.6000000000000001,0.4898979485566356,2,3,0,4,1,0.0025000000000000001,uncontrolled,0,none,,0,0.72718635850791369,0.70916937155462667,0.97522370057896113,0,1.7708754896942924,1.7219669240520852,0.69999999999999996,0.6647521021250794,0.69999999999999996,0.69800147405498847,0.3253120958755501
net_00093,path,5,4,0.40000000000000002,1.6000000000000001,0.4898979485566356,2,3,0,4,1,0.0025000000000000001,single_0,1,0,1,0.35999999999999999,0.72718635850791369,0.76136988150271057,1.0470079266406163,0.20194523398211534,1.7708754896942924,1.8386496156808159,0.69999999999999996,0.80188203647191125,0.80188203647191125,0.7371418077512446,0.364346589271629
net_00094,path,5,4,0.40000000000000002,1.6000000000000001,0.4898979485566356,2,3,0,4,1,0.0025000000000000001,single_middle,1,2,2,0.35999999999999999,0.72718635850791369,0.8102141663583271,1.114176795093867,0.20194523398211534,1.7708754896942924,1.8386496156808156,0.69999999999999996,0.80188203647191125,0.80188203647191125,0.7371418077512446,0.364346589271629
net_00095,path,5,4,0.40000000000000002,1.6000000000000001,0.4898979485566356,2,3,0,4,1,0.0025000000000000001,two_0_last,2,0+4,1,0.35999999999999988,0.72718635850791369,0.77926510459648568,1.0716167808695289,0.20207185753703155,1.7708754896942924,1.8804514745253778,0.69999999999999996,0.76166263781406307,0.76166263781406307,0.75328522443708912,0.37387286643148843
net_00096,path,5,4,0.40000000000000002,1.6000000000000001,0.4898979485566356,2,4,0,4,1,0.0025000000000000001,uncontrolled,0,none,,0,0.26394947855810202,0.26299926946188107,0.99640003419816647,0,1.6053781911270097,1.5980799962877767,0.62354134182918197,0.59611823584803569,0.62354134182918197,0.6952181870472387,0.165661121889775
net_00097,path,5,4,0.40000000000000002,1.6000000000000001,0.4898979485566356,2,4,0,4,1,0.0025000000000000001,single_0,1,0,1,0.35999999999999999,0.26394947855810202,0.3279701051839965,1.2425487899261067,0.20308555255666413,1.6053781911270097,1.712383005493882,0.62354134182918197,0.73445842445105713,0.73445842445105713,0.73461150109742956,0.21632626737461486
net_00098,path,5,4,0.40000000000000002,1.6000000000000001,0.4898979485566356,2,4,0,4,1,0.0025000000000000001,single_middle,1,2,2,0.35999999999999999,0.26394947855810202,0.19582150799490575,0.74189011118580572,0.21320153008191833,1.6053781911270097,1.6645652208886126,0.62354134182918197,0.59611823584803569,0.62354134182918197,0.73591474960256043,0.11218269133779912
net_00099,path,5,4,0.40000000000000002,1.6000000000000001,0.4898979485566356,2,4,0,4,1,0.0025000000000000001,two_0_last,2,0+4,1,0.35999999999999988,0.26394947855810202,0.32232427472645353,1.2211589751464567,0.20527810190558229,1.6053781911270097,1.752169049111058,0.62354134182918197,0.69386399212139527,0.69386399212139527,0.75154548087112949,0.22180772194568121
net_00100,path,5,4,0.40000000000000002,1.6000000000000001,0.4898979485566356,2,0,0.25,4,1,0.0025000000000000001,uncontrolled,0,none,,0,0.22776083947860748,0.19073251122391349,0.83742451801872686,0,1.2062338081814818,1.1821506686400642,0.5,0.48135891725158891,0.5,0.50933830690070481,0.14167049727008688
net_00101,path,5,4,0.40000000000000002,1.6000000000000001,0.4898979485566356,2,0,0.25,4,1,0.0025000000000000001,single_0,1,0,1,0.35999999999999999,0.22776083947860748,0.25542743665319395,1.1214721426120537,0.19377146381939384,1.2062338081814818,1.3010485252510418,0.5,0.59462733078596108,0.59462733078596108,0.54921150930707119,0.19212540450505486
net_00102,path,5,4,0.40000000000000002,1.6000000000000001,0.4898979485566356,2,0,0.25,4,1,0.0025000000000000001,single_middle,1,2,2,0.35999999999999999,0.22776083947860748,0.16893455009376254,0.7417190351093248,0.18683702017657103,1.2062338081814818,1.251560759715195,0.5,0.48168942057882719,0.5,0.55031981747508374,0.10212230679908169
net_00103,path,5,4,0.40000000000000002,1.6000000000000001,0.4898979485566356,2,0,0.25,4,1,0.0025000000000000001,two_0_last,2,0+4,1,0.35999999999999988,0.22776083947860748,0.2737953028691032,1.2021175523232102,0.19591176626334947,1.2062338081814818,1.3449656498549623,0.5,0.57701775851208947,0.57701775851208947,0.56626346421204965,0.20281077130301736
net_00104,path,5,4,0.40000000000000002,1.6000000000000001,0.4898979485566356,2,1,0.25,4,1,0.0025000000000000001,uncontrolled,0,none,,0,0.27556759606310743,0.20039104068401672,0.72719377585354916,0,1.6534055763786453,1.6268714452810491,0.5625,0.54427256713299677,0.5625,0.72048454161021813,0.10121346350601627
net_00105,path,5,4,0.40000000000000002,1.6000000000000001,0.4898979485566356,2,1,0.25,4,1,0.0025000000000000001,single_0,1,0,1,0.35999999999999999,0.27556759606310743,0.22695603208484913,0.823594774303123,0.19346701331693494,1.6534055763786453,1.7299299973153324,0.5625,0.67604219702048252,0.67604219702048252,0.76035043191354357,0.14282429699169963
net_00106,path,5,4,0.40000000000000002,1.6000000000000001,0.4898979485566356,2,1,0.25,4,1,0.0025000000000000001,single_middle,1,2,2,0.35999999999999999,0.27556759606310743,0.11216502098665231,0.40703269393461455,0.1894791510767381,1.6534055763786453,1.7039029151085672,0.5625,0.54516895443531077,0.5625,0.76138421662432587,0.030839965928255487
net_00107,path,5,4,0.40000000000000002,1.6000000000000001,0.4898979485566356,2,1,0.25,4,1,0.0025000000000000001,two_0_last,2,0+4,1,0.35999999999999988,0.27556759606310743,0.2296692569712814,0.83344072471672281,0.19356268264909943,1.6534055763786453,1.7665331762503773,0.5625,0.63735957731740855,0.63735957731740855,0.77678895050672492,0.14396811775289162
net_00108,path,5,4,0.40000000000000002,1.6000000000000001,0.4898979485566356,2,2,0.25,4,1,0.0025000000000000001,uncontrolled,0,none,,0,0.13133925536563698,0.12017017857734687,0.91496010269590478,0,1.3122880781291888,1.3010831998910573,0.55000000000000004,0.5409031370212366,0.55000060758099567,0.56437344001660694,0.14158431696897775
net_00109,path,5,4,0.40000000000000002,1.6000000000000001,0.4898979485566356,2,2,0.25,4,1,0.0025000000000000001,single_0,1,0,1,0.35999999999999999,0.13133925536563698,0.11615815054009287,0.88441304328031067,0.1958857240273848,1.3122880781291888,1.3709637897415903,0.55000000000000004,0.540903390401544,0.55000060758099567,0.60484804633992695,0.10033535466274247
net_00110,path,5,4,0.40000000000000002,1.6000000000000001,0.4898979485566356,2,2,0.25,4,1,0.0025000000000000001,single_middle,1,2,2,0.35999999999999999,0.13133925536563698,0.17285288583632216,1.3160793804953048,0.18582240963984517,1.3122880781291888,1.3979325183732136,0.55000000000000004,0.54122745300940689,0.55000060774559734,0.60498760525623108,0.15758509660302772
net_00111,path,5,4,0.40000000000000002,1.6000000000000001,0.4898979485566356,2,2,0.25,4,1,0.0025000000000000001,two_0_last,2,0+4,1,0.35999999999999988,0.13133925536563698,0.15217606434513173,1.1586487522065425,0.19640489793720076,1.3122880781291888,1.432772286334052,0.55000000000000004,0.63581576982168642,0.63581576982168642,0.62155570152396111,0.15567849819560209
net_00112,path,5,4,0.40000000000000002,1.6000000000000001,0.4898979485566356,2,3,0.25,4,1,0.0025000000000000001,uncontrolled,0,none,,0,0.72718635850791369,0.47545651995039934,0.65383036189783683,0,1.7708754896942924,1.6331259738776323,0.69999999999999996,0.61777333876092744,0.69999999999999996,0.69702147073888698,0.21813105840240163
net_00113,path,5,4,0.40000000000000002,1.6000000000000001,0.4898979485566356,2,3,0.25,4,1,0.0025000000000000001,single_0,1,0,1,0.35999999999999999,0.72718635850791369,0.5224649608474462,0.71847464509575287,0.19133167308847199,1.7708754896942924,1.7443020861053802,0.69999999999999996,0.74749664206088628,0.74749664206088628,0.73631875246258338,0.25759007801206385
net_00114,path,5,4,0.40000000000000002,1.6000000000000001,0.4898979485566356,2,3,0.25,4,1,0.0025000000000000001,single_middle,1,2,2,0.35999999999999999,0.72718635850791369,0.55043490447808963,0.75693788536889817,0.18147254578244254,1.7708754896942924,1.734810312307715,0.69999999999999996,0.69919411611099469,0.70140549386673734,0.73645817117996315,0.24401378247980707
net_00115,path,5,4,0.40000000000000002,1.6000000000000001,0.4898979485566356,2,3,0.25,4,1,0.0025000000000000001,two_0_last,2,0+4,1,0.35999999999999988,0.72718635850791369,0.5376093868774936,0.73930070412843563,0.19144093131153225,1.7708754896942924,1.7841439572415996,0.69999999999999996,0.70943440311730999,0.70998631957217817,0.75252472915392254,0.26521776721056695
net_00116,path,5,4,0.40000000000000002,1.6000000000000001,0.4898979485566356,2,4,0.25,4,1,0.0025000000000000001,uncontrolled,0,none,,0,0.26394947855810202,0.21449396150326816,0.81263263968166,0,1.6053781911270097,1.5830000868413863,0.62354134182918197,0.57900788009289239,0.62354134182918197,0.69480538725109064,0.13573256364936603
net_00117,path,5,4,0.40000000000000002,1.6000000000000001,0.4898979485566356,2,4,0.25,4,1,0.0025000000000000001,single_0,1,0,1,0.35999999999999999,0.26394947855810202,0.27474473341526862,1.0408989436771714,0.19212859326471865,1.6053781911270097,1.6919116867869901,0.62354134182918197,0.70474148077846321,0.70474148077846321,0.73430671344184539,0.18250118293182435
net_00118,path,5,4,0.40000000000000002,1.6000000000000001,0.4898979485566356,2,4,0.25,4,1,0.0025000000000000001,single_middle,1,2,2,0.35999999999999999,0.26394947855810202,0.16332204134772185,0.61876250803719812,0.18992208228340943,1.6053781911270097,1.6569923474321273,0.62354134182918197,0.57933873054835139,0.62354134182918197,0.73562998067114282,0.08929310963058941
net_00119,path,5,4,0.40000000000000002,1.6000000000000001,0.4898979485566356,2,4,0.25,4,1,0.0025000000000000001,two_0_last,2,0+4,1,0.35999999999999988,0.26394947855810202,0.27492426977086121,1.0415791357979265,0.19408993981703376,1.6053781911270097,1.7325144470376515,0.62354134182918197,0.67330528657504674,0.67330528657504674,0.7512261297536863,0.18968543384807809
net_00120,path,5,4,0.40000000000000002,1.6000000000000001,0.4898979485566356,2,0,0.5,4,1,0.0025000000000000001,uncontrolled,0,none,,0,0.22776083947860748,0.16158135821616176,0.70943432850904276,0,1.2062338081814818,1.1696825127811474,0.5,0.46244550316072514,0.5,0.50928085285853686,0.11943386895217407
net_00121,path,5,4,0.40000000000000002,1.6000000000000001,0.4898979485566356,2,0,0.5,4,1,0.0025000000000000001,single_0,1,0,1,0.35999999999999999,0.22776083947860748,0.22034372095353544,0.96743461895358573,0.18462138357343116,1.2062338081814818,1.2832627063038997,0.5,0.56967687956251667,0.56967687956251667,0.54916991613300592,0.16662844262774901
net_00122,path,5,4,0.40000000000000002,1.6000000000000001,0.4898979485566356,2,0,0.5,4,1,0.0025000000000000001,single_middle,1,2,2,0.35999999999999999,0.22776083947860748,0.13698098494904579,0.60142465782363685,0.16999514486176329,1.2062338081814818,1.2436086757889817,0.5,0.46358673839172382,0.5,0.55016020084015282,0.081463250064355341
net_00123,path,5,4,0.40000000000000002,1.6000000000000001,0.4898979485566356,2,0,0.5,4,1,0.0025000000000000001,two_0_last,2,0+4,1,0.35999999999999988,0.22776083947860748,0.23666067731143361,1.0390753645499364,0.18664255570059482,1.2062338081814818,1.3254489185698706,0.5,0.55309129407349067,0.55309129407349067,0.56622569132851219,0.17536086686360847
net_00124,path,5,4,0.40000000000000002,1.6000000000000001,0.4898979485566356,2,1,0.5,4,1,0.0025000000000000001,uncontrolled,0,none,,0,0.27556759606310743,0.15259646541405214,0.55375329898768721,0,1.6534055763786453,1.619450626183125,0.5625,0.54191145966124132,0.5625,0.72015020251781992,0.076861901762355717
net_00125,path,5,4,0.40000000000000002,1.6000000000000001,0.4898979485566356,2,1,0.5,4,1,0.0025000000000000001,single_0,1,0,1,0.35999999999999999,0.27556759606310743,0.18587939843253767,0.67453285904475369,0.18437929664560296,1.6534055763786453,1.7211985455620127,0.5625,0.66680410064099005,0.66680410064099005,0.76006776588056213,0.12166296855776786
net_00126,path,5,4,0.40000000000000002,1.6000000000000001,0.4898979485566356,2,1,0.5,4,1,0.0025000000000000001,single_middle,1,2,2,0.35999999999999999,0.27556759606310743,0.09290249239430122,0.33713141066493796,0.17209843050042345,1.6534055763786453,1.7021605296796742,0.5625,0.54303882557242589,0.5625,0.761048004789046,0.016614095415945673
net_00127,path,5,4,0.40000000000000002,1.6000000000000001,0.4898979485566356,2,1,0.5,4,1,0.0025000000000000001,two_0_last,2,0+4,1,0.35999999999999988,0.27556759606310743,0.19075678347564717,0.69223227331838455,0.1844852430347946,1.6534055763786453,1.7576751706415414,0.5625,0.63013902304895175,0.63013902304895175,0.77653223441943731,0.12199217190258735
net_00128,path,5,4,0.40000000000000002,1.6000000000000001,0.4898979485566356,2,2,0.5,4,1,0.0025000000000000001,uncontrolled,0,none,,0,0.13133925536563698,0.11095495964442344,0.84479662485929696,0,1.3122880781291888,1.2968007500082777,0.55000000000000004,0.53216158049685314,0.55000000000000004,0.56405214275105442,0.13484664364510754
net_00129,path,5,4,0.40000000000000002,1.6000000000000001,0.4898979485566356,2,2,0.5,4,1,0.0025000000000000001,single_0,1,0,1,0.35999999999999999,0.13133925536563698,0.10547309807426866,0.80305844418441996,0.18658184068726386,1.3122880781291888,1.3680153081512956,0.55000000000000004,0.53216503261616543,0.55000000000000004,0.60456995650152001,0.093746169857797421
net_00130,path,5,4,0.40000000000000002,1.6000000000000001,0.4898979485566356,2,2,0.5,4,1,0.0025000000000000001,single_middle,1,2,2,0.35999999999999999,0.13133925536563698,0.15337724152983417,1.1677943589892099,0.16916031163063219,1.3122880781291888,1.3918140432301742,0.55000000000000004,0.53328176476842115,0.55000000000000004,0.60463435953972622,0.14780580993496212
net_00131,path,5,4,0.40000000000000002,1.6000000000000001,0.4898979485566356,2,2,0.5,4,1,0.0025000000000000001,two_0_last,2,0+4,1,0.35999999999999988,0.13133925536563698,0.13900832095387666,1.0583912674614278,0.18701597395196806,1.3122880781291888,1.4275712205152025,0.55000000000000004,0.6220025684703564,0.6220025684703564,0.62125866660601492,0.14707000746436832
net_00132,path,5,4,0.40000000000000002,1.6000000000000001,0.4898979485566356,2,3,0.5,4,1,0.0025000000000000001,uncontrolled,0,none,,0,0.72718635850791369,0.32776911391886299,0.45073605972394765,0,1.7708754896942924,1.5940940356025866,0.69999999999999996,0.58525380273617156,0.69999999999999996,0.69703820125213833,0.14954900489114442
net_00133,path,5,4,0.40000000000000002,1.6000000000000001,0.4898979485566356,2,3,0.5,4,1,0.0025000000000000001,single_0,1,0,1,0.35999999999999999,0.72718635850791369,0.37122769576992865,0.51049870700495092,0.18268616793760623,1.7708754896942924,1.7008295926626569,0.69999999999999996,0.70856325739689729,0.70856325739689729,0.73648744046959325,0.19013287639425033
net_00134,path,5,4,0.40000000000000002,1.6000000000000001,0.4898979485566356,2,3,0.5,4,1,0.0025000000000000001,single_middle,1,2,2,0.35999999999999999,0.72718635850791369,0.38241570324740176,0.52588404440378411,0.16603292663697408,1.7708754896942924,1.6881590572339535,0.69999999999999996,0.63546625593111061,0.69999999999999996,0.7367315697906397,0.16493269711620501
net_00135,path,5,4,0.40000000000000002,1.6000000000000001,0.4898979485566356,2,3,0.5,4,1,0.0025000000000000001,two_0_last,2,0+4,1,0.35999999999999988,0.72718635850791369,0.38421148072151418,0.52835353169971899,0.18280125480353571,1.7708754896942924,1.7392108013217664,0.69999999999999996,0.67237403840709442,0.69999999999999996,0.75275601931520186,0.1957784913405739
net_00136,path,5,4,0.40000000000000002,1.6000000000000001,0.4898979485566356,2,4,0.5,4,1,0.0025000000000000001,uncontrolled,0,none,,0,0.26394947855810202,0.17867462658603234,0.67692737095785349,0,1.6053781911270097,1.5731727323408675,0.62354134182918197,0.57177394051696895,0.62354134182918197,0.69452844297534555,0.11227079341666872
net_00137,path,5,4,0.40000000000000002,1.6000000000000001,0.4898979485566356,2,4,0.5,4,1,0.0025000000000000001,single_0,1,0,1,0.35999999999999999,0.26394947855810202,0.23364044309329873,0.88517107277356677,0.18324478013288448,1.6053781911270097,1.6778973780160424,0.62354134182918197,0.67996174717121949,0.67996174717121949,0.73412269344176828,0.15534411222967431
net_00138,path,5,4,0.40000000000000002,1.6000000000000001,0.4898979485566356,2,4,0.5,4,1,0.0025000000000000001,single_middle,1,2,2,0.35999999999999999,0.26394947855810202,0.13882210527914646,0.52594195691350143,0.17255620278445269,1.6053781911270097,1.6521393330964105,0.62354134182918197,0.57291620273019761,0.62354134182918197,0.73539320849218937,0.071482194261325391
net_00139,path,5,4,0.40000000000000002,1.6000000000000001,0.4898979485566356,2,4,0.5,4,1,0.0025000000000000001,two_0_last,2,0+4,1,0.35999999999999988,0.26394947855810202,0.23747928776911054,0.89971493433670591,0.18504360111456758,1.6053781911270097,1.7186043888777407,0.62354134182918197,0.66114699697925106,0.66114699697925106,0.75103112637212521,0.16331704232621744
net_00140,path,5,4,0.40000000000000002,1.6000000000000001,0.4898979485566356,2,0,1,4,1,0.0025000000000000001,uncontrolled,0,none,,0,0.22776083947860748,0.11695670560120396,0.51350664964592896,0,1.2062338081814818,1.1543235072237716,0.5,0.4333675757609467,0.5,0.50918330312239002,0.084999504041199964
net_00141,path,5,4,0.40000000000000002,1.6000000000000001,0.4898979485566356,2,0,1,4,1,0.0025000000000000001,single_0,1,0,1,0.35999999999999999,0.22776083947860748,0.16642741724419716,0.73071129183218919,0.17065966952560177,1.2062338081814818,1.2603827026912309,0.5,0.53094938803376224,0.53094938803376224,0.54911114433492814,0.1272393909755774
net_00142,path,5,4,0.40000000000000002,1.6000000000000001,0.4898979485566356,2,0,1,4,1,0.0025000000000000001,single_middle,1,2,2,0.35999999999999999,0.22776083947860748,0.093136935444789709,0.40892427187219615,0.14714140981206561,1.2062338081814818,1.2350442132853598,0.5,0.43683222836405905,0.5,0.54992864992179857,0.051432691443463206
net_00143,path,5,4,0.40000000000000002,1.6000000000000001,0.4898979485566356,2,0,1,4,1,0.0025000000000000001,two_0_last,2,0+4,1,0.35999999999999988,0.22776083947860748,0.17924198837970598,0.78697456854316405,0.17267762094715203,1.2062338081814818,1.3001208543872034,0.5,0.51590871427233498,0.51590871427233498,0.56617035691660755,0.1323403723412605
net_00144,path,5,4,0.40000000000000002,1.6000000000000001,0.4898979485566356,2,1,1,4,1,0.0025000000000000001,uncontrolled,0,none,,0,0.27556759606310743,0.10251207682747489,0.37200337881526069,0,1.6534055763786453,1.6129905255831176,0.5625,0.53465846602358424,0.5625,0.71972463872336334,0.048416232182030602
net_00145,path,5,4,0.40000000000000002,1.6000000000000001,0.4898979485566356,2,1,1,4,1,0.0025000000000000001,single_0,1,0,1,0.35999999999999999,0.27556759606310743,0.13918500625361094,0.50508480765545571,0.17055434011349455,1.6534055763786453,1.7119521886341711,0.5625,0.64844876484273273,0.64844876484273273,0.75973209734727443,0.094674175434367333
net_00146,path,5,4,0.40000000000000002,1.6000000000000001,0.4898979485566356,2,1,1,4,1,0.0025000000000000001,single_middle,1,2,2,0.35999999999999999,0.27556759606310743,0.079243603856080688,0.28756502937280476,0.14855011265107437,1.6534055763786453,1.7008468524029725,0.5625,0.54343924664586729,0.5625,0.7605594116288581,0.011197519751482442
net_00147,path,5,4,0.40000000000000002,1.6000000000000001,0.4898979485566356,2,1,1,4,1,0.0025000000000000001,two_0_last,2,0+4,1,0.35999999999999988,0.27556759606310743,0.14485325402255997,0.52565416286966948,0.170857132819943,1.6534055763786453,1.7479315610688473,0.5625,0.6150638013574643,0.6150638013574643,0.77624034261918862,0.092216478606375385
net_00148,path,5,4,0.40000000000000002,1.6000000000000001,0.4898979485566356,2,2,1,4,1,0.0025000000000000001,uncontrolled,0,none,,0,0.13133925536563698,0.096109044030672955,0.73176175518213349,0,1.3122880781291888,1.2897323731534716,0.55000000000000004,0.51728523873310439,0.55000000000000004,0.56362667100507013,0.12250263100750004
net_00149,path,5,4,0.40000000000000002,1.6000000000000001,0.4898979485566356,2,2,1,4,1,0.0025000000000000001,single_0,1,0,1,0.35999999999999999,0.13133925536563698,0.087925493249310968,0.66945326440700537,0.17239870643266814,1.3122880781291888,1.3633857276836392,0.55000000000000004,0.51732576869112712,0.55000000000000004,0.60419660852555279,0.081918170978782831
net_00150,path,5,4,0.40000000000000002,1.6000000000000001,0.4898979485566356,2,2,1,4,1,0.0025000000000000001,single_middle,1,2,2,0.35999999999999999,0.13133925536563698,0.12556620436190402,0.95604474086851421,0.14654003368421864,1.3122880781291888,1.3826633113872753,0.55000000000000004,0.52068811612110588,0.55000000000000004,0.60417118371792433,0.13163869984228577
net_00151,path,5,4,0.40000000000000002,1.6000000000000001,0.4898979485566356,2,2,1,4,1,0.0025000000000000001,two_0_last,2,0+4,1,0.35999999999999988,0.13133925536563698,0.11841288836160481,0.90158032365840435,0.17287796924065596,1.3122880781291888,1.4193060880145769,0.55000000000000004,0.59895409786373777,0.59895409786373777,0.62086400484012216,0.13196151631795267
net_00152,path,5,4,0.40000000000000002,1.6000000000000001,0.4898979485566356,2,3,1,4,1,0.0025000000000000001,uncontrolled,0,none,,0,0.72718635850791369,0.17359845060690973,0.23872622000653293,0,1.7708754896942924,1.5689625827659777,0.69999999999999996,0.54589254811853816,0.69999999999999996,0.69731272015841728,0.077997996956374077
net_00153,path,5,4,0.40000000000000002,1.6000000000000001,0.4898979485566356,2,3,1,4,1,0.0025000000000000001,single_0,1,0,1,0.35999999999999999,0.72718635850791369,0.21223550414135217,0.2918584784467495,0.16941030164814233,1.7708754896942924,1.669816058031661,0.69999999999999996,0.65867005556013591,0.69999999999999996,0.73698124973279833,0.12048141381292685
net_00154,path,5,4,0.40000000000000002,1.6000000000000001,0.4898979485566356,2,3,1,4,1,0.0025000000000000001,single_middle,1,2,2,0.35999999999999999,0.72718635850791369,0.20054119520337887,0.27577689385546478,0.14479361281370512,1.7708754896942924,1.658065146504407,0.69999999999999996,0.57248559312511405,0.69999999999999996,0.73730338752518709,0.078865206234559476
net_00155,path,5,4,0.40000000000000002,1.6000000000000001,0.4898979485566356,2,3,1,4,1,0.0025000000000000001,two_0_last,2,0+4,1,0.35999999999999988,0.72718635850791369,0.22177797796878501,0.30498093834411705,0.16971484730999042,1.7708754896942924,1.7064337005981802,0.69999999999999996,0.62558420873249376,0.69999999999999996,0.75334332968701057,0.12188938642690668
net_00156,path,5,4,0.40000000000000002,1.6000000000000001,0.4898979485566356,2,4,1,4,1,0.0025000000000000001,uncontrolled,0,none,,0,0.26394947855810202,0.13003699754126294,0.49265866427024774,0,1.6053781911270097,1.5620414123912634,0.62354134182918197,0.55677912706526778,0.62354134182918197,0.69415026966026172,0.07842243260473665
net_00157,path,5,4,0.40000000000000002,1.6000000000000001,0.4898979485566356,2,4,1,4,1,0.0025000000000000001,single_0,1,0,1,0.35999999999999999,0.26394947855810202,0.17480761788010085,0.66227680704291003,0.16970204864254282,1.6053781911270097,1.6611176782070529,0.62354134182918197,0.6421098538054949,0.6421098538054949,0.73389767501993775,0.11513726925165468
net_00158,path,5,4,0.40000000000000002,1.6000000000000001,0.4898979485566356,2,4,1,4,1,0.0025000000000000001,single_middle,1,2,2,0.35999999999999999,0.26394947855810202,0.1051301236089999,0.39829638680592455,0.14901072493589876,1.6053781911270097,1.6468397268380339,0.62354134182918197,0.56024603020942521,0.62354134182918197,0.73500743899169296,0.046693487825037544
net_00159,path,5,4,0.40000000000000002,1.6000000000000001,0.4898979485566356,2,4,1,4,1,0.0025000000000000001,two_0_last,2,0+4,1,0.35999999999999988,0.26394947855810202,0.18195183454550803,0.68934341351788575,0.17144828819321373,1.6053781911270097,1.7012232739342159,0.62354134182918197,0.6382195246020731,0.6382195246020731,0.75079296739663837,0.12305301972256052
net_00160,path,6,5,0.33333333333333331,1.6666666666666667,0.47140452079103168,2,0,0,4,1,0.0025000000000000001,uncontrolled,0,none,,0,0.19760029075665447,0.19569852997615225,0.99037571871367214,0,1.3481468762712765,1.340211678540816,0.52469796037174676,0.52725699036299389,0.52815942134698879,0.51860430772386801,0.174386914340248
net_00161,path,6,5,0.33333333333333331,1.6666666666666667,0.47140452079103168,2,0,0,4,1,0.0025000000000000001,single_0,1,0,1,0.35999999999999999,0.19760029075665447,0.25515585445506866,1.291272667049332,0.20500619838890427,1.3481468762712765,1.458453805738936,0.52469796037174676,0.64859205438244116,0.64859205438244116,0.55183317105052365,0.22359502508043672
net_00162,path,6,5,0.33333333333333331,1.6666666666666667,0.47140452079103168,2,0,0,4,1,0.0025000000000000001,single_middle,1,3,2,0.35999999999999999,0.19760029075665447,0.20051677589963859,1.0147595184795339,0.21044443760210613,1.3481468762712765,1.4027577304835122,0.52469796037174676,0.52725699036299389,0.52815942134698879,0.55291070661336938,0.14914632273100167
net_00163,path,6,5,0.33333333333333331,1.6666666666666667,0.47140452079103168,2,0,0,4,1,0.0025000000000000001,two_0_last,2,0+5,1,0.35999999999999988,0.19760029075665447,0.27128098963100622,1.3728774820735958,0.20709985584594953,1.3481468762712765,1.5021653788622336,0.52469796037174676,0.62844761243121294,0.62844761243121294,0.56599814841523466,0.23607110560008313
net_00164,path,6,5,0.33333333333333331,1.6666666666666667,0.47140452079103168,2,1,0,4,1,0.0025000000000000001,uncontrolled,0,none,,0,0.27112105947999393,0.26962738971245592,0.99449076449316465,0,1.794784109579757,1.7811526419844874,0.63266955188292329,0.62539295967468944,0.63321705629305336,0.71256334660661069,0.14492848609172995
net_00165,path,6,5,0.33333333333333331,1.6666666666666667,0.47140452079103168,2,1,0,4,1,0.0025000000000000001,single_0,1,0,1,0.35999999999999999,0.27112105947999393,0.25888755425259535,0.95487807088515275,0.20472873731899882,1.794784109579757,1.869886778383514,0.63266955188292329,0.63647343268136736,0.63647343268136736,0.74571383796212787,0.16326961097330089
net_00166,path,6,5,0.33333333333333331,1.6666666666666667,0.47140452079103168,2,1,0,4,1,0.0025000000000000001,single_middle,1,3,2,0.35999999999999999,0.27112105947999393,0.24658227513107328,0.90949141171111658,0.21191853644082859,1.794784109579757,1.8528167400666056,0.63266955188292329,0.62539295967468944,0.63321705629305336,0.74667448004522419,0.12096362908343485
net_00167,path,6,5,0.33333333333333331,1.6666666666666667,0.47140452079103168,2,1,0,4,1,0.0025000000000000001,two_0_last,2,0+5,1,0.35999999999999988,0.27112105947999393,0.24733500117897508,0.91226775837096485,0.20482694585650982,1.794784109579757,1.9009065804902896,0.63266955188292329,0.62539295967468944,0.63321705629305336,0.75936368813547273,0.16002424951604566
net_00168,path,6,5,0.33333333333333331,1.6666666666666667,0.47140452079103168,2,2,0,4,1,0.0025000000000000001,uncontrolled,0,none,,0,0.12454024935203373,0.12408672136870466,0.99635838224438511,0,1.5827033834550301,1.5730810897380987,0.625,0.6245106429282693,0.62795810484874648,0.616684683690775,0.17925034648913801
net_00169,path,6,5,0.33333333333333331,1.6666666666666667,0.47140452079103168,2,2,0,4,1,0.0025000000000000001,single_0,1,0,1,0.35999999999999999,0.12454024935203373,0.12259339780559625,0.98436769191834217,0.20713377632378485,1.5827033834550301,1.6302235261486964,0.625,0.6245106429282693,0.62795810484874648,0.65027287513037579,0.14171560277938003
net_00170,path,6,5,0.33333333333333331,1.6666666666666667,0.47140452079103168,2,2,0,4,1,0.0025000000000000001,single_middle,1,3,2,0.35999999999999999,0.12454024935203373,0.1773682414288599,1.42418408788872,0.20588509221657733,1.5827033834550301,1.667529738490418,0.625,0.6245106429282693,0.62795810484874648,0.6501014795166884,0.20201642950149651
net_00171,path,6,5,0.33333333333333331,1.6666666666666667,0.47140452079103168,2,2,0,4,1,0.0025000000000000001,two_0_last,2,0+5,1,0.35999999999999988,0.12454024935203373,0.15587279097157708,1.2515856663413023,0.20755706994120388,1.5827033834550301,1.6935969141165543,0.625,0.72478330965031046,0.72478330965031046,0.66414996176290286,0.19222360124220089
net_00172,path,6,5,0.33333333333333331,1.6666666666666667,0.47140452079103168,2,3,0,4,1,0.0025000000000000001,uncontrolled,0,none,,0,0.72718635850791369,0.70916937155462667,0.97522370057896113,0,1.7953272682160208,1.7478319593561666,0.69999999999999996,0.6647521021250794,0.69999999999999996,0.63159742055078372,0.33202026752102409
net_00173,path,6,5,0.33333333333333331,1.6666666666666667,0.47140452079103168,2,3,0,4,1,0.0025000000000000001,single_0,1,0,1,0.35999999999999999,0.72718635850791369,0.75122001882124922,1.033050207876079,0.20194523398211534,1.7953272682160208,1.8628952949268589,0.69999999999999996,0.80188203647191125,0.80188203647191125,0.66421436529766387,0.37042645276625791
net_00174,path,6,5,0.33333333333333331,1.6666666666666667,0.47140452079103168,2,3,0,4,1,0.0025000000000000001,single_middle,1,3,2,0.35999999999999999,0.72718635850791369,0.6421276413154523,0.88303037289232134,0.21255638575658276,1.7953272682160208,1.7939367866150497,0.69999999999999996,0.6647521021250794,0.69999999999999996,0.66550621611039318,0.30572810695160962
net_00175,path,6,5,0.33333333333333331,1.6666666666666667,0.47140452079103168,2,3,0,4,1,0.0025000000000000001,two_0_last,2,0+5,1,0.35999999999999988,0.72718635850791369,0.71469689520990132,0.9828249483067325,0.20740509843973368,1.7953272682160208,1.8565010816933907,0.69999999999999996,0.76166263781406307,0.76166263781406307,0.67848218227062429,0.33777898009805113
net_00176,path,6,5,0.33333333333333331,1.6666666666666667,0.47140452079103168,2,4,0,4,1,0.0025000000000000001,uncontrolled,0,none,,0,0.29249599720809255,0.29067532069133967,0.9937753797175638,0,1.6728138847866318,1.6633772000392613,0.62354134182918197,0.59611823584803569,0.62354134182918197,0.65626186672243636,0.17452119418872544
net_00177,path,6,5,0.33333333333333331,1.6666666666666667,0.47140452079103168,2,4,0,4,1,0.0025000000000000001,single_0,1,0,1,0.35999999999999999,0.29249599720809255,0.33942416146253945,1.1604403639789316,0.20308555255666413,1.6728138847866318,1.7734766963734179,0.62354134182918197,0.73445842445105713,0.73445842445105713,0.68908962843092869,0.22216829075917516
net_00178,path,6,5,0.33333333333333331,1.6666666666666667,0.47140452079103168,2,4,0,4,1,0.0025000000000000001,single_middle,1,3,2,0.35999999999999999,0.29249599720809255,0.35612581828018175,1.2175408268128216,0.21097485475748654,1.6728138847866318,1.7679589044020281,0.62354134182918197,0.69384370410615515,0.69384370410615515,0.69025147497780737,0.2109486886267955
net_00179,path,6,5,0.33333333333333331,1.6666666666666667,0.47140452079103168,2,4,0,4,1,0.0025000000000000001,two_0_last,2,0+5,1,0.35999999999999988,0.29249599720809255,0.29584395472112524,1.0114461652295734,0.20450952146309101,1.6728138847866318,1.7819002619978497,0.62354134182918197,0.69386399212139527,0.69386399212139527,0.7028301010209046,0.18768219516942067
net_00180,path,6,5,0.33333333333333331,1.6666666666666667,0.47140452079103168,2,0,0.25,4,1,0.0025000000000000001,uncontrolled,0,none,,0,0.19760029075665447,0.17298717138386405,0.87543986257033612,0,1.3481468762712765,1.3249904689512377,0.52469796037174676,0.50796369911870298,0.52469796037174676,0.51853606464891933,0.15401398246159947
net_00181,path,6,5,0.33333333333333331,1.6666666666666667,0.47140452079103168,2,0,0.25,4,1,0.0025000000000000001,single_0,1,0,1,0.35999999999999999,0.19760029075665447,0.22661645632072663,1.1468427270676727,0.19371500568088953,1.3481468762712765,1.4375956098225668,0.52469796037174676,0.62166218173010479,0.62166218173010479,0.55176287919945932,0.20001145309133955
net_00182,path,6,5,0.33333333333333331,1.6666666666666667,0.47140452079103168,2,0,0.25,4,1,0.0025000000000000001,single_middle,1,3,2,0.35999999999999999,0.19760029075665447,0.16990231963891456,0.85982828764229868,0.18772145746769209,1.3481468762712765,1.3898718312639826,0.52469796037174676,0.5082944290302337,0.52469796037174676,0.55276615753078395,0.12808926436474663
net_00183,path,6,5,0.33333333333333331,1.6666666666666667,0.47140452079103168,2,0,0.25,4,1,0.0025000000000000001,two_0_last,2,0+5,1,0.35999999999999988,0.19760029075665447,0.24127657880611816,1.2210335211664805,0.19566750758785942,1.3481468762712765,1.4796068366200297,0.52469796037174676,0.60331678291480573,0.60331678291480573,0.56593693251355615,0.21115899281331837
net_00184,path,6,5,0.33333333333333331,1.6666666666666667,0.47140452079103168,2,1,0.25,4,1,0.0025000000000000001,uncontrolled,0,none,,0,0.27112105947999393,0.19849396976058278,0.73212302335086477,0,1.794784109579757,1.7642544037232906,0.63266955188292329,0.58620855621728085,0.63266955188292329,0.71222901426797647,0.10721674967577124
net_00185,path,6,5,0.33333333333333331,1.6666666666666667,0.47140452079103168,2,1,0.25,4,1,0.0025000000000000001,single_0,1,0,1,0.35999999999999999,0.27112105947999393,0.19968579292292366,0.73651893108531652,0.19340940208149224,1.794784109579757,1.8550455513215141,0.63266955188292329,0.64042126448695891,0.64042126448695891,0.74540723747966842,0.13379231377730891
net_00186,path,6,5,0.33333333333333331,1.6666666666666667,0.47140452079103168,2,1,0.25,4,1,0.0025000000000000001,single_middle,1,3,2,0.35999999999999999,0.27112105947999393,0.18159944445624177,0.66980943791141401,0.18886381216254833,1.794784109579757,1.8400972260368584,0.63266955188292329,0.59394172121011846,0.63266955188292329,0.74630731693700947,0.085741990283091069
net_00187,path,6,5,0.33333333333333331,1.6666666666666667,0.47140452079103168,2,1,0.25,4,1,0.0025000000000000001,two_0_last,2,0+5,1,0.35999999999999988,0.27112105947999393,0.19314594510288743,0.71239742671903994,0.19349696658496446,1.794784109579757,1.8873125676002307,0.63266955188292329,0.60169039882076114,0.63266955188292329,0.75907713242788366,0.13213640046819183
net_00188,path,6,5,0.33333333333333331,1.6666666666666667,0.47140452079103168,2,2,0.25,4,1,0.0025000000000000001,uncontrolled,0,none,,0,0.12454024935203373,0.11627581391988377,0.9336404457583094,0,1.5827033834550301,1.5681565873645353,0.625,0.61472477267614245,0.62514951124630525,0.61637953829533543,0.17299935988309312
net_00189,path,6,5,0.33333333333333331,1.6666666666666667,0.47140452079103168,2,2,0.25,4,1,0.0025000000000000001,single_0,1,0,1,0.35999999999999999,0.12454024935203373,0.11315249263022088,0.90856163544667834,0.19565694173192835,1.5827033834550301,1.6264410371060538,0.625,0.61472477788346247,0.62514951124631379,0.65001887776948164,0.13550104454851841
net_00190,path,6,5,0.33333333333333331,1.6666666666666667,0.47140452079103168,2,2,0.25,4,1,0.0025000000000000001,single_middle,1,3,2,0.35999999999999999,0.12454024935203373,0.15801423173434792,1.2687804348913292,0.18400862597496942,1.5827033834550301,1.6606375075565738,0.625,0.61504655495451843,0.62514998417224454,0.64982673467191676,0.19324777745057264
net_00191,path,6,5,0.33333333333333331,1.6666666666666667,0.47140452079103168,2,2,0.25,4,1,0.0025000000000000001,two_0_last,2,0+5,1,0.35999999999999988,0.12454024935203373,0.14320802550340769,1.1498935183484851,0.19600324311123268,1.5827033834550301,1.6875766332145439,0.625,0.70911637549481832,0.70911637549481832,0.66388003802761231,0.18416236659646784
net_00192,path,6,5,0.33333333333333331,1.6666666666666667,0.47140452079103168,2,3,0.25,4,1,0.0025000000000000001,uncontrolled,0,none,,0,0.72718635850791369,0.47036085052015347,0.64682298425574047,0,1.7953272682160208,1.6387509159942086,0.69999999999999996,0.61777324192905336,0.69999999999999996,0.63043258597698515,0.22391705752431579
net_00193,path,6,5,0.33333333333333331,1.6666666666666667,0.47140452079103168,2,3,0.25,4,1,0.0025000000000000001,single_0,1,0,1,0.35999999999999999,0.72718635850791369,0.50869447920313737,0.69953798397278577,0.19133167324417336,1.7953272682160208,1.7495694880764809,0.69999999999999996,0.74749654552361411,0.74749654552361411,0.66318031944633737,0.26524974929379358
net_00194,path,6,5,0.33333333333333331,1.6666666666666667,0.47140452079103168,2,3,0.25,4,1,0.0025000000000000001,single_middle,1,3,2,0.35999999999999999,0.72718635850791369,0.42764751863766454,0.58808517738855604,0.18892255007793574,1.7953272682160208,1.7061872411650536,0.69999999999999996,0.61778320564943034,0.69999999999999996,0.66452353971992428,0.2087764725182697
net_00195,path,6,5,0.33333333333333331,1.6666666666666667,0.47140452079103168,2,3,0.25,4,1,0.0025000000000000001,two_0_last,2,0+5,1,0.35999999999999988,0.72718635850791369,0.47708039530918478,0.65606345571180413,0.19591247375370999,1.7953272682160208,1.7536234221029725,0.69999999999999996,0.70943413308782333,0.70998621469026924,0.67757488076081651,0.23113805121612585
net_00196,path,6,5,0.33333333333333331,1.6666666666666667,0.47140452079103168,2,4,0.25,4,1,0.0025000000000000001,uncontrolled,0,none,,0,0.29249599720809255,0.23062460353856848,0.78847097307281622,0,1.6728138847866318,1.6404881296916485,0.62354134182918197,0.57417364694810968,0.62354134182918197,0.65564610688654135,0.13660795414026583
net_00197,path,6,5,0.33333333333333331,1.6666666666666667,0.47140452079103168,2,4,0.25,4,1,0.0025000000000000001,single_0,1,0,1,0.35999999999999999,0.29249599720809255,0.27707506250614128,0.94727813423381568,0.19212859334233143,1.6728138847866318,1.7458169709221891,0.62354134182918197,0.704741426460881,0.704741426460881,0.68856387798714591,0.18400888182718511
net_00198,path,6,5,0.33333333333333331,1.6666666666666667,0.47140452079103168,2,4,0.25,4,1,0.0025000000000000001,single_middle,1,3,2,0.35999999999999999,0.29249599720809255,0.28592055638578578,0.9775195527970636,0.18829357219968265,1.6728138847866318,1.7385993393900239,0.62354134182918197,0.6547981862033927,0.6547981862033927,0.68959576000636291,0.16806436743844466
net_00199,path,6,5,0.33333333333333331,1.6666666666666667,0.47140452079103168,2,4,0.25,4,1,0.0025000000000000001,two_0_last,2,0+5,1,0.35999999999999988,0.29249599720809255,0.24010808318924964,0.8208935694201237,0.193305949846972,1.6728138847866318,1.7604310044300127,0.62354134182918197,0.66641810304576998,0.66641810304576998,0.70234590074583236,0.15241321880095973
net_00200,path,6,5,0.33333333333333331,1.6666666666666667,0.47140452079103168,2,0,0.5,4,1,0.0025000000000000001,uncontrolled,0,none,,0,0.19760029075665447,0.15315230976910502,0.77506115594593272,0,1.3481468762712765,1.3130260513303915,0.52469796037174676,0.49122583033891321,0.52469796037174676,0.51848272167740228,0.13607070184542597
net_00201,path,6,5,0.33333333333333331,1.6666666666666667,0.47140452079103168,2,0,0.5,4,1,0.0025000000000000001,single_0,1,0,1,0.35999999999999999,0.19760029075665447,0.20210919100017954,1.0228182874947174,0.18454542073774405,1.3481468762712765,1.4210471194719529,0.52469796037174676,0.59845978930191157,0.59845978930191157,0.55171269516114663,0.17937555005614961
net_00202,path,6,5,0.33333333333333331,1.6666666666666667,0.47140452079103168,2,0,0.5,4,1,0.0025000000000000001,single_middle,1,3,2,0.35999999999999999,0.19760029075665447,0.14530676192595773,0.73535702487858978,0.17076139414604907,1.3481468762712765,1.3804310544827711,0.52469796037174676,0.49236788709473989,0.52469796037174676,0.55265289072686852,0.11033176515086296
net_00203,path,6,5,0.33333333333333331,1.6666666666666667,0.47140452079103168,2,0,0.5,4,1,0.0025000000000000001,two_0_last,2,0+5,1,0.35999999999999988,0.19760029075665447,0.21551933970802326,1.0906833126750617,0.18638868744023959,1.3481468762712765,1.4616405335462623,0.52469796037174676,0.58158341065427344,0.58158341065427344,0.56589405074169574,0.18928663860062131
net_00204,path,6,5,0.33333333333333331,1.6666666666666667,0.47140452079103168,2,1,0.5,4,1,0.0025000000000000001,uncontrolled,0,none,,0,0.27112105947999393,0.15116204435828171,0.55754445873075376,0,1.794784109579757,1.7553636716721948,0.63266955188292329,0.55926656288890741,0.63266955188292329,0.71196887779511975,0.08155113133635411
net_00205,path,6,5,0.33333333333333331,1.6666666666666667,0.47140452079103168,2,1,0.5,4,1,0.0025000000000000001,single_0,1,0,1,0.35999999999999999,0.27112105947999393,0.16184693736275332,0.59695450317719057,0.18424315568530422,1.794784109579757,1.8466385947832022,0.63266955188292329,0.64038875429465847,0.64038875429465847,0.74517504671732893,0.11427962653205767
net_00206,path,6,5,0.33333333333333331,1.6666666666666667,0.47140452079103168,2,1,0.5,4,1,0.0025000000000000001,single_middle,1,3,2,0.35999999999999999,0.27112105947999393,0.13950026723953748,0.51453128542318649,0.17166309671050167,1.794784109579757,1.8337204907037623,0.63266955188292329,0.57256239914821183,0.63266955188292329,0.74601633190987304,0.062301194704003492
net_00207,path,6,5,0.33333333333333331,1.6666666666666667,0.47140452079103168,2,1,0.5,4,1,0.0025000000000000001,two_0_last,2,0+5,1,0.35999999999999988,0.27112105947999393,0.15917129320871079,0.58708568605477907,0.18432319349257789,1.794784109579757,1.8794501125212795,0.63266955188292329,0.60370505027564692,0.63266955188292329,0.75886263186505831,0.11335619466183534
net_00208,path,6,5,0.33333333333333331,1.6666666666666667,0.47140452079103168,2,2,0.5,4,1,0.0025000000000000001,uncontrolled,0,none,,0,0.12454024935203373,0.10962595101751685,0.88024515438090112,0,1.5827033834550301,1.5637430152131322,0.625,0.60603168729233381,0.625,0.61613743153988298,0.16710286769954666
net_00209,path,6,5,0.33333333333333331,1.6666666666666667,0.47140452079103168,2,2,0.5,4,1,0.0025000000000000001,single_0,1,0,1,0.35999999999999999,0.12454024935203373,0.10512126718625531,0.84407464842239521,0.18635037186859055,1.5827033834550301,1.6231174018234071,0.625,0.60603182743837636,0.625,0.64981511074976483,0.12971252262188168
net_00210,path,6,5,0.33333333333333331,1.6666666666666667,0.47140452079103168,2,2,0.5,4,1,0.0025000000000000001,single_middle,1,3,2,0.35999999999999999,0.12454024935203373,0.14365379489040145,1.1534728382014083,0.16767119598892477,1.5827033834550301,1.6549153580493441,0.625,0.60714322446331159,0.625,0.64960966317416347,0.18564686700475563
net_00211,path,6,5,0.33333333333333331,1.6666666666666667,0.47140452079103168,2,2,0.5,4,1,0.0025000000000000001,two_0_last,2,0+5,1,0.35999999999999988,0.12454024935203373,0.13284838971728818,1.0667104844295767,0.18662534292145849,1.5827033834550301,1.6823670165373157,0.625,0.69539524446582723,0.69539524446582723,0.66366390309835888,0.176852160800192
net_00212,path,6,5,0.33333333333333331,1.6666666666666667,0.47140452079103168,2,3,0.5,4,1,0.0025000000000000001,uncontrolled,0,none,,0,0.72718635850791369,0.32086854735212206,0.44124665376080507,0,1.7953272682160208,1.59136365026633,0.69999999999999996,0.58525132126268775,0.69999999999999996,0.63026474314156955,0.15760519698766579
net_00213,path,6,5,0.33333333333333331,1.6666666666666667,0.47140452079103168,2,3,0.5,4,1,0.0025000000000000001,single_0,1,0,1,0.35999999999999999,0.72718635850791369,0.35676431659630969,0.49060919862185115,0.18268617229263245,1.7953272682160208,1.6982676230918541,0.69999999999999996,0.70856078355587759,0.70856078355587759,0.66313910116382713,0.20231663084047369
net_00214,path,6,5,0.33333333333333331,1.6666666666666667,0.47140452079103168,2,3,0.5,4,1,0.0025000000000000001,single_middle,1,3,2,0.35999999999999999,0.72718635850791369,0.2971342357863212,0.40860809929933195,0.17132390411096191,1.7953272682160208,1.6686059248228948,0.69999999999999996,0.58531879891211314,0.69999999999999996,0.66428618017838559,0.15088017171369383
net_00215,path,6,5,0.33333333333333331,1.6666666666666667,0.47140452079103168,2,3,0.5,4,1,0.0025000000000000001,two_0_last,2,0+5,1,0.35999999999999988,0.72718635850791369,0.32893438111440393,0.45233849241799862,0.18656980069903781,1.7953272682160208,1.708924486563461,0.69999999999999996,0.67236924724034319,0.69999999999999996,0.67753613644960087,0.16637888668431658
net_00216,path,6,5,0.33333333333333331,1.6666666666666667,0.47140452079103168,2,4,0.5,4,1,0.0025000000000000001,uncontrolled,0,none,,0,0.29249599720809255,0.18536032926356069,0.63371919969109336,0,1.6728138847866318,1.626347719159843,0.62354134182918197,0.55605136794192267,0.62354134182918197,0.65519551725144054,0.10748636243583679
net_00217,path,6,5,0.33333333333333331,1.6666666666666667,0.47140452079103168,2,4,0.5,4,1,0.0025000000000000001,single_0,1,0,1,0.35999999999999999,0.29249599720809255,0.22913436043356897,0.78337605512787323,0.18324478227892488,1.6728138847866318,1.727850556497768,0.62354134182918197,0.67996033332231676,0.67996033332231676,0.68819071471447513,0.15482720835086089
net_00218,path,6,5,0.33333333333333331,1.6666666666666667,0.47140452079103168,2,4,0.5,4,1,0.0025000000000000001,single_middle,1,3,2,0.35999999999999999,0.29249599720809255,0.23257268227017192,0.79513116244360449,0.17134422102531854,1.6728138847866318,1.7200489672794184,0.62354134182918197,0.62466730138014248,0.62466730138014248,0.68913218884803296,0.13487612069358815
net_00219,path,6,5,0.33333333333333331,1.6666666666666667,0.47140452079103168,2,4,0.5,4,1,0.0025000000000000001,two_0_last,2,0+5,1,0.35999999999999988,0.29249599720809255,0.19801185710836205,0.67697287825613917,0.18422644872463156,1.6728138847866318,1.7467731696119617,0.62354134182918197,0.64358387235957859,0.64358387235957859,0.70199646746819233,0.1254473754536771
net_00220,path,6,5,0.33333333333333331,1.6666666666666667,0.47140452079103168,2,0,1,4,1,0.0025000000000000001,uncontrolled,0,none,,0,0.19760029075665447,0.12055241858958032,0.61008219232855831,0,1.3481468762712765,1.296237954599547,0.52469796037174676,0.46390378740022198,0.52469796037174676,0.51840096777545341,0.10629789477474498
net_00221,path,6,5,0.33333333333333331,1.6666666666666667,0.47140452079103168,2,0,1,4,1,0.0025000000000000001,single_0,1,0,1,0.35999999999999999,0.19760029075665447,0.16240766729519029,0.8218999409023946,0.17055371920858181,1.3481468762712765,1.3973629822243896,0.52469796037174676,0.56083924218361303,0.56083924218361303,0.55164535920920699,0.14534309413058372
net_00222,path,6,5,0.33333333333333331,1.6666666666666667,0.47140452079103168,2,0,1,4,1,0.0025000000000000001,single_middle,1,3,2,0.35999999999999999,0.19760029075665447,0.10865044443087239,0.54984961821071321,0.14772442795746213,1.3481468762712765,1.3682328359097644,0.52469796037174676,0.46737126087186925,0.52469796037174676,0.55248170745744707,0.082305195068010525
net_00223,path,6,5,0.33333333333333331,1.6666666666666667,0.47140452079103168,2,0,1,4,1,0.0025000000000000001,two_0_last,2,0+5,1,0.35999999999999988,0.19760029075665447,0.17373307551167069,0.87921467547648324,0.17226073357216981,1.3481468762712765,1.4357659990856266,0.52469796037174676,0.54617282476860096,0.54617282476860096,0.56583696964242025,0.15296794154639298
net_00224,path,6,5,0.33333333333333331,1.6666666666666667,0.47140452079103168,2,1,1,4,1,0.0025000000000000001,uncontrolled,0,none,,0,0.27112105947999393,0.099288991349498715,0.36621644788469582,0,1.794784109579757,1.7475821180612729,0.63266955188292329,0.52803809764954923,0.63266955188292329,0.71157425423265785,0.051665177903730861
net_00225,path,6,5,0.33333333333333331,1.6666666666666667,0.47140452079103168,2,1,1,4,1,0.0025000000000000001,single_0,1,0,1,0.35999999999999999,0.27112105947999393,0.12107361930636991,0.44656663535686703,0.17030980411395941,1.794784109579757,1.8380146254324761,0.63266955188292329,0.63407180416890496,0.63407180416890496,0.74483515417331791,0.090940751728201374
net_00226,path,6,5,0.33333333333333331,1.6666666666666667,0.47140452079103168,2,1,1,4,1,0.0025000000000000001,single_middle,1,3,2,0.35999999999999999,0.27112105947999393,0.095438290279946797,0.3520135634723322,0.14831306268184138,1.794784109579757,1.8284968752289028,0.63266955188292329,0.54827935101840009,0.63266955188292329,0.74556749584784543,0.036913135721805511
net_00227,path,6,5,0.33333333333333331,1.6666666666666667,0.47140452079103168,2,1,1,4,1,0.0025000000000000001,two_0_last,2,0+5,1,0.35999999999999988,0.27112105947999393,0.12274357237017992,0.45272607227782391,0.17040518063380172,1.794784109579757,1.8710248678354928,0.63266955188292329,0.60068568382032839,0.63266955188292329,0.75855355409775227,0.089733948845863915
net_00228,path,6,5,0.33333333333333331,1.6666666666666667,0.47140452079103168,2,2,1,4,1,0.0025000000000000001,uncontrolled,0,none,,0,0.12454024935203373,0.098716571971763936,0.79264793900263619,0,1.5827033834550301,1.5560953065235912,0.625,0.59111262993846247,0.625,0.61579162353060957,0.15611783013798974
net_00229,path,6,5,0.33333333333333331,1.6666666666666667,0.47140452079103168,2,2,1,4,1,0.0025000000000000001,single_0,1,0,1,0.35999999999999999,0.12454024935203373,0.092008167413666436,0.73878258548840747,0.17216918166179054,1.5827033834550301,1.6175169280619057,0.625,0.59111583716084293,0.625,0.64951960401798947,0.11909850023174771
net_00230,path,6,5,0.33333333333333331,1.6666666666666667,0.47140452079103168,2,2,1,4,1,0.0025000000000000001,single_middle,1,3,2,0.35999999999999999,0.12454024935203373,0.1236725259093594,0.99303258627480695,0.14545649751266765,1.5827033834550301,1.6456199738838049,0.625,0.59448986428068762,0.625,0.6493013523766672,0.17248749773839736
net_00231,path,6,5,0.33333333333333331,1.6666666666666667,0.47140452079103168,2,2,1,4,1,0.0025000000000000001,two_0_last,2,0+5,1,0.35999999999999988,0.12454024935203373,0.11675986451946981,0.93752714585811237,0.17234929944366162,1.5827033834550301,1.6736850522131108,0.625,0.6723490362529545,0.6723490362529545,0.66335200650302972,0.1638120604086839
net_00232,path,6,5,0.33333333333333331,1.6666666666666667,0.47140452079103168,2,3,1,4,1,0.0025000000000000001,uncontrolled,0,none,,0,0.72718635850791369,0.16706761168481554,0.22974524993512707,0,1.7953272682160208,1.561440136028075,0.69999999999999996,0.54584092752335833,0.69999999999999996,0.6302885282644306,0.095318348381377052
net_00233,path,6,5,0.33333333333333331,1.6666666666666667,0.47140452079103168,2,3,1,4,1,0.0025000000000000001,single_0,1,0,1,0.35999999999999999,0.72718635850791369,0.19998124257173883,0.27500686754090492,0.16941040475493038,1.7953272682160208,1.6626979470765504,0.69999999999999996,0.65861859650704768,0.69999999999999996,0.66334572812492931,0.14399023872183161
net_00234,path,6,5,0.33333333333333331,1.6666666666666667,0.47140452079103168,2,3,1,4,1,0.0025000000000000001,single_middle,1,3,2,0.35999999999999999,0.72718635850791369,0.1680994658895279,0.2311642179790678,0.14756980872989406,1.7953272682160208,1.6441998201676242,0.69999999999999996,0.54623394152163895,0.69999999999999996,0.66418223631796003,0.097095134101637739
net_00235,path,6,5,0.33333333333333331,1.6666666666666667,0.47140452079103168,2,3,1,4,1,0.0025000000000000001,two_0_last,2,0+5,1,0.35999999999999988,0.72718635850791369,0.17782366139346514,0.24453657485865771,0.17232762356709544,1.7953272682160208,1.680262070465824,0.69999999999999996,0.62550660871910679,0.69999999999999996,0.67769360150847735,0.10619865056652963
net_00236,path,6,5,0.33333333333333331,1.6666666666666667,0.47140452079103168,2,4,1,4,1,0.0025000000000000001,uncontrolled,0,none,,0,0.29249599720809255,0.12565576694368652,0.42959824456773787,0,1.6728138847866318,1.6119146322819855,0.62354134182918197,0.52897468919219526,0.62354134182918197,0.65452737644845616,0.068108079111774605
net_00237,path,6,5,0.33333333333333331,1.6666666666666667,0.47140452079103168,2,4,1,4,1,0.0025000000000000001,single_0,1,0,1,0.35999999999999999,0.29249599720809255,0.16372658849754132,0.55975668063949646,0.16970209591657398,1.6728138847866318,1.7080688801371475,0.62354134182918197,0.64207959966342831,0.64207959966342831,0.68765011392325359,0.11570308568413762
net_00238,path,6,5,0.33333333333333331,1.6666666666666667,0.47140452079103168,2,4,1,4,1,0.0025000000000000001,single_middle,1,3,2,0.35999999999999999,0.29249599720809255,0.16062909625467195,0.54916681865015204,0.14828356933956396,1.6728138847866318,1.7004649536593897,0.62354134182918197,0.58286353566236093,0.62354134182918197,0.68845688234711921,0.089203685945086333
net_00239,path,6,5,0.33333333333333331,1.6666666666666667,0.47140452079103168,2,4,1,4,1,0.0025000000000000001,two_0_last,2,0+5,1,0.35999999999999988,0.29249599720809255,0.14208501309888752,0.48576737615251175,0.17042977898302569,1.6728138847866318,1.7320893825016641,0.62354134182918197,0.60886649122643743,0.62354134182918197,0.70148133905987009,0.089141474334926737
net_00240,path,7,6,0.2857142857142857,1.7142857142857142,0.45175395145262565,2,0,0,4,1,0.0025000000000000001,uncontrolled,0,none,,0,0.17341739569260967,0.17169662579721034,0.9900772936386989,0,1.4764823060233399,1.4674807928142013,0.54142135623730958,0.54265081851965602,0.5442006958279233,0.52515306617927859,0.17848556438471599
net_00241,path,7,6,0.2857142857142857,1.7142857142857142,0.45175395145262565,2,0,0,4,1,0.0025000000000000001,single_0,1,0,1,0.35999999999999999,0.17341739569260967,0.22217228967560476,1.281141887688219,0.20502142267354984,1.4764823060233399,1.5791791077088344,0.54142135623730958,0.66520875704222737,0.66520875704222737,0.55364571663929474,0.22301236267871655
net_00242,path,7,6,0.2857142857142857,1.7142857142857142,0.45175395145262565,2,0,0,4,1,0.0025000000000000001,single_middle,1,3,2,0.35999999999999999,0.17341739569260967,0.18149662923817417,1.046588368561856,0.20940148757913626,1.4764823060233399,1.5205153755663878,0.54142135623730958,0.54265081851965602,0.5442006958279233,0.55452831405200442,0.15092829410791883
net_00243,path,7,6,0.2857142857142857,1.7142857142857142,0.45175395145262565,2,0,0,4,1,0.0025000000000000001,two_0_last,2,0+6,1,0.35999999999999988,0.17341739569260967,0.23486100783621272,1.3543105459415081,0.20692276543307686,1.4764823060233399,1.6206329972963274,0.54142135623730958,0.64359485650409376,0.64359485650409376,0.56575653605726939,0.23479112458433432
net_00244,path,7,6,0.2857142857142857,1.7142857142857142,0.45175395145262565,2,1,0,4,1,0.0025000000000000001,uncontrolled,0,none,,0,0.25558110090752184,0.25337459751027797,0.99136671925502717,0,1.9258115172570758,1.9109750951860502,0.64999999999999991,0.63688239928586987,0.64999999999999991,0.70679228163578445,0.14877524216170004
net_00245,path,7,6,0.2857142857142857,1.7142857142857142,0.45175395145262565,2,1,0,4,1,0.0025000000000000001,single_0,1,0,1,0.35999999999999999,0.25558110090752184,0.23378298813478801,0.91471156241469842,0.20478551366916695,1.9258115172570758,1.9885627153124408,0.64999999999999991,0.63688239928586987,0.64999999999999991,0.73518553181285207,0.15624948430642446
net_00246,path,7,6,0.2857142857142857,1.7142857142857142,0.45175395145262565,2,1,0,4,1,0.0025000000000000001,single_middle,1,3,2,0.35999999999999999,0.25558110090752184,0.21264242395516389,0.83199588389012125,0.21278691203198585,1.9258115172570758,1.9685168485688809,0.64999999999999991,0.63688239928586987,0.64999999999999991,0.73594354080052427,0.10939333772967283
net_00247,path,7,6,0.2857142857142857,1.7142857142857142,0.45175395145262565,2,1,0,4,1,0.0025000000000000001,two_0_last,2,0+6,1,0.35999999999999988,0.25558110090752184,0.21860691676521712,0.85533287081471931,0.20487698629840007,1.9258115172570758,2.0155458436568767,0.64999999999999991,0.63688239928586987,0.64999999999999991,0.74686476146491221,0.15013148734941417
net_00248,path,7,6,0.2857142857142857,1.7142857142857142,0.45175395145262565,2,2,0,4,1,0.0025000000000000001,uncontrolled,0,none,,0,0.12020815280171307,0.11942727669113068,0.99350396714047784,0,1.8672305695869482,1.8528941206027316,0.69999999999999996,0.69641232927467489,0.70280064999750624,0.66832928768740441,0.20927369799205767
net_00249,path,7,6,0.2857142857142857,1.7142857142857142,0.45175395145262565,2,2,0,4,1,0.0025000000000000001,single_0,1,0,1,0.35999999999999999,0.12020815280171307,0.11882665114880206,0.98850742132948466,0.20708200746208288,1.8672305695869482,1.9016220813145408,0.69999999999999996,0.69641232927467489,0.70280064999750624,0.69710042864457955,0.17506059637730731
net_00250,path,7,6,0.2857142857142857,1.7142857142857142,0.45175395145262565,2,2,0,4,1,0.0025000000000000001,single_middle,1,3,2,0.35999999999999999,0.12020815280171307,0.17011238114624272,1.4151484502623393,0.20747459884068631,1.8672305695869482,1.9350389087979798,0.69999999999999996,0.69641232927467489,0.70280064999750624,0.69724696330331659,0.22081093519511902
net_00251,path,7,6,0.2857142857142857,1.7142857142857142,0.45175395145262565,2,2,0,4,1,0.0025000000000000001,two_0_last,2,0+6,1,0.35999999999999988,0.12020815280171307,0.14698913527609112,1.2227884036996566,0.20707042243183707,1.8672305695869482,1.9633617122241735,0.69999999999999996,0.79595511991770918,0.79595511991770918,0.70890111361608532,0.21941600762835264
net_00252,path,7,6,0.2857142857142857,1.7142857142857142,0.45175395145262565,2,3,0,4,1,0.0025000000000000001,uncontrolled,0,none,,0,0.72718635850791369,0.70916937155462667,0.97522370057896113,0,2.0519259245888968,1.9958646263992137,0.69999999999999996,0.6647521021250794,0.69999999999999996,0.6790288873395014,0.32861484142229963
net_00253,path,7,6,0.2857142857142857,1.7142857142857142,0.45175395145262565,2,3,0,4,1,0.0025000000000000001,single_0,1,0,1,0.35999999999999999,0.72718635850791369,0.74437656027714161,1.023639334770388,0.20194523398211534,2.0519259245888968,2.0973645197307702,0.69999999999999996,0.80188203647191125,0.80188203647191125,0.70698626855111291,0.35859464604135993
net_00254,path,7,6,0.2857142857142857,1.7142857142857142,0.45175395145262565,2,3,0,4,1,0.0025000000000000001,single_middle,1,3,2,0.35999999999999999,0.72718635850791369,0.6537788535707767,0.89905269250682995,0.21255638575658276,2.0519259245888968,2.0363615207363321,0.69999999999999996,0.6647521021250794,0.69999999999999996,0.70809356924773803,0.30166033961242283
net_00255,path,7,6,0.2857142857142857,1.7142857142857142,0.45175395145262565,2,3,0,4,1,0.0025000000000000001,two_0_last,2,0+6,1,0.35999999999999988,0.72718635850791369,0.75662174698562279,1.0404784662601572,0.20207185753703155,2.0519259245888968,2.1341047929815771,0.69999999999999996,0.76166263781406307,0.76166263781406307,0.71851728046957331,0.36655416498855514
net_00256,path,7,6,0.2857142857142857,1.7142857142857142,0.45175395145262565,2,4,0,4,1,0.0025000000000000001,uncontrolled,0,none,,0,0.2678117998409878,0.26612923169126845,0.99371734871010775,0,1.7459071421917678,1.7330889828365645,0.62354134182918197,0.59611823584803569,0.62354134182918197,0.63202359887096715,0.17213807403228643
net_00257,path,7,6,0.2857142857142857,1.7142857142857142,0.45175395145262565,2,4,0,4,1,0.0025000000000000001,single_0,1,0,1,0.35999999999999999,0.2678117998409878,0.31051884118659201,1.1594666156269491,0.20308555255666413,1.7459071421917678,1.8390196587852445,0.62354134182918197,0.73445842445105713,0.73445842445105713,0.66016168033538924,0.21755104363800165
net_00258,path,7,6,0.2857142857142857,1.7142857142857142,0.45175395145262565,2,4,0,4,1,0.0025000000000000001,single_middle,1,3,2,0.35999999999999999,0.2678117998409878,0.32573401462366208,1.2162795471187804,0.21097485475748654,1.7459071421917678,1.8336991030355676,0.62354134182918197,0.69384370410615515,0.69384370410615515,0.66115754880414246,0.20789670171524141
net_00259,path,7,6,0.2857142857142857,1.7142857142857142,0.45175395145262565,2,4,0,4,1,0.0025000000000000001,two_0_last,2,0+6,1,0.35999999999999988,0.2678117998409878,0.30275712319125225,1.1304846290231165,0.20362236423821675,1.7459071421917678,1.8478883465889326,0.62354134182918197,0.69386399212139527,0.69386399212139527,0.67144801404467747,0.19227743813391424
net_00260,path,7,6,0.2857142857142857,1.7142857142857142,0.45175395145262565,2,0,0.25,4,1,0.0025000000000000001,uncontrolled,0,none,,0,0.17341739569260967,0.15633444246298328,0.9014922743972773,0,1.4764823060233399,1.4542918135760308,0.54142135623730958,0.52652004824794019,0.54142135623730958,0.52509699101996621,0.16251449569926432
net_00261,path,7,6,0.2857142857142857,1.7142857142857142,0.45175395145262565,2,0,0.25,4,1,0.0025000000000000001,single_0,1,0,1,0.35999999999999999,0.17341739569260967,0.20177869454219965,1.1635435634142592,0.19370905616784462,1.4764823060233399,1.5612906492732315,0.54142135623730958,0.6410576736886231,0.6410576736886231,0.55358352366828345,0.2043964871689605
net_00262,path,7,6,0.2857142857142857,1.7142857142857142,0.45175395145262565,2,0,0.25,4,1,0.0025000000000000001,single_middle,1,3,2,0.35999999999999999,0.17341739569260967,0.15727833834725619,0.90693518789798511,0.18686011652954448,1.4764823060233399,1.5087752837928012,0.54142135623730958,0.52653022117124793,0.54142135623730958,0.55438670075260521,0.13362557453279561
net_00263,path,7,6,0.2857142857142857,1.7142857142857142,0.45175395145262565,2,0,0.25,4,1,0.0025000000000000001,two_0_last,2,0+6,1,0.35999999999999988,0.17341739569260967,0.21352834231920681,1.2312971340989092,0.19549149058194851,1.4764823060233399,1.6014342948729892,0.54142135623730958,0.62163482477238052,0.62163482477238052,0.5657045459986082,0.21528730546176431
net_00264,path,7,6,0.2857142857142857,1.7142857142857142,0.45175395145262565,2,1,0.25,4,1,0.0025000000000000001,uncontrolled,0,none,,0,0.25558110090752184,0.19423888290065283,0.75998922538069524,0,1.9258115172570758,1.8932653595309799,0.64999999999999991,0.60101946053054811,0.64999999999999991,0.70645638921480447,0.11394817905085279
net_00265,path,7,6,0.2857142857142857,1.7142857142857142,0.45175395145262565,2,1,0.25,4,1,0.0025000000000000001,single_0,1,0,1,0.35999999999999999,0.25558110090752184,0.18387951634733996,0.71945662529200072,0.19341253780366149,1.9258115172570758,1.9740102943543809,0.64999999999999991,0.60885938766813286,0.64999999999999991,0.73486493184022816,0.12902456348489
net_00266,path,7,6,0.2857142857142857,1.7142857142857142,0.45175395145262565,2,1,0.25,4,1,0.0025000000000000001,single_middle,1,3,2,0.35999999999999999,0.25558110090752184,0.15863105232783634,0.62066816272629866,0.18959809454663795,1.9258115172570758,1.9569636440174365,0.64999999999999991,0.60133821492771666,0.64999999999999991,0.73565556548798738,0.076888534136716674
net_00267,path,7,6,0.2857142857142857,1.7142857142857142,0.45175395145262565,2,1,0.25,4,1,0.0025000000000000001,two_0_last,2,0+6,1,0.35999999999999988,0.25558110090752184,0.17287618150547673,0.67640440115339107,0.19349462972351564,1.9258115172570758,2.00266435864153,0.64999999999999991,0.6065647693320495,0.64999999999999991,0.74656033267139299,0.12489894266059549
net_00268,path,7,6,0.2857142857142857,1.7142857142857142,0.45175395145262565,2,2,0.25,4,1,0.0025000000000000001,uncontrolled,0,none,,0,0.12020815280171307,0.11350176799967578,0.94421023328509446,0,1.8672305695869482,1.8480487218578334,0.69999999999999996,0.68694177967751169,0.70029857565611209,0.6681096612024634,0.20378225165107652
net_00269,path,7,6,0.2857142857142857,1.7142857142857142,0.45175395145262565,2,2,0.25,4,1,0.0025000000000000001,single_0,1,0,1,0.35999999999999999,0.12020815280171307,0.11120819405877452,0.9251302134408117,0.19558222945603246,1.8672305695869482,1.8976871659802741,0.69999999999999996,0.68694177976944437,0.70029857565611209,0.69691217502637748,0.16962585804658067
net_00270,path,7,6,0.2857142857142857,1.7142857142857142,0.45175395145262565,2,2,0.25,4,1,0.0025000000000000001,single_middle,1,3,2,0.35999999999999999,0.12020815280171307,0.15225741802414705,1.2666147384803441,0.1852595336063933,1.8672305695869482,1.9281025464076431,0.69999999999999996,0.68695165835835903,0.70029857906204995,0.69699621526960698,0.21278874861586597
net_00271,path,7,6,0.2857142857142857,1.7142857142857142,0.45175395145262565,2,2,0.25,4,1,0.0025000000000000001,two_0_last,2,0+6,1,0.35999999999999988,0.12020815280171307,0.13662054484212532,1.1365331024384426,0.19555782656332163,1.8672305695869482,1.9575776894900425,0.69999999999999996,0.78067345026156987,0.78067345026156987,0.70870825038308038,0.21254872424990803
net_00272,path,7,6,0.2857142857142857,1.7142857142857142,0.45175395145262565,2,3,0.25,4,1,0.0025000000000000001,uncontrolled,0,none,,0,0.72718635850791369,0.46647697780896469,0.64148202500128193,0,2.0519259245888968,1.8825659991382797,0.69999999999999996,0.6177732439661261,0.69999999999999996,0.67796529350846657,0.21600137787171625
net_00273,path,7,6,0.2857142857142857,1.7142857142857142,0.45175395145262565,2,3,0.25,4,1,0.0025000000000000001,single_0,1,0,1,0.35999999999999999,0.72718635850791369,0.49887504688931505,0.68603466092644805,0.1913316732415915,2.0519259245888968,1.9797837225263566,0.69999999999999996,0.7474965475554618,0.7474965475554618,0.70603477938878723,0.2478904769778964
net_00274,path,7,6,0.2857142857142857,1.7142857142857142,0.45175395145262565,2,3,0.25,4,1,0.0025000000000000001,single_middle,1,3,2,0.35999999999999999,0.72718635850791369,0.43027401950243005,0.59169704501235842,0.18892221746056564,2.0519259245888968,1.9416107044636932,0.69999999999999996,0.61778320768524375,0.69999999999999996,0.70718671745749595,0.19605420323757491
net_00275,path,7,6,0.2857142857142857,1.7142857142857142,0.45175395145262565,2,3,0.25,4,1,0.0025000000000000001,two_0_last,2,0+6,1,0.35999999999999988,0.72718635850791369,0.50949217489099752,0.70063494581554764,0.19143918776695537,2.0519259245888968,2.0149745948815134,0.69999999999999996,0.7094341315067656,0.70998621419425656,0.71761047356215868,0.25505435713509611
net_00276,path,7,6,0.2857142857142857,1.7142857142857142,0.45175395145262565,2,4,0.25,4,1,0.0025000000000000001,uncontrolled,0,none,,0,0.2678117998409878,0.21190701797703623,0.79125347763935416,0,1.7459071421917678,1.711051769402776,0.62354134182918197,0.57417364698234552,0.62354134182918197,0.63145613599606332,0.1396629594860522
net_00277,path,7,6,0.2857142857142857,1.7142857142857142,0.45175395145262565,2,4,0.25,4,1,0.0025000000000000001,single_0,1,0,1,0.35999999999999999,0.2678117998409878,0.25408066826165465,0.94872842948859626,0.19212859334227375,1.7459071421917678,1.8122841250795436,0.62354134182918197,0.70474142649497828,0.70474142649497828,0.65967136836696805,0.18447204600979911
net_00278,path,7,6,0.2857142857142857,1.7142857142857142,0.45175395145262565,2,4,0.25,4,1,0.0025000000000000001,single_middle,1,3,2,0.35999999999999999,0.2678117998409878,0.26213358229571321,0.97879773203179987,0.18829349191875597,1.7459071421917678,1.8053319003791806,0.62354134182918197,0.65479905415702599,0.65479905415702599,0.66055571727592777,0.17108322166431841
net_00279,path,7,6,0.2857142857142857,1.7142857142857142,0.45175395145262565,2,4,0.25,4,1,0.0025000000000000001,two_0_last,2,0+6,1,0.35999999999999988,0.2678117998409878,0.24226527980109319,0.9046101775386195,0.19250510177718699,1.7459071421917678,1.8228962309336583,0.62354134182918197,0.66641809943890362,0.66641809943890362,0.67097002291180186,0.15654541432727556
net_00280,path,7,6,0.2857142857142857,1.7142857142857142,0.45175395145262565,2,0,0.5,4,1,0.0025000000000000001,uncontrolled,0,none,,0,0.17341739569260967,0.14250875745185479,0.82176737162203806,0,1.4764823060233399,1.4432963366416156,0.54142135623730958,0.51215611121095639,0.54142135623730958,0.52505091365113465,0.14801306982921122
net_00281,path,7,6,0.2857142857142857,1.7142857142857142,0.45175395145262565,2,0,0.5,4,1,0.0025000000000000001,single_0,1,0,1,0.35999999999999999,0.17341739569260967,0.18400709206113039,1.0610647872217587,0.18452165358692052,1.4764823060233399,1.5464004622981,0.54142135623730958,0.61990275196227451,0.61990275196227451,0.55353494309327289,0.18767291349536325
net_00282,path,7,6,0.2857142857142857,1.7142857142857142,0.45175395145262565,2,0,0.5,4,1,0.0025000000000000001,single_middle,1,3,2,0.35999999999999999,0.17341739569260967,0.13756150073248063,0.79323934131910701,0.17003329605079703,1.4764823060233399,1.4996998341769834,0.54142135623730958,0.51222498426992125,0.54142135623730958,0.55427754738080581,0.11864376205208421
net_00283,path,7,6,0.2857142857142857,1.7142857142857142,0.45175395145262565,2,0,0.5,4,1,0.0025000000000000001,two_0_last,2,0+6,1,0.35999999999999988,0.17341739569260967,0.1949568438772015,1.1242058104872679,0.18621322545006561,1.4764823060233399,1.5854127711564967,0.54142135623730958,0.6022849378958538,0.6022849378958538,0.5656642722308558,0.19773762298159392
net_00284,path,7,6,0.2857142857142857,1.7142857142857142,0.45175395145262565,2,1,0.5,4,1,0.0025000000000000001,uncontrolled,0,none,,0,0.25558110090752184,0.15180369698510215,0.59395509466887397,0,1.9258115172570758,1.8830876451478127,0.64999999999999991,0.57466484040748378,0.64999999999999991,0.70620320544558557,0.088606923009916114
net_00285,path,7,6,0.2857142857142857,1.7142857142857142,0.45175395145262565,2,1,0.5,4,1,0.0025000000000000001,single_0,1,0,1,0.35999999999999999,0.25558110090752184,0.14944500192384372,0.58472634084911523,0.18419688128223874,1.9258115172570758,1.9653740412402205,0.64999999999999991,0.61420616606777667,0.64999999999999991,0.73462783672232845,0.11016138328419996
net_00286,path,7,6,0.2857142857142857,1.7142857142857142,0.45175395145262565,2,1,0.5,4,1,0.0025000000000000001,single_middle,1,3,2,0.35999999999999999,0.25558110090752184,0.12182543427820189,0.47666057406287871,0.17229663673904308,1.9258115172570758,1.9509027186897601,0.64999999999999991,0.57573461334582721,0.64999999999999991,0.73541164190000807,0.053731390794047006
net_00287,path,7,6,0.2857142857142857,1.7142857142857142,0.45175395145262565,2,1,0.5,4,1,0.0025000000000000001,two_0_last,2,0+6,1,0.35999999999999988,0.25558110090752184,0.14202830513710818,0.5557073845945244,0.18427108314268428,1.9258115172570758,1.9949726890907395,0.64999999999999991,0.58456429412369248,0.64999999999999991,0.74633690658987539,0.10742743946558669
net_00288,path,7,6,0.2857142857142857,1.7142857142857142,0.45175395145262565,2,2,0.5,4,1,0.0025000000000000001,uncontrolled,0,none,,0,0.12020815280171307,0.10841282522929584,0.90187581043796605,0,1.8672305695869482,1.8436040738618718,0.69999999999999996,0.67846710213456007,0.69999999999999996,0.66792901845873431,0.19855613285680748
net_00289,path,7,6,0.2857142857142857,1.7142857142857142,0.45175395145262565,2,2,0.5,4,1,0.0025000000000000001,single_0,1,0,1,0.35999999999999999,0.12020815280171307,0.10478121571557231,0.87166480204060737,0.18625551655498099,1.8672305695869482,1.8941338089950499,0.69999999999999996,0.67846710703679758,0.69999999999999996,0.6967563664080455,0.16451523918431255
net_00290,path,7,6,0.2857142857142857,1.7142857142857142,0.45175395145262565,2,2,0.5,4,1,0.0025000000000000001,single_middle,1,3,2,0.35999999999999999,0.12020815280171307,0.13878549745977561,1.1545431339312437,0.16866579033108908,1.8672305695869482,1.9222963541963842,0.69999999999999996,0.67853399501910749,0.69999999999999996,0.69679481405947663,0.20583009048916523
net_00291,path,7,6,0.2857142857142857,1.7142857142857142,0.45175395145262565,2,2,0.5,4,1,0.0025000000000000001,two_0_last,2,0+6,1,0.35999999999999988,0.12020815280171307,0.12814385828323516,1.0660163665821591,0.18621121029063031,1.8672305695869482,1.952450645529219,0.69999999999999996,0.76722922205055288,0.76722922205055288,0.70854803155042401,0.20625273405273598
net_00292,path,7,6,0.2857142857142857,1.7142857142857142,0.45175395145262565,2,3,0.5,4,1,0.0025000000000000001,uncontrolled,0,none,,0,0.72718635850791369,0.31570868453210771,0.43415099972433269,0,2.0519259245888968,1.8346779695061184,0.69999999999999996,0.58525142525780427,0.69999999999999996,0.67794662091256253,0.14577963121671036
net_00293,path,7,6,0.2857142857142857,1.7142857142857142,0.45175395145262565,2,3,0.5,4,1,0.0025000000000000001,single_0,1,0,1,0.35999999999999999,0.72718635850791369,0.34632427526486176,0.47625243682440838,0.18268617214706001,2.0519259245888968,1.9281386577536108,0.69999999999999996,0.70856088728080002,0.70856088728080002,0.7061246429650504,0.18025165095588522
net_00294,path,7,6,0.2857142857142857,1.7142857142857142,0.45175395145262565,2,3,0.5,4,1,0.0025000000000000001,single_middle,1,3,2,0.35999999999999999,0.72718635850791369,0.29366579000211912,0.40383841991299302,0.17132042558871469,2.0519259245888968,1.9023912121130762,0.69999999999999996,0.58531890283380716,0.69999999999999996,0.70710880148880517,0.13042366345574238
net_00295,path,7,6,0.2857142857142857,1.7142857142857142,0.45175395145262565,2,3,0.5,4,1,0.0025000000000000001,two_0_last,2,0+6,1,0.35999999999999988,0.72718635850791369,0.35566920725632267,0.48910324443669012,0.18277902525398487,2.0519259245888968,1.9620752550666842,0.69999999999999996,0.67236925541620562,0.69999999999999996,0.71774502872101298,0.18656053126030891
net_00296,path,7,6,0.2857142857142857,1.7142857142857142,0.45175395145262565,2,4,0.5,4,1,0.0025000000000000001,uncontrolled,0,none,,0,0.2678117998409878,0.17257060068551944,0.64437265567828805,0,1.7459071421917678,1.6972194644816232,0.62354134182918197,0.55605136869853067,0.62354134182918197,0.63100319071296196,0.11551049660758539
net_00297,path,7,6,0.2857142857142857,1.7142857142857142,0.45175395145262565,2,4,0.5,4,1,0.0025000000000000001,single_0,1,0,1,0.35999999999999999,0.2678117998409878,0.21189790770435935,0.79121946019620082,0.18324478227639238,1.7459071421917678,1.7947185141926905,0.62354134182918197,0.67996033407364809,0.67996033407364809,0.65928478845967042,0.15965119082631832
net_00298,path,7,6,0.2857142857142857,1.7142857142857142,0.45175395145262565,2,4,0.5,4,1,0.0025000000000000001,single_middle,1,3,2,0.35999999999999999,0.2678117998409878,0.21515496181950369,0.80338118763718069,0.1713425959844084,1.7459071421917678,1.787196754944651,0.62354134182918197,0.62465933200006785,0.62465933200006785,0.66009097626430224,0.14344315064351892
net_00299,path,7,6,0.2857142857142857,1.7142857142857142,0.45175395145262565,2,4,0.5,4,1,0.0025000000000000001,two_0_last,2,0+6,1,0.35999999999999988,0.2678117998409878,0.19774192768964588,0.73836152031782909,0.18348518916673195,1.7459071421917678,1.8072047867426753,0.62354134182918197,0.64358377684270751,0.64358377684270751,0.6706069528725177,0.12983139865604684
net_00300,path,7,6,0.2857142857142857,1.7142857142857142,0.45175395145262565,2,0,1,4,1,0.0025000000000000001,uncontrolled,0,none,,0,0.17341739569260967,0.11872919783570988,0.68464410598209458,0,1.4764823060233399,1.4264844035623687,0.54142135623730958,0.48776831244580982,0.54142135623730958,0.52497898654489894,0.12284554728294413
net_00301,path,7,6,0.2857142857142857,1.7142857142857142,0.45175395145262565,2,0,1,4,1,0.0025000000000000001,single_0,1,0,1,0.35999999999999999,0.17341739569260967,0.15440313381739681,0.89035551018816761,0.17050228681097021,1.4764823060233399,1.5235174004494063,0.54142135623730958,0.584693780115353,0.584693780115353,0.55346488614441247,0.15894365942873534
net_00302,path,7,6,0.2857142857142857,1.7142857142857142,0.45175395145262565,2,0,1,4,1,0.0025000000000000001,single_middle,1,3,2,0.35999999999999999,0.17341739569260967,0.10747308819525579,0.61973649048309321,0.14714920451911415,1.4764823060233399,1.4869907117139649,0.54142135623730958,0.48816936312247222,0.54142135623730958,0.55411889573902906,0.093965892306211413
net_00303,path,7,6,0.2857142857142857,1.7142857142857142,0.45175395145262565,2,0,1,4,1,0.0025000000000000001,two_0_last,2,0+6,1,0.35999999999999988,0.17341739569260967,0.1640245881160185,0.94583699323198034,0.17206571289239139,1.4764823060233399,1.5606834309053015,0.54142135623730958,0.56982798477904306,0.56982798477904306,0.56560675503359836,0.1674837996962624
net_00304,path,7,6,0.2857142857142857,1.7142857142857142,0.45175395145262565,2,1,1,4,1,0.0025000000000000001,uncontrolled,0,none,,0,0.25558110090752184,0.10033743626999392,0.39258550774573703,0,1.9258115172570758,1.8734718120590419,0.64999999999999991,0.54087006388554892,0.64999999999999991,0.70582228829897509,0.056821665840946008
net_00305,path,7,6,0.2857142857142857,1.7142857142857142,0.45175395145262565,2,1,1,4,1,0.0025000000000000001,single_0,1,0,1,0.35999999999999999,0.25558110090752184,0.10986453146709522,0.42986171934069589,0.17018267772430368,1.9258115172570758,1.9564632513537779,0.64999999999999991,0.61689096386955722,0.64999999999999991,0.73428086149752569,0.087480421456098606
net_00306,path,7,6,0.2857142857142857,1.7142857142857142,0.45175395145262565,2,1,1,4,1,0.0025000000000000001,single_middle,1,3,2,0.35999999999999999,0.25558110090752184,0.08172192546234161,0.31974948527947478,0.14878727451543133,1.9258115172570758,1.9458910902328992,0.64999999999999991,0.54395466671396675,0.64999999999999991,0.73501104887700908,0.026195531922214677
net_00307,path,7,6,0.2857142857142857,1.7142857142857142,0.45175395145262565,2,1,1,4,1,0.0025000000000000001,two_0_last,2,0+6,1,0.35999999999999988,0.25558110090752184,0.10766926237683237,0.42127239453354914,0.17024783582386177,1.9258115172570758,1.9868355075149242,0.64999999999999991,0.58350075451511707,0.64999999999999991,0.74601321775439966,0.085994423799432229
net_00308,path,7,6,0.2857142857142857,1.7142857142857142,0.45175395145262565,2,2,1,4,1,0.0025000000000000001,uncontrolled,0,none,,0,0.12020815280171307,0.099971844529325199,0.83165610816956592,0,1.8672305695869482,1.8356631102405578,0.69999999999999996,0.66378878766484062,0.69999999999999996,0.66765729008471808,0.18871568004924832
net_00309,path,7,6,0.2857142857142857,1.7142857142857142,0.45175395145262565,2,2,1,4,1,0.0025000000000000001,single_0,1,0,1,0.35999999999999999,0.12020815280171307,0.094405475680332238,0.78535002393770148,0.17204544830334756,1.8672305695869482,1.8879060592515458,0.69999999999999996,0.66378900766299931,0.69999999999999996,0.69652017669931787,0.1550146503278953
net_00310,path,7,6,0.2857142857142857,1.7142857142857142,0.45175395145262565,2,2,1,4,1,0.0025000000000000001,single_middle,1,3,2,0.35999999999999999,0.12020815280171307,0.11998206728582198,0.9981192164539453,0.146080217257162,1.8672305695869482,1.9128116026339241,0.69999999999999996,0.66417846332638941,0.69999999999999996,0.69649797201678343,0.19386381523655669
net_00311,path,7,6,0.2857142857142857,1.7142857142857142,0.45175395145262565,2,2,1,4,1,0.0025000000000000001,two_0_last,2,0+6,1,0.35999999999999988,0.12020815280171307,0.1150119211585363,0.95677305139404223,0.17195765964784832,1.8672305695869482,1.9436252216149272,0.69999999999999996,0.7445127493154744,0.7445127493154744,0.70830485707041702,0.19486574435121382
net_00312,path,7,6,0.2857142857142857,1.7142857142857142,0.45175395145262565,2,3,1,4,1,0.0025000000000000001,uncontrolled,0,none,,0,0.72718635850791369,0.1620923551671882,0.22290345971255485,0,2.0519259245888968,1.8056428479178968,0.69999999999999996,0.54584521252187856,0.69999999999999996,0.67817360712898123,0.076447932227213342
net_00313,path,7,6,0.2857142857142857,1.7142857142857142,0.45175395145262565,2,3,1,4,1,0.0025000000000000001,single_0,1,0,1,0.35999999999999999,0.72718635850791369,0.19057664350562492,0.26207400795672509,0.16941039764479884,2.0519259245888968,1.8938952590967075,0.69999999999999996,0.65862287016171206,0.69999999999999996,0.70650835110172439,0.11511540867050503
net_00314,path,7,6,0.2857142857142857,1.7142857142857142,0.45175395145262565,2,3,1,4,1,0.0025000000000000001,single_middle,1,3,2,0.35999999999999999,0.72718635850791369,0.15710424262456821,0.21604399035609592,0.14752930923217403,2.0519259245888968,1.8789922161204748,0.69999999999999996,0.54623822261566968,0.69999999999999996,0.70722132564858498,0.064893015336608725
net_00315,path,7,6,0.2857142857142857,1.7142857142857142,0.45175395145262565,2,3,1,4,1,0.0025000000000000001,two_0_last,2,0+6,1,0.35999999999999988,0.72718635850791369,0.19795392794412467,0.27221897884649388,0.16948593575327289,2.0519259245888968,1.9262217826842261,0.69999999999999996,0.62550877164811081,0.69999999999999996,0.71819539554278411,0.11934222868660734
net_00316,path,7,6,0.2857142857142857,1.7142857142857142,0.45175395145262565,2,4,1,4,1,0.0025000000000000001,uncontrolled,0,none,,0,0.2678117998409878,0.12228776431207239,0.45661828337915011,0,1.7459071421917678,1.6822282082482594,0.62354134182918197,0.52897463682581602,0.62354134182918197,0.63025926122532172,0.083925638943165834
net_00317,path,7,6,0.2857142857142857,1.7142857142857142,0.45175395145262565,2,4,1,4,1,0.0025000000000000001,single_0,1,0,1,0.35999999999999999,0.2678117998409878,0.15535897799615028,0.58010505171315851,0.16970209585848717,1.7459071421917678,1.7745763440926683,0.62354134182918197,0.64207954723495941,0.64207954723495941,0.65865017535388237,0.12670597378937645
net_00318,path,7,6,0.2857142857142857,1.7142857142857142,0.45175395145262565,2,4,1,4,1,0.0025000000000000001,single_middle,1,3,2,0.35999999999999999,0.2678117998409878,0.15357683288085988,0.57345058347707434,0.14825449844625666,1.7459071421917678,1.7671257719013722,0.62354134182918197,0.58268043182938556,0.62354134182918197,0.65933762130970464,0.10667092360395382
net_00319,path,7,6,0.2857142857142857,1.7142857142857142,0.45175395145262565,2,4,1,4,1,0.0025000000000000001,two_0_last,2,0+6,1,0.35999999999999988,0.2678117998409878,0.13981101571945254,0.52204949820159074,0.16973488678858051,1.7459071421917678,1.7903595309167446,0.62354134182918197,0.60886431228888849,0.62354134182918197,0.67002605091649681,0.094749962380038827
net_00320,path,8,7,0.25,1.75,0.4330127018922193,2,0,0,4,1,0.0025000000000000001,uncontrolled,0,none,,0,0.15403460162621854,0.1524787339837787,0.98989923286057946,0,1.5945218719101972,1.5845606361797131,0.55320888862379558,0.5532929659978908,0.55547572642114484,0.53006986797046896,0.18132839349106855
net_00321,path,8,7,0.25,1.75,0.4330127018922193,2,0,0,4,1,0.0025000000000000001,single_0,1,0,1,0.35999999999999999,0.15403460162621854,0.19634798950804236,1.2747005376395999,0.20505805576128028,1.5945218719101972,1.6905206805285309,0.55320888862379558,0.67709596802607974,0.67709596802607974,0.55501094917922356,0.22180028787855144
net_00322,path,8,7,0.25,1.75,0.4330127018922193,2,0,0,4,1,0.0025000000000000001,single_middle,1,4,2,0.35999999999999999,0.15403460162621854,0.16899858179367347,1.0971468748545643,0.21024089020583545,1.5945218719101972,1.6363282420531107,0.55320888862379558,0.5532929659978908,0.55547572642114484,0.55580869637144237,0.16053958236352731
net_00323,path,8,7,0.25,1.75,0.4330127018922193,2,0,0,4,1,0.0025000000000000001,two_0_last,2,0+7,1,0.35999999999999988,0.15403460162621854,0.20648851932327525,1.3405333421405001,0.20679475051657578,1.5945218719101972,1.7299255546931287,0.55320888862379558,0.65404597855784385,0.65404597855784385,0.56558517867343505,0.23279542255482588
net_00324,path,8,7,0.25,1.75,0.4330127018922193,2,1,0,4,1,0.0025000000000000001,uncontrolled,0,none,,0,0.23734630415986913,0.23486946097729738,0.98956443332311839,0,2.0484750425621492,2.0325522886051468,0.63944620863753399,0.62315800229311136,0.63944620863753399,0.70238611647777727,0.15186291225483195
net_00325,path,8,7,0.25,1.75,0.4330127018922193,2,1,0,4,1,0.0025000000000000001,single_0,1,0,1,0.35999999999999999,0.23734630415986913,0.21362811704949808,0.90006927980477336,0.20483377782845899,2.0484750425621492,2.1017014193902224,0.63944620863753399,0.62315800229311136,0.63944620863753399,0.72720943999977539,0.15267625030951176
net_00326,path,8,7,0.25,1.75,0.4330127018922193,2,1,0,4,1,0.0025000000000000001,single_middle,1,4,2,0.35999999999999999,0.23734630415986913,0.22341368731685235,0.94129836193433125,0.21226145115985001,2.0484750425621492,2.0922984827233932,0.63944620863753399,0.62315800229311136,0.63944620863753399,0.72795481716008659,0.13151388434021616
net_00327,path,8,7,0.25,1.75,0.4330127018922193,2,1,0,4,1,0.0025000000000000001,two_0_last,2,0+7,1,0.35999999999999988,0.23734630415986913,0.19798078142745434,0.83414309790179253,0.20492000807024657,2.0484750425621492,2.1256161035100027,0.63944620863753399,0.62315800229311136,0.63944620863753399,0.73741065429269326,0.14493448303717421
net_00328,path,8,7,0.25,1.75,0.4330127018922193,2,2,0,4,1,0.0025000000000000001,uncontrolled,0,none,,0,0.11731637085656005,0.11617152665369614,0.99024139432114133,0,2.1655022512110209,2.1448932980583728,0.77500000000000002,0.7667011952049243,0.77746840624843294,0.71971810618341969,0.23890741959746026
net_00329,path,8,7,0.25,1.75,0.4330127018922193,2,2,0,4,1,0.0025000000000000001,single_0,1,0,1,0.35999999999999999,0.11731637085656005,0.1161591906401935,0.99013624264100875,0.20711337503403296,2.1655022512110209,2.1871384421765714,0.77500000000000002,0.7667011952049243,0.77746840624843294,0.7449028191363819,0.2075249640368371
net_00330,path,8,7,0.25,1.75,0.4330127018922193,2,2,0,4,1,0.0025000000000000001,single_middle,1,4,2,0.35999999999999999,0.11731637085656005,0.15888602275715918,1.3543380314025002,0.20541493568347441,2.1655022512110209,2.2242088371737658,0.77500000000000002,0.7667011952049243,0.77746840624843294,0.74471737490441936,0.25255524234453025
net_00331,path,8,7,0.25,1.75,0.4330127018922193,2,2,0,4,1,0.0025000000000000001,two_0_last,2,0+7,1,0.35999999999999988,0.11731637085656005,0.14027206178756765,1.1956733809902369,0.20653841530682543,2.1655022512110209,2.2470312595292294,0.77500000000000002,0.86541017335964721,0.86541017335964721,0.7551258305988463,0.2468373252267404
net_00332,path,8,7,0.25,1.75,0.4330127018922193,2,3,0,4,1,0.0025000000000000001,uncontrolled,0,none,,0,0.72718635850791369,0.70916937155462667,0.97522370057896113,0,2.0730653631759899,2.0182225044650277,0.69999999999999996,0.6647521021250794,0.69999999999999996,0.63159742055078372,0.33202026752102409
net_00333,path,8,7,0.25,1.75,0.4330127018922193,2,3,0,4,1,0.0025000000000000001,single_0,1,0,1,0.35999999999999999,0.72718635850791369,0.73944960018452321,1.0168639600195086,0.20194523398211534,2.0730653631759899,2.1186515521064102,0.69999999999999996,0.80188203647191125,0.80188203647191125,0.6560601291109438,0.36148396492278057
net_00334,path,8,7,0.25,1.75,0.4330127018922193,2,3,0,4,1,0.0025000000000000001,single_middle,1,4,2,0.35999999999999999,0.72718635850791369,0.76853771857659547,1.0568648731991193,0.20194523398211534,2.0730653631759899,2.1186515521064098,0.69999999999999996,0.80188203647191125,0.80188203647191125,0.6560601291109438,0.36148396492278057
net_00335,path,8,7,0.25,1.75,0.4330127018922193,2,3,0,4,1,0.0025000000000000001,two_0_last,2,0+7,1,0.35999999999999988,0.72718635850791369,0.71312197466149119,0.98065917535185798,0.20740509843973368,2.0730653631759899,2.1130314209000782,0.69999999999999996,0.76166263781406307,0.76166263781406307,0.66676099184066417,0.33696068461102252
net_00336,path,8,7,0.25,1.75,0.4330127018922193,2,4,0,4,1,0.0025000000000000001,uncontrolled,0,none,,0,0.28447817051063079,0.28027034873303192,0.98520863034922523,0,1.9429450430923862,1.9220481776354115,0.62354134182918197,0.59611823584803569,0.62354134182918197,0.65690398011017592,0.17395634670617924
net_00337,path,8,7,0.25,1.75,0.4330127018922193,2,4,0,4,1,0.0025000000000000001,single_0,1,0,1,0.35999999999999999,0.28447817051063079,0.31700459106189205,1.1143371405014213,0.20308555255666413,1.9429450430923862,2.0180845076757135,0.62354134182918197,0.73445842445105713,0.73445842445105713,0.68152480139154525,0.21120388278463442
net_00338,path,8,7,0.25,1.75,0.4330127018922193,2,4,0,4,1,0.0025000000000000001,single_middle,1,4,2,0.35999999999999999,0.28447817051063079,0.34009056571376928,1.1954891480893444,0.20721976532299313,1.9429450430923862,2.0174708107140584,0.62354134182918197,0.72666279553724389,0.72666279553724389,0.68213019553074572,0.20849929341748752
net_00339,path,8,7,0.25,1.75,0.4330127018922193,2,4,0,4,1,0.0025000000000000001,two_0_last,2,0+7,1,0.35999999999999988,0.28447817051063079,0.33134042346131926,1.16473057622162,0.20336199074139424,1.9429450430923862,2.0504585796588284,0.62354134182918197,0.69386399212139527,0.69386399212139527,0.69170365209472551,0.21701061273790637
net_00340,path,8,7,0.25,1.75,0.4330127018922193,2,0,0.25,4,1,0.0025000000000000001,uncontrolled,0,none,,0,0.15403460162621854,0.1416894810155678,0.91985488662730797,0,1.5945218719101972,1.5731161392024255,0.55320888862379558,0.53981215940681382,0.55320888862379558,0.53002133122127915,0.16856508202417328
net_00341,path,8,7,0.25,1.75,0.4330127018922193,2,0,0.25,4,1,0.0025000000000000001,single_0,1,0,1,0.35999999999999999,0.15403460162621854,0.18103450396641857,1.1752846571818856,0.1937276908710254,1.5945218719101972,1.6751098615134561,0.55320888862379558,0.65532855952982194,0.65532855952982194,0.55495484617066326,0.20681936497617756
net_00342,path,8,7,0.25,1.75,0.4330127018922193,2,0,0.25,4,1,0.0025000000000000001,single_middle,1,4,2,0.35999999999999999,0.15403460162621854,0.14925663432405969,0.96898120778243646,0.18757542004285213,1.5945218719101972,1.6252864013136994,0.55320888862379558,0.53982233743032948,0.55320888862379558,0.55570466286275255,0.1462423107705117
net_00343,path,8,7,0.25,1.75,0.4330127018922193,2,0,0.25,4,1,0.0025000000000000001,two_0_last,2,0+7,1,0.35999999999999988,0.15403460162621854,0.19055380854343948,1.2370844377280807,0.19536144422355894,1.5945218719101972,1.7134986345669485,0.55320888862379558,0.63473948498431509,0.63473948498431509,0.56553903650168325,0.21719874430023167
net_00344,path,8,7,0.25,1.75,0.4330127018922193,2,1,0.25,4,1,0.0025000000000000001,uncontrolled,0,none,,0,0.23734630415986913,0.18751034414713494,0.79002849785616958,0,2.0484750425621492,2.014993442148524,0.63944620863753399,0.59516623234417598,0.63944620863753399,0.70210882831290611,0.12069803102276595
net_00345,path,8,7,0.25,1.75,0.4330127018922193,2,1,0.25,4,1,0.0025000000000000001,single_0,1,0,1,0.35999999999999999,0.23734630415986913,0.17294853651848507,0.72867591989969349,0.19343390290083742,2.0484750425621492,2.0875765293444668,0.63944620863753399,0.60299361067434243,0.63944620863753399,0.72694288221240422,0.1276754351253935
net_00346,path,8,7,0.25,1.75,0.4330127018922193,2,1,0.25,4,1,0.0025000000000000001,single_middle,1,4,2,0.35999999999999999,0.23734630415986913,0.17606263876667452,0.74179642017127922,0.18920924801738515,2.0484750425621492,2.0778721727364604,0.63944620863753399,0.59548286691938268,0.63944620863753399,0.72766547844776019,0.10098043005681613
net_00347,path,8,7,0.25,1.75,0.4330127018922193,2,1,0.25,4,1,0.0025000000000000001,two_0_last,2,0+7,1,0.35999999999999988,0.23734630415986913,0.16051209815993955,0.67627806014549763,0.19351157133266497,2.0484750425621492,2.1132652306223321,0.63944620863753399,0.60070255851918242,0.63944620863753399,0.73715891538174427,0.12179070302312751
net_00348,path,8,7,0.25,1.75,0.4330127018922193,2,2,0.25,4,1,0.0025000000000000001,uncontrolled,0,none,,0,0.11731637085656005,0.1114578818742672,0.95006247687753753,0,2.1655022512110209,2.1401517730868882,0.77500000000000002,0.75760970050891818,0.77536558160689828,0.71955818074994449,0.23402398594310669
net_00349,path,8,7,0.25,1.75,0.4330127018922193,2,2,0.25,4,1,0.0025000000000000001,single_0,1,0,1,0.35999999999999999,0.11731637085656005,0.10980560400777131,0.93597852717442165,0.19558746650756786,2.1655022512110209,2.1831359996723751,0.77500000000000002,0.75760970051034005,0.77536558160689828,0.7447559038853151,0.20272886514049948
net_00350,path,8,7,0.25,1.75,0.4330127018922193,2,2,0.25,4,1,0.0025000000000000001,single_middle,1,4,2,0.35999999999999999,0.11731637085656005,0.1438096382180101,1.2258275393963793,0.18356087251618772,2.1655022512110209,2.2178770459210693,0.77500000000000002,0.75761949226452607,0.77536558452035942,0.74456182985697039,0.2459674884471236
net_00351,path,8,7,0.25,1.75,0.4330127018922193,2,2,0.25,4,1,0.0025000000000000001,two_0_last,2,0+7,1,0.35999999999999988,0.11731637085656005,0.13155865141208545,1.1214006233873284,0.19506995332609922,2.1655022512110209,2.2414922527898051,0.77500000000000002,0.85058291875184311,0.85058291875184311,0.75498296284147959,0.24090800263521872
net_00352,path,8,7,0.25,1.75,0.4330127018922193,2,3,0.25,4,1,0.0025000000000000001,uncontrolled,0,none,,0,0.72718635850791369,0.46407538582984009,0.63817944382518244,0,2.0730653631759899,1.8874477577479685,0.69999999999999996,0.61777324393001098,0.69999999999999996,0.63040565249047986,0.218851760528746
net_00353,path,8,7,0.25,1.75,0.4330127018922193,2,3,0.25,4,1,0.0025000000000000001,single_0,1,0,1,0.35999999999999999,0.72718635850791369,0.49211134225489789,0.67673346247121935,0.19133167324163072,2.0730653631759899,1.984426336386625,0.69999999999999996,0.74749654751943118,0.74749654751943118,0.65496645263452002,0.25152024071922818
net_00354,path,8,7,0.25,1.75,0.4330127018922193,2,3,0.25,4,1,0.0025000000000000001,single_middle,1,4,2,0.35999999999999999,0.72718635850791369,0.51000845387849203,0.70134491373704966,0.18147311931459642,2.0730653631759899,1.9759815077045961,0.69999999999999996,0.6989592753374847,0.7013683689655692,0.65505310832973929,0.24283387349454125
net_00355,path,8,7,0.25,1.75,0.4330127018922193,2,3,0.25,4,1,0.0025000000000000001,two_0_last,2,0+7,1,0.35999999999999988,0.72718635850791369,0.46894931870610207,0.64488189749367897,0.19591241240420418,2.0730653631759899,1.9880013974231499,0.69999999999999996,0.70943413140684264,0.70998621416815022,0.66576237348998935,0.22534230975235359
net_00356,path,8,7,0.25,1.75,0.4330127018922193,2,4,0.25,4,1,0.0025000000000000001,uncontrolled,0,none,,0,0.28447817051063079,0.22179379564375254,0.77965137094926662,0,1.9429450430923862,1.8956758462693826,0.62354134182918197,0.57417364700171492,0.62354134182918197,0.65628122780274722,0.13599012574397237
net_00357,path,8,7,0.25,1.75,0.4330127018922193,2,4,0.25,4,1,0.0025000000000000001,single_0,1,0,1,0.35999999999999999,0.28447817051063079,0.25697743525585803,0.90332918970404774,0.19212859334225324,1.9429450430923862,1.9875267311088227,0.62354134182918197,0.70474142651430516,0.70474142651430516,0.68096955612791055,0.17338764946204221
net_00358,path,8,7,0.25,1.75,0.4330127018922193,2,4,0.25,4,1,0.0025000000000000001,single_middle,1,4,2,0.35999999999999999,0.28447817051063079,0.27251530273932517,0.95794802901806986,0.18522212426661541,1.9429450430923862,1.9836060345367554,0.62354134182918197,0.67763398935383667,0.67763398935383667,0.68150702981795908,0.16548347603320473
net_00359,path,8,7,0.25,1.75,0.4330127018922193,2,4,0.25,4,1,0.0025000000000000001,two_0_last,2,0+7,1,0.35999999999999988,0.28447817051063079,0.26867475725064788,0.94444771199274724,0.19229379852933948,1.9429450430923862,2.0178469251903404,0.62354134182918197,0.66641809939394492,0.66641809939394492,0.69110656163829676,0.17701694028540091
net_00360,path,8,7,0.25,1.75,0.4330127018922193,2,0,0.5,4,1,0.0025000000000000001,uncontrolled,0,none,,0,0.15403460162621854,0.13177686276947767,0.85550169493246941,0,1.5945218719101972,1.5631850764097341,0.55320888862379558,0.52758840468148405,0.55320888862379558,0.52998014494005463,0.15673064109510329
net_00361,path,8,7,0.25,1.75,0.4330127018922193,2,0,0.5,4,1,0.0025000000000000001,single_0,1,0,1,0.35999999999999999,0.15403460162621854,0.16763030059402484,1.088263927872503,0.18452513852473637,1.5945218719101972,1.6618579833471034,0.55320888862379558,0.63607797516799802,0.63607797516799802,0.55490873803366347,0.19312634997767569
net_00362,path,8,7,0.25,1.75,0.4330127018922193,2,0,0.5,4,1,0.0025000000000000001,single_middle,1,4,2,0.35999999999999999,0.15403460162621854,0.13331647743533276,0.86549694697065194,0.17065820275725829,1.5945218719101972,1.6163618812049119,0.55320888862379558,0.52765731205988264,0.55320888862379558,0.55562016103857903,0.13365797029731799
net_00363,path,8,7,0.25,1.75,0.4330127018922193,2,0,0.5,4,1,0.0025000000000000001,two_0_last,2,0+7,1,0.35999999999999988,0.15403460162621854,0.17662140672770721,1.1466346188650389,0.18608177298445494,1.5945218719101972,1.6993472462167389,0.55320888862379558,0.6175344558116288,0.6175344558116288,0.56550116621246393,0.20293118024442403
net_00364,path,8,7,0.25,1.75,0.4330127018922193,2,1,0.5,4,1,0.0025000000000000001,uncontrolled,0,none,,0,0.23734630415986913,0.15141041622893991,0.63793037251995521,0,2.0484750425621492,2.0039841676289449,0.63944620863753399,0.5737151114459329,0.63944620863753399,0.701886773945954,0.096690354085481725
net_00365,path,8,7,0.25,1.75,0.4330127018922193,2,1,0.5,4,1,0.0025000000000000001,single_0,1,0,1,0.35999999999999999,0.23734630415986913,0.14278237884564715,0.60157826915001533,0.18419017774796778,2.0484750425621492,2.0786157278443538,0.63944620863753399,0.59006682378718922,0.63944620863753399,0.7267313521817661,0.10927927416166786
net_00366,path,8,7,0.25,1.75,0.4330127018922193,2,1,0.5,4,1,0.0025000000000000001,single_middle,1,4,2,0.35999999999999999,0.23734630415986913,0.14083673322595575,0.59338077213577545,0.17200796157743539,2.0484750425621492,2.0691999594775381,0.63944620863753399,0.57477810403380647,0.63944620863753399,0.7274312319193651,0.077732630638656403
net_00367,path,8,7,0.25,1.75,0.4330127018922193,2,1,0.5,4,1,0.0025000000000000001,two_0_last,2,0+7,1,0.35999999999999988,0.23734630415986913,0.13317562331369803,0.56110257871972191,0.18426055863385407,2.0484750425621492,2.105439041736338,0.63944620863753399,0.58359647824943406,0.63944620863753399,0.73695917673061584,0.10488263269477242
net_00368,path,8,7,0.25,1.75,0.4330127018922193,2,2,0.5,4,1,0.0025000000000000001,uncontrolled,0,none,,0,0.11731637085656005,0.10738624003095171,0.91535596649380091,0,2.1655022512110209,2.1357326065030073,0.77500000000000002,0.74942852608370503,0.77500000000000002,0.71942342623814015,0.22934505573434932
net_00369,path,8,7,0.25,1.75,0.4330127018922193,2,2,0.5,4,1,0.0025000000000000001,single_0,1,0,1,0.35999999999999999,0.11731637085656005,0.10446331021561929,0.89044103097379401,0.18623732653737848,2.1655022512110209,2.1794538369363146,0.77500000000000002,0.7494285262342717,0.77500000000000002,0.74463294601478069,0.19817707770174139
net_00370,path,8,7,0.25,1.75,0.4330127018922193,2,2,0.5,4,1,0.0025000000000000001,single_middle,1,4,2,0.35999999999999999,0.11731637085656005,0.13262376464688949,1.1304796055193818,0.16723318384860952,2.1655022512110209,2.2124391693069545,0.77500000000000002,0.74949483104660608,0.77500000000000002,0.74443262099188812,0.24016860231637985
net_00371,path,8,7,0.25,1.75,0.4330127018922193,2,2,0.5,4,1,0.0025000000000000001,two_0_last,2,0+7,1,0.35999999999999988,0.11731637085656005,0.12443962585407936,1.0607183374793339,0.1857581344863832,2.1655022512110209,2.2364920279693052,0.77500000000000002,0.83749598596237118,0.83749598596237118,0.75486225996457368,0.23541461801990593
net_00372,path,8,7,0.25,1.75,0.4330127018922193,2,3,0.5,4,1,0.0025000000000000001,uncontrolled,0,none,,0,0.72718635850791369,0.3123679217649768,0.42955690533842356,0,2.0730653631759899,1.832307995519906,0.69999999999999996,0.58525142158030063,0.69999999999999996,0.63025297888350251,0.14983409630068575
net_00373,path,8,7,0.25,1.75,0.4330127018922193,2,3,0.5,4,1,0.0025000000000000001,single_0,1,0,1,0.35999999999999999,0.72718635850791369,0.33903811168516845,0.46623277199647695,0.18268617215137611,2.0730653631759899,1.9258836867070899,0.69999999999999996,0.70856088361193648,0.70856088361193648,0.65490874813479438,0.18634116146755625
net_00374,path,8,7,0.25,1.75,0.4330127018922193,2,3,0.5,4,1,0.0025000000000000001,single_middle,1,4,2,0.35999999999999999,0.72718635850791369,0.34870657774324276,0.47952849178681056,0.16603438091403724,2.0730653631759899,1.9141147968751657,0.69999999999999996,0.63400839356755168,0.69999999999999996,0.65506220632598322,0.16992038663854347
net_00375,path,8,7,0.25,1.75,0.4330127018922193,2,3,0.5,4,1,0.0025000000000000001,two_0_last,2,0+7,1,0.35999999999999988,0.72718635850791369,0.31830559629715965,0.43772217750382297,0.18656826970877116,2.0730653631759899,1.9352872281114588,0.69999999999999996,0.67236924839025136,0.69999999999999996,0.66570652245302886,0.15811991612352849
net_00376,path,8,7,0.25,1.75,0.4330127018922193,2,4,0.5,4,1,0.0025000000000000001,uncontrolled,0,none,,0,0.28447817051063079,0.17750813098905419,0.62397803905456717,0,1.9429450430923862,1.8793617724738421,0.62354134182918197,0.55605137070097754,0.62354134182918197,0.65583141928207589,0.10670160946284261
net_00377,path,8,7,0.25,1.75,0.4330127018922193,2,4,0.5,4,1,0.0025000000000000001,single_0,1,0,1,0.35999999999999999,0.28447817051063079,0.21087716020392819,0.74127712444652349,0.18324478227412697,1.9429450430923862,1.9678570408473028,0.62354134182918197,0.67996033607174466,0.67996033607174466,0.68057781735168388,0.14446972409593628
net_00378,path,8,7,0.25,1.75,0.4330127018922193,2,4,0.5,4,1,0.0025000000000000001,single_middle,1,4,2,0.35999999999999999,0.28447817051063079,0.22077686487051895,0.77607664754814165,0.16876651741399615,1.9429450430923862,1.9621941351395062,0.62354134182918197,0.63994683894292159,0.63994683894292159,0.68105682273687074,0.13205049110299685
net_00379,path,8,7,0.25,1.75,0.4330127018922193,2,4,0.5,4,1,0.0025000000000000001,two_0_last,2,0+7,1,0.35999999999999988,0.28447817051063079,0.22035863626433391,0.77460648691882406,0.18330478536700859,1.9429450430923862,1.9967785492989971,0.62354134182918197,0.64358377546664525,0.64358377546664525,0.69068768050221285,0.14608593316965562
net_00380,path,8,7,0.25,1.75,0.4330127018922193,2,0,1,4,1,0.0025000000000000001,uncontrolled,0,none,,0,0.15403460162621854,0.11419373566168776,0.74135119288840756,0,1.5945218719101972,1.5470812004910521,0.55320888862379558,0.50626038616847469,0.55320888862379558,0.52991411898274621,0.13554909301372764
net_00381,path,8,7,0.25,1.75,0.4330127018922193,2,0,1,4,1,0.0025000000000000001,single_0,1,0,1,0.35999999999999999,0.15403460162621854,0.14501225215766858,0.94142647578338501,0.17048204088616831,1.5945218719101972,1.6404700306700091,0.55320888862379558,0.60353132421841882,0.60353132421841882,0.5548383488214953,0.16895900943082096
net_00382,path,8,7,0.25,1.75,0.4330127018922193,2,0,1,4,1,0.0025000000000000001,single_middle,1,4,2,0.35999999999999999,0.15403460162621854,0.10890847736202343,0.70703904325536882,0.14765487257578949,1.5945218719101972,1.6029517714854586,0.55320888862379558,0.50666164072284725,0.55320888862379558,0.55549010036899427,0.11230559249472288
net_00383,path,8,7,0.25,1.75,0.4330127018922193,2,0,1,4,1,0.0025000000000000001,two_0_last,2,0+7,1,0.35999999999999988,0.15403460162621854,0.15312450930546917,0.99409163713126092,0.17193078524912153,1.5945218719101972,1.676434585295292,0.55320888862379558,0.58814855067100702,0.58814855067100702,0.56544362917733004,0.17770092028333723
net_00384,path,8,7,0.25,1.75,0.4330127018922193,2,1,1,4,1,0.0025000000000000001,uncontrolled,0,none,,0,0.23734630415986913,0.1034247424271946,0.43575459408683648,0,2.0484750425621492,1.9925062542063636,0.63944620863753399,0.54437315559944177,0.63944620863753399,0.7015382472086682,0.064064298441673509
net_00385,path,8,7,0.25,1.75,0.4330127018922193,2,1,1,4,1,0.0025000000000000001,single_0,1,0,1,0.35999999999999999,0.23734630415986913,0.10456000731265629,0.44053775213718055,0.17012257882922788,2.0484750425621492,2.0688903026918197,0.63944620863753399,0.5985791250482182,0.63944620863753399,0.72640503391692191,0.085872651476977868
net_00386,path,8,7,0.25,1.75,0.4330127018922193,2,1,1,4,1,0.0025000000000000001,single_middle,1,4,2,0.35999999999999999,0.23734630415986913,0.095863309348517278,0.40389636437712012,0.14862866356533319,2.0484750425621492,2.0606867993832614,0.63944620863753399,0.54744025690613218,0.63944620863753399,0.72705787312198733,0.046803950425005271
net_00387,path,8,7,0.25,1.75,0.4330127018922193,2,1,1,4,1,0.0025000000000000001,two_0_last,2,0+7,1,0.35999999999999988,0.23734630415986913,0.099560504376332667,0.41947358198285573,0.17018184699151007,2.0484750425621492,2.0968787235078001,0.63944620863753399,0.5651728484708326,0.63944620863753399,0.73665189234502826,0.08340585795944791
net_00388,path,8,7,0.25,1.75,0.4330127018922193,2,2,1,4,1,0.0025000000000000001,uncontrolled,0,none,,0,0.11731637085656005,0.10057950815501579,0.85733565930020095,0,2.1655022512110209,2.1276713395484435,0.77500000000000002,0.73514872229459505,0.77500000000000002,0.71921382267973089,0.22046460806304538
net_00389,path,8,7,0.25,1.75,0.4330127018922193,2,2,1,4,1,0.0025000000000000001,single_0,1,0,1,0.35999999999999999,0.11731637085656005,0.095894931991084176,0.81740452155933674,0.17199045612146563,2.1655022512110209,2.172835707273991,0.77500000000000002,0.73514873560014127,0.77500000000000002,0.74444298839223033,0.18962202768732817
net_00390,path,8,7,0.25,1.75,0.4330127018922193,2,2,1,4,1,0.0025000000000000001,single_middle,1,4,2,0.35999999999999999,0.11731637085656005,0.11740493555639582,1.0007549219191587,0.14500061875551074,2.1655022512110209,2.2032255386443547,0.77500000000000002,0.73553498532639283,0.77500000000000002,0.74423466468264565,0.22997850041155574
net_00391,path,8,7,0.25,1.75,0.4330127018922193,2,2,1,4,1,0.0025000000000000001,two_0_last,2,0+7,1,0.35999999999999988,0.11731637085656005,0.11341789279641948,0.96676953069996385,0.17155282486288251,2.1655022512110209,2.2276777447928513,0.77500000000000002,0.81527876701080104,0.81530652565448991,0.75467435625558243,0.22535556980224031
net_00392,path,8,7,0.25,1.75,0.4330127018922193,2,3,1,4,1,0.0025000000000000001,uncontrolled,0,none,,0,0.72718635850791369,0.15855152986391055,0.21803424666716309,0,2.0730653631759899,1.799156341216799,0.69999999999999996,0.54584491151466252,0.69999999999999996,0.63029774802674032,0.085704091792615872
net_00393,path,8,7,0.25,1.75,0.4330127018922193,2,3,1,4,1,0.0025000000000000001,single_0,1,0,1,0.35999999999999999,0.72718635850791369,0.18371624857659385,0.2526398445558774,0.16941039807076361,2.0730653631759899,1.8877112730718191,0.69999999999999996,0.65862256987594303,0.69999999999999996,0.65509064879143297,0.12762434397998906
net_00394,path,8,7,0.25,1.75,0.4330127018922193,2,3,1,4,1,0.0025000000000000001,single_middle,1,4,2,0.35999999999999999,0.72718635850791369,0.1832683133576648,0.25202386047739694,0.14476112533506477,2.0730653631759899,1.8750487777278708,0.69999999999999996,0.56530895131984893,0.69999999999999996,0.65530556410554452,0.10025271821582568
net_00395,path,8,7,0.25,1.75,0.4330127018922193,2,3,1,4,1,0.0025000000000000001,two_0_last,2,0+7,1,0.35999999999999988,0.72718635850791369,0.16672372649908121,0.22927235164473567,0.17229746872575202,2.0730653631759899,1.9031916693791222,0.69999999999999996,0.62550832517704169,0.69999999999999996,0.66585153505186911,0.097000255506522762
net_00396,path,8,7,0.25,1.75,0.4330127018922193,2,4,1,4,1,0.0025000000000000001,uncontrolled,0,none,,0,0.28447817051063079,0.11888980017498149,0.41792240143269144,0,1.9429450430923862,1.8627354861731087,0.62354134182918197,0.52897480548901799,0.62354134182918197,0.65518119559142696,0.066787254580940869
net_00397,path,8,7,0.25,1.75,0.4330127018922193,2,4,1,4,1,0.0025000000000000001,single_0,1,0,1,0.35999999999999999,0.28447817051063079,0.1483361124907738,0.52143232018300179,0.16970209563283503,1.9429450430923862,1.9465391411731656,0.62354134182918197,0.64207971553071963,0.64207971553071963,0.68002324713792273,0.10580742822170532
net_00398,path,8,7,0.25,1.75,0.4330127018922193,2,4,1,4,1,0.0025000000000000001,single_middle,1,4,2,0.35999999999999999,0.28447817051063079,0.15066462693577679,0.52961753327272099,0.1463249884140648,1.9429450430923862,1.9397018653350209,0.62354134182918197,0.58822152234836034,0.62354134182918197,0.6804042623357841,0.08576395276173672
net_00399,path,8,7,0.25,1.75,0.4330127018922193,2,4,1,4,1,0.0025000000000000001,two_0_last,2,0+7,1,0.35999999999999988,0.28447817051063079,0.15437731141992492,0.54266839224542862,0.1695806877310318,1.9429450430923862,1.9738662700766694,0.62354134182918197,0.60886433388094874,0.62354134182918197,0.69010001756503747,0.10382905313558799
net_00400,cycle,4,4,0.66666666666666663,2,0,2,0,0,4,1,0.0025000000000000001,uncontrolled,0,none,,0,0.23786532960506301,0.23613842540793015,0.99273999199462948,0,1.0452272480183435,1.0399537897736046,0.4618033988749895,0.46728860812292322,0.46729563754364462,0.49571598192505861,0.15697654754833842
net_00401,cycle,4,4,0.66666666666666663,2,0,2,0,0,4,1,0.0025000000000000001,single_0,1,0,2,0.35999999999999999,0.23786532960506301,0.32460396111857742,1.3646543683248413,0.20518236569019035,1.0452272480183435,1.1738768593988191,0.4618033988749895,0.58760623563541181,0.58760623563541181,0.54555259069403084,0.21649270436908472
net_00402,cycle,4,4,0.66666666666666663,2,0,2,0,0,4,1,0.0025000000000000001,single_middle,1,2,2,0.35999999999999999,0.23786532960506301,0.21374657251448065,0.89860330998793447,0.21075470901627047,1.0452272480183435,1.1244102391595401,0.4618033988749895,0.46728860812292322,0.46729563754364462,0.54712597050330969,0.1293358762390196
net_00403,cycle,4,4,0.66666666666666663,2,0,2,0,0,4,1,0.0025000000000000001,two_0_last,2,0+3,2,0.35999999999999988,0.23786532960506301,0.33331133632916565,1.4012606918485151,0.20771780865369574,1.0452272480183435,1.2222452817126526,0.4618033988749895,0.56923157531370039,0.56923157531370039,0.56692519108974182,0.22818130921499682
net_00404,cycle,4,4,0.66666666666666663,2,0,2,1,0,4,1,0.0025000000000000001,uncontrolled,0,none,,0,0.21286732957408006,0.20759828658730708,0.97524729136539812,0,1.4987494787321862,1.4869416265056925,0.61657797401561587,0.59884964803389151,0.61657797401561587,0.7329644799929611,0.12454686357952433
net_00405,cycle,4,4,0.66666666666666663,2,0,2,1,0,4,1,0.0025000000000000001,single_0,1,0,2,0.35999999999999999,0.21286732957408006,0.29937265456916246,1.4063814074624243,0.20479216092945404,1.4987494787321862,1.6101186121790618,0.61657797401561587,0.73851375883865078,0.73851375883865078,0.78278498921737683,0.18806420971920293
net_00406,cycle,4,4,0.66666666666666663,2,0,2,1,0,4,1,0.0025000000000000001,single_middle,1,2,2,0.35999999999999999,0.21286732957408006,0.19887651180050958,0.93427447132650987,0.21109740490440809,1.4987494787321862,1.5817015062730828,0.61657797401561587,0.59884964803389151,0.61657797401561587,0.78410811559007376,0.10305036051571281
net_00407,cycle,4,4,0.66666666666666663,2,0,2,1,0,4,1,0.0025000000000000001,two_0_last,2,0+3,2,0.35999999999999988,0.21286732957408006,0.29950099476686526,1.4069843191349651,0.20490850917864739,1.4987494787321862,1.653303359792937,0.61657797401561587,0.6975376964287251,0.6975376964287251,0.80334155702938859,0.19492394061595172
net_00408,cycle,4,4,0.66666666666666663,2,0,2,2,0,4,1,0.0025000000000000001,uncontrolled,0,none,,0,0.20381082989380084,0.20342126572712163,0.99808859928158777,0,1.0561723344227494,1.0521353128519941,0.47499999999999998,0.47502401588824256,0.47641537753188745,0.51266053007242662,0.11800999976018724
net_00409,cycle,4,4,0.66666666666666663,2,0,2,2,0,4,1,0.0025000000000000001,single_0,1,0,2,0.35999999999999999,0.20381082989380084,0.13847187413389964,0.67941372009550627,0.20793462460616796,1.0561723344227494,1.1364413922337513,0.47499999999999998,0.47502401588824256,0.47641537753188745,0.56348435474623615,0.0732129869064536
net_00410,cycle,4,4,0.66666666666666663,2,0,2,2,0,4,1,0.0025000000000000001,single_middle,1,2,2,0.35999999999999999,0.20381082989380084,0.24616886048622025,1.2078301266644702,0.20619017876415358,1.0561723344227494,1.171299256798545,0.47499999999999998,0.53157098854216556,0.53157098854216556,0.56283972259162063,0.16185466912385782
net_00411,cycle,4,4,0.66666666666666663,2,0,2,2,0,4,1,0.0025000000000000001,two_0_last,2,0+3,2,0.35999999999999988,0.20381082989380084,0.22861692941373718,1.1217113905716491,0.20838127039844831,1.0561723344227494,1.2009942410238421,0.47499999999999998,0.57620086195481479,0.57620086195481479,0.58441454756440536,0.13804502286645456
net_00412,cycle,4,4,0.66666666666666663,2,0,2,3,0,4,1,0.0025000000000000001,uncontrolled,0,none,,0,0.72718635850791369,0.70916937155462667,0.97522370057896113,0,1.4658785761446955,1.4270988188505183,0.69999999999999996,0.6647521021250794,0.69999999999999996,0.63159742055078372,0.33202026752102409
net_00413,cycle,4,4,0.66666666666666663,2,0,2,3,0,4,1,0.0025000000000000001,single_0,1,0,2,0.35999999999999999,0.72718635850791369,0.8102141663583271,1.114176795093867,0.20194523398211534,1.4658785761446955,1.5659097548959695,0.69999999999999996,0.80188203647191125,0.80188203647191125,0.68052283767110389,0.38717826324273041
net_00414,cycle,4,4,0.66666666666666663,2,0,2,3,0,4,1,0.0025000000000000001,single_middle,1,2,2,0.35999999999999999,0.72718635850791369,0.8102141663583271,1.114176795093867,0.20194523398211534,1.4658785761446955,1.5659097548959695,0.69999999999999996,0.80188203647191125,0.80188203647191125,0.68052283767110389,0.38717826324273041
net_00415,cycle,4,4,0.66666666666666663,2,0,2,3,0,4,1,0.0025000000000000001,two_0_last,2,0+3,2,0.35999999999999988,0.72718635850791369,0.71547798981699018,0.98389908095230572,0.20740509843973368,1.4658785761446955,1.5582973871974686,0.69999999999999996,0.76166263781406307,0.76166263781406307,0.70192456313054463,0.33819313182057459
net_00416,cycle,4,4,0.66666666666666663,2,0,2,4,0,4,1,0.0025000000000000001,uncontrolled,0,none,,0,0.28190917889881778,0.28010605661832688,0.99360388942447997,0,1.3714751087654729,1.3653521079491697,0.62354134182918197,0.59611823584803569,0.62354134182918197,0.66140630625364338,0.16908072840575922
net_00417,cycle,4,4,0.66666666666666663,2,0,2,4,0,4,1,0.0025000000000000001,single_0,1,0,2,0.35999999999999999,0.28190917889881778,0.36874695437343691,1.3080345798381638,0.20308555255666413,1.3714751087654729,1.4975253793009187,0.62354134182918197,0.73445842445105713,0.73445842445105713,0.71064794881638194,0.23584965180313322
net_00418,cycle,4,4,0.66666666666666663,2,0,2,4,0,4,1,0.0025000000000000001,single_middle,1,2,2,0.35999999999999999,0.28190917889881778,0.21825867728497111,0.77421628532112474,0.21320153008191833,1.3714751087654729,1.4426032298376625,0.62354134182918197,0.59611823584803569,0.62354134182918197,0.71227700944779559,0.11374305032228986
net_00419,cycle,4,4,0.66666666666666663,2,0,2,4,0,4,1,0.0025000000000000001,two_0_last,2,0+3,2,0.35999999999999988,0.28190917889881778,0.3674970680868429,1.303600931059943,0.20718031533862963,1.3714751087654729,1.5388614826138807,0.62354134182918197,0.69386399212139527,0.69386399212139527,0.73217836163409489,0.2365132394242663
net_00420,cycle,4,4,0.66666666666666663,2,0,2,0,0.25,4,1,0.0025000000000000001,uncontrolled,0,none,,0,0.23786532960506301,0.18749732554775003,0.78824991376027387,0,1.0452272480183435,1.0203031115517724,0.4618033988749895,0.44081474530395737,0.4618033988749895,0.49526198345990413,0.12235267712607992
net_00421,cycle,4,4,0.66666666666666663,2,0,2,0,0.25,4,1,0.0025000000000000001,single_0,1,0,2,0.35999999999999999,0.23786532960506301,0.264505666421394,1.1119975612274515,0.18356728111931764,1.0452272480183435,1.1453296047025034,0.4618033988749895,0.5501494562172653,0.5501494562172653,0.54523477987217184,0.17511142358436371
net_00422,cycle,4,4,0.66666666666666663,2,0,2,0,0.25,4,1,0.0025000000000000001,single_middle,1,2,2,0.35999999999999999,0.23786532960506301,0.16989437725011688,0.71424607164145815,0.18792133562544497,1.0452272480183435,1.1110748046653094,0.4618033988749895,0.44863288482954017,0.4618033988749895,0.54656148224983014,0.099460301182846322
net_00423,cycle,4,4,0.66666666666666663,2,0,2,0,0.25,4,1,0.0025000000000000001,two_0_last,2,0+3,2,0.35999999999999988,0.23786532960506301,0.272509348698245,1.1456455177839611,0.19628432171946808,1.0452272480183435,1.1921978282790122,0.4618033988749895,0.53670379565842419,0.53670379565842419,0.56656307837869735,0.18531107267606084
net_00424,cycle,4,4,0.66666666666666663,2,0,2,1,0.25,4,1,0.0025000000000000001,uncontrolled,0,none,,0,0.21286732957408006,0.16828867711698006,0.79058011134777662,0,1.4987494787321862,1.4780572013539184,0.61657797401561587,0.57980696177178292,0.61657797401561587,0.73267801564438884,0.096675736407565799
net_00425,cycle,4,4,0.66666666666666663,2,0,2,1,0.25,4,1,0.0025000000000000001,single_0,1,0,2,0.35999999999999999,0.21286732957408006,0.2463579883526521,1.1573311359971608,0.1832232589226386,1.4987494787321862,1.5946592236676249,0.61657797401561587,0.70405472481715003,0.70405472481715003,0.7825918376127099,0.1525926787530125
net_00426,cycle,4,4,0.66666666666666663,2,0,2,1,0.25,4,1,0.0025000000000000001,single_middle,1,2,2,0.35999999999999999,0.21286732957408006,0.16185545237323715,0.76035835417811148,0.18814096889056908,1.4987494787321862,1.5754683327137224,0.61657797401561587,0.58748021903213754,0.61657797401561587,0.78372917939455033,0.079332781443005082
net_00427,cycle,4,4,0.66666666666666663,2,0,2,1,0.25,4,1,0.0025000000000000001,two_0_last,2,0+3,2,0.35999999999999988,0.21286732957408006,0.24782313864794378,1.1642140630213464,0.19384910951334544,1.4987494787321862,1.6375596646452013,0.61657797401561587,0.6729261357077474,0.6729261357077474,0.80320868671163581,0.1589220545084766
net_00428,cycle,4,4,0.66666666666666663,2,0,2,2,0.25,4,1,0.0025000000000000001,uncontrolled,0,none,,0,0.20381082989380084,0.15028342524478613,0.73736722098179919,0,1.0561723344227494,1.0388997079526525,0.47499999999999998,0.44271816006747011,0.47499999999999998,0.51198425712490625,0.087751189463645227
net_00429,cycle,4,4,0.66666666666666663,2,0,2,2,0.25,4,1,0.0025000000000000001,single_0,1,0,2,0.35999999999999999,0.20381082989380084,0.11179741930109705,0.54853522435167468,0.18570855558616098,1.0561723344227494,1.1314745555919492,0.47499999999999998,0.45043662645659543,0.47499999999999998,0.56281232890062816,0.057453893910254031
net_00430,cycle,4,4,0.66666666666666663,2,0,2,2,0.25,4,1,0.0025000000000000001,single_middle,1,2,2,0.35999999999999999,0.20381082989380084,0.20239522270834315,0.99305430832014507,0.18436172942046561,1.0561723344227494,1.1555403870183554,0.47499999999999998,0.51585194762608966,0.51585194762608966,0.56228338104515174,0.13287511395316029
net_00431,cycle,4,4,0.66666666666666663,2,0,2,2,0.25,4,1,0.0025000000000000001,two_0_last,2,0+3,2,0.35999999999999988,0.20381082989380084,0.17646123005675038,0.8658088981272416,0.19681479855896378,1.0561723344227494,1.1874033045454306,0.47499999999999998,0.53801082092540864,0.53801082092540864,0.58376399196630602,0.10817233285325199
net_00432,cycle,4,4,0.66666666666666663,2,0,2,3,0.25,4,1,0.0025000000000000001,uncontrolled,0,none,,0,0.72718635850791369,0.44797614999481961,0.61604036538034768,0,1.4658785761446955,1.3243522697398127,0.69999999999999996,0.57614412967956219,0.69999999999999996,0.63032485196525112,0.20289853273553474
net_00433,cycle,4,4,0.66666666666666663,2,0,2,3,0.25,4,1,0.0025000000000000001,single_0,1,0,2,0.35999999999999999,0.72718635850791369,0.52813817871227309,0.7262762461550295,0.18147655445415528,1.4658785761446955,1.4477446692457181,0.69999999999999996,0.69896338236298838,0.70136866722267688,0.67961982943885324,0.24921485562833623
net_00434,cycle,4,4,0.66666666666666663,2,0,2,3,0.25,4,1,0.0025000000000000001,single_middle,1,2,2,0.35999999999999999,0.72718635850791369,0.52813817871227309,0.7262762461550295,0.1814765544541552,1.4658785761446955,1.4477446692457181,0.69999999999999996,0.69896338236298838,0.70136866722267688,0.67961982943885324,0.24921485562833623
net_00435,cycle,4,4,0.66666666666666663,2,0,2,3,0.25,4,1,0.0025000000000000001,two_0_last,2,0+3,2,0.35999999999999988,0.72718635850791369,0.45689473474182862,0.62830487590459438,0.19599584023184305,1.4658785761446955,1.4647304694979411,0.69999999999999996,0.66834246986023327,0.69999999999999996,0.70124377157307638,0.21122502195261253
net_00436,cycle,4,4,0.66666666666666663,2,0,2,4,0.25,4,1,0.0025000000000000001,uncontrolled,0,none,,0,0.28190917889881778,0.22485056032518608,0.7975992878397512,0,1.3714751087654729,1.3468590966130634,0.62354134182918197,0.56811552381816188,0.62354134182918197,0.66053389465484613,0.13115765530246321
net_00437,cycle,4,4,0.66666666666666663,2,0,2,4,0.25,4,1,0.0025000000000000001,single_0,1,0,2,0.35999999999999999,0.28190917889881778,0.30351449383383944,1.0766392744621351,0.18201193000177113,1.3714751087654729,1.4705445215969066,0.62354134182918197,0.69145622254787709,0.69145622254787709,0.7100464729611673,0.19094319504783339
net_00438,cycle,4,4,0.66666666666666663,2,0,2,4,0.25,4,1,0.0025000000000000001,single_middle,1,2,2,0.35999999999999999,0.28190917889881778,0.17707718676703058,0.62813558415771464,0.18992274701015466,1.3714751087654729,1.4330998744846977,0.62354134182918197,0.56875009285927558,0.62354134182918197,0.71156532392788163,0.084371810134800287
net_00439,cycle,4,4,0.66666666666666663,2,0,2,4,0.25,4,1,0.0025000000000000001,two_0_last,2,0+3,2,0.35999999999999988,0.28190917889881778,0.3008631638200876,1.0672343660298933,0.19588109443758392,1.3714751087654729,1.5119999995895237,0.62354134182918197,0.66066483039376411,0.66066483039376411,0.7314552169423183,0.1910739785987248
net_00440,cycle,4,4,0.66666666666666663,2,0,2,0,0.5,4,1,0.0025000000000000001,uncontrolled,0,none,,0,0.23786532960506301,0.14970067104993207,0.62935052913548128,0,1.0452272480183435,1.007992090934108,0.4618033988749895,0.42028232251063974,0.4618033988749895,0.49489410630270886,0.095351126858951793
net_00441,cycle,4,4,0.66666666666666663,2,0,2,0,0.5,4,1,0.0025000000000000001,single_0,1,0,2,0.35999999999999999,0.23786532960506301,0.21729843244649463,0.91353554049799357,0.1674534974564231,1.0452272480183435,1.1266177921000917,0.4618033988749895,0.52069912187482104,0.52069912187482104,0.54498325709499051,0.14251372514693739
net_00442,cycle,4,4,0.66666666666666663,2,0,2,0,0.5,4,1,0.0025000000000000001,single_middle,1,2,2,0.35999999999999999,0.23786532960506301,0.13704511398175373,0.57614581414321719,0.17091365960601368,1.0452272480183435,1.1030098421048558,0.4618033988749895,0.43375691801230853,0.4618033988749895,0.5461036733184309,0.076996467017397666
net_00443,cycle,4,4,0.66666666666666663,2,0,2,0,0.5,4,1,0.0025000000000000001,two_0_last,2,0+3,2,0.35999999999999988,0.23786532960506301,0.22428908011916915,0.94292463929722314,0.18720057474822915,1.0452272480183435,1.1722834869167442,0.4618033988749895,0.51104464491910895,0.51104464491910895,0.56627928831170982,0.15129412101467607
net_00444,cycle,4,4,0.66666666666666663,2,0,2,1,0.5,4,1,0.0025000000000000001,uncontrolled,0,none,,0,0.21286732957408006,0.13770425275984677,0.64690177226996337,0,1.4987494787321862,1.4725711274210329,0.61657797401561587,0.56507690687950696,0.61657797401561587,0.73245441199973338,0.075013103326270786
net_00445,cycle,4,4,0.66666666666666663,2,0,2,1,0.5,4,1,0.0025000000000000001,single_0,1,0,2,0.35999999999999999,0.21286732957408006,0.20476985753409116,0.96196000552930838,0.16713942478781332,1.4987494787321862,1.5846628486280965,0.61657797401561587,0.6771256241983451,0.6771256241983451,0.78245080573732451,0.12473901777928051
net_00446,cycle,4,4,0.66666666666666663,2,0,2,1,0.5,4,1,0.0025000000000000001,single_middle,1,2,2,0.35999999999999999,0.21286732957408006,0.13437529651292504,0.63126312892538561,0.17104083587852784,1.4987494787321862,1.5717628217337869,0.61657797401561587,0.57997086164791822,0.61657797401561587,0.78343108961029917,0.062010642458841365
net_00447,cycle,4,4,0.66666666666666663,2,0,2,1,0.5,4,1,0.0025000000000000001,two_0_last,2,0+3,2,0.35999999999999988,0.21286732957408006,0.20664533400567892,0.97077054717203182,0.18508093622408139,1.4987494787321862,1.6272532620547013,0.61657797401561587,0.65345896566156936,0.65345896566156936,0.80311843376630931,0.13034214998098992
net_00448,cycle,4,4,0.66666666666666663,2,0,2,2,0.5,4,1,0.0025000000000000001,uncontrolled,0,none,,0,0.20381082989380084,0.11381392909599376,0.55842925106236252,0,1.0561723344227494,1.0316531608204988,0.47499999999999998,0.42022084023622375,0.47499999999999998,0.51155084342824364,0.066278168695160039
net_00449,cycle,4,4,0.66666666666666663,2,0,2,2,0.5,4,1,0.0025000000000000001,single_0,1,0,2,0.35999999999999999,0.20381082989380084,0.093799291992603492,0.46022722169120867,0.16915767340846577,1.0561723344227494,1.1286787544064816,0.47499999999999998,0.43353651100514423,0.47499999999999998,0.56236791674290343,0.047130233188352334
net_00450,cycle,4,4,0.66666666666666663,2,0,2,2,0.5,4,1,0.0025000000000000001,single_middle,1,2,2,0.35999999999999999,0.20381082989380084,0.16872847425341125,0.82786804970731998,0.16810219841511448,1.0561723344227494,1.1453085824004468,0.47499999999999998,0.50082416928917373,0.50082416928917373,0.56193904348802171,0.11026082093743643
net_00451,cycle,4,4,0.66666666666666663,2,0,2,2,0.5,4,1,0.0025000000000000001,two_0_last,2,0+3,2,0.35999999999999988,0.20381082989380084,0.14047973906662173,0.68926533069818285,0.18762207117146248,1.0561723344227494,1.1795435200465312,0.47499999999999998,0.5105030806717058,0.5105030806717058,0.58333810933684371,0.08687565318463511
net_00452,cycle,4,4,0.66666666666666663,2,0,2,3,0.5,4,1,0.0025000000000000001,uncontrolled,0,none,,0,0.72718635850791369,0.29003322398797943,0.39884304840795926,0,1.4658785761446955,1.2844561869181907,0.69999999999999996,0.52277965185678854,0.69999999999999996,0.63021768419755675,0.12362279139694754
net_00453,cycle,4,4,0.66666666666666663,2,0,2,3,0.5,4,1,0.0025000000000000001,single_0,1,0,2,0.35999999999999999,0.72718635850791369,0.35485300912047996,0.48798083870631109,0.16607744377123745,1.4658785761446955,1.3987244193530688,0.69999999999999996,0.63405810403376006,0.69999999999999996,0.6798364221856541,0.16410344113836919
net_00454,cycle,4,4,0.66666666666666663,2,0,2,3,0.5,4,1,0.0025000000000000001,single_middle,1,2,2,0.35999999999999999,0.72718635850791369,0.35485300912047996,0.48798083870631109,0.16607744377123745,1.4658785761446955,1.398724419353069,0.69999999999999996,0.63405810403376006,0.69999999999999996,0.6798364221856541,0.16410344113836919
net_00455,cycle,4,4,0.66666666666666663,2,0,2,3,0.5,4,1,0.0025000000000000001,two_0_last,2,0+3,2,0.35999999999999988,0.72718635850791369,0.3014157796703974,0.41449592136032515,0.18689868243734487,1.4658785761446955,1.4283378303680314,0.69999999999999996,0.61076520031552606,0.69999999999999996,0.70133198075031056,0.13479870990465731
net_00456,cycle,4,4,0.66666666666666663,2,0,2,4,0.5,4,1,0.0025000000000000001,uncontrolled,0,none,,0,0.28190917889881778,0.18224271473625123,0.6464589604642188,0,1.3714751087654729,1.3353942874757878,0.62354134182918197,0.54566348357092842,0.62354134182918197,0.65990857189812113,0.10168654036362909
net_00457,cycle,4,4,0.66666666666666663,2,0,2,4,0.5,4,1,0.0025000000000000001,single_0,1,0,2,0.35999999999999999,0.28190917889881778,0.25163648744309158,0.89261544596037579,0.1662981090186571,1.3714751087654729,1.4528544083745409,0.62354134182918197,0.65710858957779894,0.65710858957779894,0.70963058056462969,0.15530911792564234
net_00458,cycle,4,4,0.66666666666666663,2,0,2,4,0.5,4,1,0.0025000000000000001,single_middle,1,2,2,0.35999999999999999,0.28190917889881778,0.14596154851231427,0.5177608940668883,0.17258744928313235,1.3714751087654729,1.427455043120232,0.62354134182918197,0.54779478970578532,0.62354134182918197,0.71099166498867583,0.0624325824307842
net_00459,cycle,4,4,0.66666666666666663,2,0,2,4,0.5,4,1,0.0025000000000000001,two_0_last,2,0+3,2,0.35999999999999988,0.28190917889881778,0.24840277525655557,0.8811446871891736,0.18691674521967633,1.3714751087654729,1.4945173747197791,0.62354134182918197,0.63374634601701507,0.63374634601701507,0.7309718901226202,0.15516327428031818
net_00460,cycle,4,4,0.66666666666666663,2,0,2,0,1,4,1,0.0025000000000000001,uncontrolled,0,none,,0,0.23786532960506301,0.097483166551508585,0.40982503298552864,0,1.0452272480183435,0.9954348781393717,0.4618033988749895,0.39194495230616849,0.4618033988749895,0.4943388414619338,0.057894377759498281
net_00461,cycle,4,4,0.66666666666666663,2,0,2,0,1,4,1,0.0025000000000000001,single_0,1,0,2,0.35999999999999999,0.23786532960506301,0.15060909822601612,0.63316961104032365,0.14583252273563571,1.0452272480183435,1.1061579521058065,0.4618033988749895,0.47894958389404479,0.47894958389404479,0.54460471558289258,0.096447174746617154
net_00462,cycle,4,4,0.66666666666666663,2,0,2,0,1,4,1,0.0025000000000000001,single_middle,1,2,2,0.35999999999999999,0.23786532960506301,0.094169842509381374,0.395895621550796,0.14811968598602679,1.0452272480183435,1.0950528590394331,0.4618033988749895,0.41266659350764823,0.4618033988749895,0.5454155153593585,0.048032349806088503
net_00463,cycle,4,4,0.66666666666666663,2,0,2,0,1,4,1,0.0025000000000000001,two_0_last,2,0+3,2,0.35999999999999988,0.23786532960506301,0.1553462785905797,0.65308499918213014,0.17424036763610545,1.0452272480183435,1.1502100099770778,0.4618033988749895,0.47462799713770554,0.47462799713770554,0.56585565195749421,0.10272851556713261
net_00464,cycle,4,4,0.66666666666666663,2,0,2,1,1,4,1,0.0025000000000000001,uncontrolled,0,none,,0,0.21286732957408006,0.095105326684356256,0.44678216650084207,0,1.4987494787321862,1.467056891834545,0.61657797401561587,0.54490455089302769,0.61657797401561587,0.73213926078053393,0.045122985202028149
net_00465,cycle,4,4,0.66666666666666663,2,0,2,1,1,4,1,0.0025000000000000001,single_0,1,0,2,0.35999999999999999,0.21286732957408006,0.14574394520475015,0.68467033196857829,0.14555335979187384,1.4987494787321862,1.5738414294917809,0.61657797401561587,0.63920371569011802,0.63920371569011802,0.78226634549012408,0.085460961904888902
net_00466,cycle,4,4,0.66666666666666663,2,0,2,1,1,4,1,0.0025000000000000001,single_middle,1,2,2,0.35999999999999999,0.21286732957408006,0.09816594892221113,0.46116024059975985,0.14812418055230614,1.4987494787321862,1.5681300126515159,0.61657797401561587,0.58206925205310989,0.61657797401561587,0.7830053267654089,0.040750366889216731
net_00467,cycle,4,4,0.66666666666666663,2,0,2,1,1,4,1,0.0025000000000000001,two_0_last,2,0+3,2,0.35999999999999988,0.21286732957408006,0.14719007088598104,0.69146388588840435,0.17260782463146435,1.4987494787321862,1.6159668463549586,0.61657797401561587,0.62578081767271743,0.62578081767271743,0.80301173074446885,0.089495097163868276
net_00468,cycle,4,4,0.66666666666666663,2,0,2,2,1,4,1,0.0025000000000000001,uncontrolled,0,none,,0,0.20381082989380084,0.06874875282158921,0.33731648537720954,0,1.0561723344227494,1.0251163623956334,0.47499999999999998,0.392945230800823,0.47499999999999998,0.51107685797301694,0.038940138125622387
net_00469,cycle,4,4,0.66666666666666663,2,0,2,2,1,4,1,0.0025000000000000001,single_0,1,0,2,0.35999999999999999,0.20381082989380084,0.07069859523027909,0.34688340784990579,0.14697235236783251,1.0561723344227494,1.1259441996511776,0.47499999999999998,0.42374642399832541,0.47499999999999998,0.56186603843869243,0.035272369232055706
net_00470,cycle,4,4,0.66666666666666663,2,0,2,2,1,4,1,0.0025000000000000001,single_middle,1,2,2,0.35999999999999999,0.20381082989380084,0.12060138339232385,0.59173196760528024,0.14629515457549067,1.0561723344227494,1.1339289825503069,0.47499999999999998,0.47537915924042495,0.47537915924042495,0.56158098022668557,0.077945731214278655
net_00471,cycle,4,4,0.66666666666666663,2,0,2,2,1,4,1,0.0025000000000000001,two_0_last,2,0+3,2,0.35999999999999988,0.20381082989380084,0.095461145175097614,0.46838112196903031,0.17450261487734983,1.0561723344227494,1.1717795227654018,0.47499999999999998,0.47529134808986501,0.47529134808986501,0.58286239637326809,0.059483101693585234
net_00472,cycle,4,4,0.66666666666666663,2,0,2,3,1,4,1,0.0025000000000000001,uncontrolled,0,none,,0,0.72718635850791369,0.13512962824472982,0.18582530690206733,0,1.4658785761446955,1.2639989518099761,0.69999999999999996,0.47161475184739143,0.69999999999999996,0.63032541986558055,0.045969583590229901
net_00473,cycle,4,4,0.66666666666666663,2,0,2,3,1,4,1,0.0025000000000000001,single_0,1,0,2,0.35999999999999999,0.72718635850791369,0.17996560530907921,0.24748209754421666,0.14518680377206894,1.4658785761446955,1.3701656748109983,0.69999999999999996,0.5657730369024313,0.69999999999999996,0.6803412018638848,0.080463303151028995
net_00474,cycle,4,4,0.66666666666666663,2,0,2,3,1,4,1,0.0025000000000000001,single_middle,1,2,2,0.35999999999999999,0.72718635850791369,0.17996560530907921,0.24748209754421666,0.14518680377206894,1.4658785761446955,1.3701656748109983,0.69999999999999996,0.5657730369024313,0.69999999999999996,0.6803412018638848,0.080463303151028995
net_00475,cycle,4,4,0.66666666666666663,2,0,2,3,1,4,1,0.0025000000000000001,two_0_last,2,0+3,2,0.35999999999999988,0.72718635850791369,0.15068011547300142,0.20720976639630076,0.17388380011751547,1.4658785761446955,1.4090292546752559,0.69999999999999996,0.5525991091237622,0.69999999999999996,0.70161828418154326,0.063817265961682482
net_00476,cycle,4,4,0.66666666666666663,2,0,2,4,1,4,1,0.0025000000000000001,uncontrolled,0,none,,0,0.28190917889881778,0.12345044305263929,0.43790856166818126,0,1.3714751087654729,1.323788556276112,0.62354134182918197,0.51371415803094367,0.62354134182918197,0.65907499235861322,0.061026140951170885
net_00477,cycle,4,4,0.66666666666666663,2,0,2,4,1,4,1,0.0025000000000000001,single_0,1,0,2,0.35999999999999999,0.28190917889881778,0.17710744072126131,0.62824290224628809,0.14520139653742881,1.3714751087654729,1.4335338296584978,0.62354134182918197,0.60779621426177621,0.62354134182918197,0.709094992578997,0.10459016059473296
net_00478,cycle,4,4,0.66666666666666663,2,0,2,4,1,4,1,0.0025000000000000001,single_middle,1,2,2,0.35999999999999999,0.28190917889881778,0.1047066986064344,0.37141996942219291,0.14935902215670355,1.3714751087654729,1.4220495150071462,0.62354134182918197,0.51986493889477237,0.62354134182918197,0.71015522102025153,0.035153489737046399
net_00479,cycle,4,4,0.66666666666666663,2,0,2,4,1,4,1,0.0025000000000000001,two_0_last,2,0+3,2,0.35999999999999988,0.28190917889881778,0.17371613458999252,0.61621311965986869,0.17415175145755735,1.3714751087654729,1.4755322700792881,0.62354134182918197,0.59463282597602907,0.62354134182918197,0.7303647045151489,0.10424139489585396
net_00480,cycle,5,5,0.5,2,0,2,0,0,4,1,0.0025000000000000001,uncontrolled,0,none,,0,0.21095023109728986,0.20919268177310354,0.99166841716624743,0,1.2062338081814818,1.1995144394163564,0.5,0.50403961995778079,0.50436505289356415,0.50941049306941444,0.16813068614754154
net_00481,cycle,5,5,0.5,2,0,2,0,0,4,1,0.0025000000000000001,single_0,1,0,2,0.35999999999999999,0.21095023109728986,0.28439178881747013,1.3481463724318423,0.20503956718539726,1.2062338081814818,1.3251822746622353,0.5,0.62442115719576541,0.62442115719576541,0.54927482967796726,0.22252814136202026
net_00482,cycle,5,5,0.5,2,0,2,0,0,4,1,0.0025000000000000001,single_middle,1,2,2,0.35999999999999999,0.21095023109728986,0.19615478232296013,0.92986284633409055,0.20940148757913626,1.2062338081814818,1.2638441440397352,0.5,0.50403961995778079,0.50436505289356415,0.55053584009123058,0.12794800842431725
net_00483,cycle,5,5,0.5,2,0,2,0,0,4,1,0.0025000000000000001,two_0_last,2,0+4,2,0.35999999999999988,0.21095023109728986,0.28996358447892906,1.3745592169804184,0.20735161451781695,1.2062338081814818,1.3712874734087552,0.5,0.60555427651992799,0.60555427651992799,0.56632188690120278,0.23529850692729612
net_00484,cycle,5,5,0.5,2,0,2,1,0,4,1,0.0025000000000000001,uncontrolled,0,none,,0,0.24647515087732466,0.24813683711007972,1.0067418002457462,0,1.6534055763786453,1.6416236680942458,0.5625,0.56369926233119849,0.56551176509344581,0.72102523321916301,0.13823265385100925
net_00485,cycle,5,5,0.5,2,0,2,1,0,4,1,0.0025000000000000001,single_0,1,0,2,0.35999999999999999,0.24647515087732466,0.27744946082420446,1.1256690982300943,0.2046897046430555,1.6534055763786453,1.7452164084539734,0.5625,0.68414993349243503,0.68414993349243503,0.76083426415747102,0.17403242499993152
net_00486,cycle,5,5,0.5,2,0,2,1,0,4,1,0.0025000000000000001,single_middle,1,2,2,0.35999999999999999,0.24647515087732466,0.13857983066149174,0.56224666124848233,0.21278691203198585,1.6534055763786453,1.7082625782722725,0.5625,0.56369926233119849,0.56551176509344581,0.76183699604979893,0.056891112793697206
net_00487,cycle,5,5,0.5,2,0,2,1,0,4,1,0.0025000000000000001,two_0_last,2,0+4,2,0.35999999999999988,0.24647515087732466,0.26078971265415118,1.0580770991553268,0.20479637699742639,1.6534055763786453,1.7815593232730929,0.5625,0.64310501686197541,0.64310501686197541,0.77724308886998617,0.1751682199261585
net_00488,cycle,5,5,0.5,2,0,2,2,0,4,1,0.0025000000000000001,uncontrolled,0,none,,0,0.22742031571519727,0.22675197419192239,0.99706120571870172,0,1.3122880781291888,1.306035872129105,0.55000000000000004,0.55081596130058463,0.55263525800958968,0.56480003230907649,0.14881822254439339
net_00489,cycle,5,5,0.5,2,0,2,2,0,4,1,0.0025000000000000001,single_0,1,0,2,0.35999999999999999,0.22742031571519727,0.15773877205077816,0.69360018059388051,0.20735877325141694,1.3122880781291888,1.3744766329203923,0.55000000000000004,0.55081596130058463,0.55263525800958968,0.60521511053078803,0.10747963934644533
net_00490,cycle,5,5,0.5,2,0,2,2,0,4,1,0.0025000000000000001,single_middle,1,2,2,0.35999999999999999,0.22742031571519727,0.26284722053447956,1.1557772211680863,0.2081383171504794,1.3122880781291888,1.4057129473124312,0.55000000000000004,0.55081596130058463,0.55263525800958968,0.60546347601478456,0.16917374873323301
net_00491,cycle,5,5,0.5,2,0,2,2,0,4,1,0.0025000000000000001,two_0_last,2,0+4,2,0.35999999999999988,0.22742031571519727,0.24537622762577621,1.0789547400552617,0.20799515773650107,1.3122880781291888,1.4389832687234796,0.55000000000000004,0.65166519148727498,0.65166519148727498,0.62195044455429982,0.16526407368793355
net_00492,cycle,5,5,0.5,2,0,2,3,0,4,1,0.0025000000000000001,uncontrolled,0,none,,0,0.65041525197369099,0.63430036894278041,0.97522370057896113,0,1.7708754896942924,1.7219669240520852,0.69999999999999996,0.6647521021250794,0.69999999999999996,0.69800147405498847,0.3253120958755501
net_00493,cycle,5,5,0.5,2,0,2,3,0,4,1,0.0025000000000000001,single_0,1,0,2,0.35999999999999999,0.65041525197369099,0.6869524384360095,1.0561751686348777,0.20194523398211534,1.7708754896942924,1.8386496156808159,0.69999999999999996,0.80188203647191125,0.80188203647191125,0.7371418077512446,0.364346589271629
net_00494,cycle,5,5,0.5,2,0,2,3,0,4,1,0.0025000000000000001,single_middle,1,2,2,0.35999999999999999,0.65041525197369099,0.72467758092421708,1.1141767950938672,0.20194523398211534,1.7708754896942924,1.8386496156808156,0.69999999999999996,0.80188203647191125,0.80188203647191125,0.7371418077512446,0.364346589271629
net_00495,cycle,5,5,0.5,2,0,2,3,0,4,1,0.0025000000000000001,two_0_last,2,0+4,2,0.35999999999999988,0.65041525197369099,0.69699589854849031,1.0716167808695289,0.20207185753703155,1.7708754896942924,1.8804514745253778,0.69999999999999996,0.76166263781406307,0.76166263781406307,0.75328522443708912,0.37387286643148843
net_00496,cycle,5,5,0.5,2,0,2,4,0,4,1,0.0025000000000000001,uncontrolled,0,none,,0,0.24173869487337846,0.24066965770892218,0.99557771599198785,0,1.6053781911270097,1.5980799962877767,0.62354134182918197,0.59611823584803569,0.62354134182918197,0.6952181870472387,0.165661121889775
net_00497,cycle,5,5,0.5,2,0,2,4,0,4,1,0.0025000000000000001,single_0,1,0,2,0.35999999999999999,0.24173869487337846,0.3147613841717008,1.3020728201439629,0.20308555255666413,1.6053781911270097,1.712383005493882,0.62354134182918197,0.73445842445105713,0.73445842445105713,0.73461150109742956,0.21632626737461486
net_00498,cycle,5,5,0.5,2,0,2,4,0,4,1,0.0025000000000000001,single_middle,1,2,2,0.35999999999999999,0.24173869487337846,0.18238377654402932,0.75446662206710868,0.21320153008191833,1.6053781911270097,1.6645652208886126,0.62354134182918197,0.59611823584803569,0.62354134182918197,0.73591474960256043,0.11218269133779912
net_00499,cycle,5,5,0.5,2,0,2,4,0,4,1,0.0025000000000000001,two_0_last,2,0+4,2,0.35999999999999988,0.24173869487337846,0.29273490155756415,1.2109559113442607,0.20527810190558229,1.6053781911270097,1.752169049111058,0.62354134182918197,0.69386399212139527,0.69386399212139527,0.75154548087112949,0.22180772194568121
net_00500,cycle,5,5,0.5,2,0,2,0,0.25,4,1,0.0025000000000000001,uncontrolled,0,none,,0,0.21095023109728986,0.177617581361421,0.8419880861827741,0,1.2062338081814818,1.1815450067967503,0.5,0.47984861721985206,0.5,0.50912986220327905,0.14140899557714373
net_00501,cycle,5,5,0.5,2,0,2,0,0.25,4,1,0.0025000000000000001,single_0,1,0,2,0.35999999999999999,0.21095023109728986,0.24318213308832454,1.1527938690722239,0.18340301671186712,1.2062338081814818,1.299499427814393,0.5,0.58864113971892873,0.58864113971892873,0.54907003287887857,0.19042544885695822
net_00502,cycle,5,5,0.5,2,0,2,0,0.25,4,1,0.0025000000000000001,single_middle,1,2,2,0.35999999999999999,0.21095023109728986,0.15898533741377174,0.75366277906776979,0.18683702000194821,1.2062338081814818,1.2509886504711152,0.5,0.48017881053274764,0.5,0.5501116916807316,0.10184128533002722
net_00503,cycle,5,5,0.5,2,0,2,0,0.25,4,1,0.0025000000000000001,two_0_last,2,0+4,2,0.35999999999999988,0.21095023109728986,0.24982395185092748,1.184279109586323,0.1959072039929885,1.2062338081814818,1.3444274012445703,0.5,0.57535720554608927,0.57535720554608927,0.56608848955410873,0.20258536333554172
net_00504,cycle,5,5,0.5,2,0,2,1,0.25,4,1,0.0025000000000000001,uncontrolled,0,none,,0,0.24647515087732466,0.17923519562055495,0.72719377585354916,0,1.6534055763786453,1.6268714452810491,0.5625,0.54427256713299677,0.5625,0.72048454161021813,0.10121346350601627
net_00505,cycle,5,5,0.5,2,0,2,1,0.25,4,1,0.0025000000000000001,single_0,1,0,2,0.35999999999999999,0.24647515087732466,0.2153500447863971,0.87371909103153722,0.1829948059376206,1.6534055763786453,1.7287982835577915,0.5625,0.66850497405184572,0.66850497405184572,0.76033675353032182,0.14013108961770102
net_00506,cycle,5,5,0.5,2,0,2,1,0.25,4,1,0.0025000000000000001,single_middle,1,2,2,0.35999999999999999,0.24647515087732466,0.10032344464953803,0.40703269393461455,0.1894791510767381,1.6534055763786453,1.7039029151085672,0.5625,0.54516895443531077,0.5625,0.76138421662432587,0.030839965928255487
net_00507,cycle,5,5,0.5,2,0,2,1,0.25,4,1,0.0025000000000000001,two_0_last,2,0+4,2,0.35999999999999988,0.24647515087732466,0.20542242837186109,0.83344072471672292,0.19356268264909943,1.6534055763786453,1.7665331762503773,0.5625,0.63735957731740855,0.63735957731740855,0.77678895050672492,0.14396811775289162
net_00508,cycle,5,5,0.5,2,0,2,2,0.25,4,1,0.0025000000000000001,uncontrolled,0,none,,0,0.22742031571519727,0.17038916713404315,0.74922579628912611,0,1.3122880781291888,1.2884167894995484,0.55000000000000004,0.51024998725054849,0.55000000000000004,0.56419576011029759,0.11699020884855452
net_00509,cycle,5,5,0.5,2,0,2,2,0.25,4,1,0.0025000000000000001,single_0,1,0,2,0.35999999999999999,0.22742031571519727,0.12568263042223798,0.55264469239253322,0.1852302741976749,1.3122880781291888,1.3660884002357243,0.55000000000000004,0.51793466903660945,0.55000000000000004,0.60468476181863129,0.087154129426351368
net_00510,cycle,5,5,0.5,2,0,2,2,0.25,4,1,0.0025000000000000001,single_middle,1,2,2,0.35999999999999999,0.22742031571519727,0.20342111044551295,0.89447202553469773,0.18582242948088501,1.3122880781291888,1.3861519467936416,0.55000000000000004,0.52379865280264448,0.55000000000000004,0.60481015211497646,0.13597104036749755
net_00511,cycle,5,5,0.5,2,0,2,2,0.25,4,1,0.0025000000000000001,two_0_last,2,0+4,2,0.35999999999999988,0.22742031571519727,0.18966320713069104,0.8339765360637782,0.19643757226415831,1.3122880781291888,1.4212965071610033,0.55000000000000004,0.60525225865440491,0.60525225865440491,0.62143092748057938,0.133567790369686
net_00512,cycle,5,5,0.5,2,0,2,3,0.25,4,1,0.0025000000000000001,uncontrolled,0,none,,0,0.65041525197369099,0.42526123958183115,0.65383036189783694,0,1.7708754896942924,1.6331259738776323,0.69999999999999996,0.61777333876092744,0.69999999999999996,0.69702147073888698,0.21813105840240163
net_00513,cycle,5,5,0.5,2,0,2,3,0.25,4,1,0.0025000000000000001,single_0,1,0,2,0.35999999999999999,0.65041525197369099,0.47269510783065982,0.72675895344745101,0.18102053575110011,1.7708754896942924,1.7432100265123549,0.69999999999999996,0.74010180766991029,0.74010180766991029,0.73630516791914535,0.2561463234212043
net_00514,cycle,5,5,0.5,2,0,2,3,0.25,4,1,0.0025000000000000001,single_middle,1,2,2,0.35999999999999999,0.65041525197369099,0.49232394544064473,0.75693788536889817,0.18147254578244254,1.7708754896942924,1.734810312307715,0.69999999999999996,0.69919411611099469,0.70140549386673734,0.73645817117996315,0.24401378247980707
net_00515,cycle,5,5,0.5,2,0,2,3,0.25,4,1,0.0025000000000000001,two_0_last,2,0+4,2,0.35999999999999988,0.65041525197369099,0.48085245376002361,0.73930070412843563,0.19144093131153225,1.7708754896942924,1.7841439572415996,0.69999999999999996,0.70943440311730999,0.70998631957217817,0.75252472915392254,0.26521776721056695
net_00516,cycle,5,5,0.5,2,0,2,4,0.25,4,1,0.0025000000000000001,uncontrolled,0,none,,0,0.24173869487337846,0.19638653658464292,0.81239181293466167,0,1.6053781911270097,1.582707267859623,0.62354134182918197,0.57983431188341172,0.62354134182918197,0.69469039316763559,0.13563818336932332
net_00517,cycle,5,5,0.5,2,0,2,4,0.25,4,1,0.0025000000000000001,single_0,1,0,2,0.35999999999999999,0.24173869487337846,0.25820682867395012,1.0681236978184134,0.18188223665361061,1.6053781911270097,1.6904948374316355,0.62354134182918197,0.69661024825612705,0.69661024825612705,0.73425705605784419,0.18005869794561569
net_00518,cycle,5,5,0.5,2,0,2,4,0.25,4,1,0.0025000000000000001,single_middle,1,2,2,0.35999999999999999,0.24173869487337846,0.151986625845004,0.62872278649727076,0.18992208128916224,1.6053781911270097,1.6567126623051993,0.62354134182918197,0.58016490247613384,0.62354134182918197,0.73551509496294076,0.089201536814859234
net_00519,cycle,5,5,0.5,2,0,2,4,0.25,4,1,0.0025000000000000001,two_0_last,2,0+4,2,0.35999999999999988,0.24173869487337846,0.24949214515420126,1.0320736830522066,0.19408598133513216,1.6053781911270097,1.732251060965313,0.62354134182918197,0.67398388676802889,0.67398388676802889,0.75112727482206709,0.18959579283693298
net_00520,cycle,5,5,0.5,2,0,2,0,0.5,4,1,0.0025000000000000001,uncontrolled,0,none,,0,0.21095023109728986,0.15124014968133914,0.7169470680104989,0,1.2062338081814818,1.1685796623380977,0.5,0.45986628477673641,0.5,0.50888482006460911,0.1189618651243112
net_00521,cycle,5,5,0.5,2,0,2,0,0.5,4,1,0.0025000000000000001,single_0,1,0,2,0.35999999999999999,0.21095023109728986,0.20922051874115671,0.99180037705037927,0.16723896527831256,1.2062338081814818,1.2806729610929299,0.5,0.5593533532264654,0.5593533532264654,0.54889348434382279,0.16352550106880606
net_00522,cycle,5,5,0.5,2,0,2,0,0.5,4,1,0.0025000000000000001,single_middle,1,2,2,0.35999999999999999,0.21095023109728986,0.13037868143621437,0.61805422425009793,0.16999514211486921,1.2062338081814818,1.2425711526363756,0.5,0.46100551534739453,0.5,0.54976609583134717,0.080955875309802319
net_00523,cycle,5,5,0.5,2,0,2,0,0.5,4,1,0.0025000000000000001,two_0_last,2,0+4,2,0.35999999999999988,0.21095023109728986,0.21630346089362681,1.0253767429809928,0.18663521076339984,1.2062338081814818,1.3244670286755804,0.5,0.55025469523219805,0.55025469523219805,0.56589122603802189,0.17495628683453643
net_00524,cycle,5,5,0.5,2,0,2,1,0.5,4,1,0.0025000000000000001,uncontrolled,0,none,,0,0.24647515087732466,0.13648642791680649,0.55375329898768721,0,1.6534055763786453,1.619450626183125,0.5625,0.54191145966124132,0.5625,0.72015020251781992,0.076861901762355717
net_00525,cycle,5,5,0.5,2,0,2,1,0.5,4,1,0.0025000000000000001,single_0,1,0,2,0.35999999999999999,0.24647515087732466,0.17575533567933396,0.71307527372936153,0.16680132545169549,1.6534055763786453,1.7194185477698052,0.5625,0.65383312201991539,0.65383312201991539,0.76004507024970769,0.11666841762911669
net_00526,cycle,5,5,0.5,2,0,2,1,0.5,4,1,0.0025000000000000001,single_middle,1,2,2,0.35999999999999999,0.24647515087732466,0.083094515309125885,0.33713141066493796,0.17209843050042345,1.6534055763786453,1.7021605296796742,0.5625,0.54303882557242589,0.5625,0.761048004789046,0.016614095415945673
net_00527,cycle,5,5,0.5,2,0,2,1,0.5,4,1,0.0025000000000000001,two_0_last,2,0+4,2,0.35999999999999988,0.24647515087732466,0.17061805400830227,0.69223227331838455,0.1844852430347946,1.6534055763786453,1.7576751706415414,0.5625,0.63013902304895175,0.63013902304895175,0.77653223441943731,0.12199217190258735
net_00528,cycle,5,5,0.5,2,0,2,2,0.5,4,1,0.0025000000000000001,uncontrolled,0,none,,0,0.22742031571519727,0.13262259866532464,0.58316073587467188,0,1.3122880781291888,1.27820692671138,0.55000000000000004,0.48190353089420684,0.55000000000000004,0.56381535110002834,0.094206365828121891
net_00529,cycle,5,5,0.5,2,0,2,2,0.5,4,1,0.0025000000000000001,single_0,1,0,2,0.35999999999999999,0.22742031571519727,0.1049975407543932,0.46168936325760618,0.16872015985243929,1.3122880781291888,1.361048960130854,0.55000000000000004,0.49511715404318279,0.55000000000000004,0.60433128322305518,0.072626128167700865
net_00530,cycle,5,5,0.5,2,0,2,2,0.5,4,1,0.0025000000000000001,single_middle,1,2,2,0.35999999999999999,0.22742031571519727,0.16295928936125059,0.71655554979233937,0.16916047028232711,1.3122880781291888,1.3745089726870203,0.55000000000000004,0.51097038796515026,0.55000000000000004,0.60439846016569398,0.11206018270895246
net_00531,cycle,5,5,0.5,2,0,2,2,0.5,4,1,0.0025000000000000001,two_0_last,2,0+4,2,0.35999999999999988,0.22742031571519727,0.15227992955820638,0.66959686112171879,0.18706531347472621,1.3122880781291888,1.4107266953612676,0.55000000000000004,0.57188242841079728,0.57188242841079728,0.62108752888369545,0.11081625903327252
net_00532,cycle,5,5,0.5,2,0,2,3,0.5,4,1,0.0025000000000000001,uncontrolled,0,none,,0,0.65041525197369099,0.29316560785898005,0.45073605972394765,0,1.7708754896942924,1.5940940356025866,0.69999999999999996,0.58525380273617156,0.69999999999999996,0.69703820125213833,0.14954900489114442
net_00533,cycle,5,5,0.5,2,0,2,3,0.5,4,1,0.0025000000000000001,single_0,1,0,2,0.35999999999999999,0.65041525197369099,0.33682119520174747,0.51785562251140405,0.16533270713351411,1.7708754896942924,1.6990669681884507,0.69999999999999996,0.69579439557408895,0.70079467467493772,0.73646336437156346,0.1870492593311629
net_00534,cycle,5,5,0.5,2,0,2,3,0.5,4,1,0.0025000000000000001,single_middle,1,2,2,0.35999999999999999,0.65041525197369099,0.34204300324983095,0.52588404440378411,0.16603292663697408,1.7708754896942924,1.6881590572339535,0.69999999999999996,0.63546625593111061,0.69999999999999996,0.7367315697906397,0.16493269711620501
net_00535,cycle,5,5,0.5,2,0,2,3,0.5,4,1,0.0025000000000000001,two_0_last,2,0+4,2,0.35999999999999988,0.65041525197369099,0.34364919545166228,0.52835353169971899,0.18280125480353571,1.7708754896942924,1.7392108013217664,0.69999999999999996,0.67237403840709442,0.69999999999999996,0.75275601931520186,0.1957784913405739
net_00536,cycle,5,5,0.5,2,0,2,4,0.5,4,1,0.0025000000000000001,uncontrolled,0,none,,0,0.24173869487337846,0.16420766851399957,0.67927755049728689,0,1.6053781911270097,1.5726412150523348,0.62354134182918197,0.57168089736650241,0.62354134182918197,0.69430933022014796,0.11213666762262195
net_00537,cycle,5,5,0.5,2,0,2,4,0.5,4,1,0.0025000000000000001,single_0,1,0,2,0.35999999999999999,0.24173869487337846,0.21671149956936722,0.89647004871470681,0.16603311377157975,1.6053781911270097,1.6759989001112028,0.62354134182918197,0.66742291837681256,0.66742291837681256,0.73401076958367351,0.15173217447191417
net_00538,cycle,5,5,0.5,2,0,2,4,0.5,4,1,0.0025000000000000001,single_middle,1,2,2,0.35999999999999999,0.24173869487337846,0.12976915078041307,0.53681579959048553,0.1725561959241689,1.6053781911270097,1.6516334357145865,0.62354134182918197,0.57282153050824181,0.62354134182918197,0.73517478977219342,0.071390683408167399
net_00539,cycle,5,5,0.5,2,0,2,4,0.5,4,1,0.0025000000000000001,two_0_last,2,0+4,2,0.35999999999999988,0.24173869487337846,0.21577864015191467,0.89261109093411162,0.18503757242703342,1.6053781911270097,1.7181181330523614,0.62354134182918197,0.66081225628528206,0.66081225628528206,0.75084170252538929,0.16316470688675669
net_00540,cycle,5,5,0.5,2,0,2,0,1,4,1,0.0025000000000000001,uncontrolled,0,none,,0,0.21095023109728986,0.11063992311152585,0.52448353593174746,0,1.2062338081814818,1.1524852439804503,0.5,0.42950401805959659,0.5,0.50847963800236717,0.084219387646297481
net_00541,cycle,5,5,0.5,2,0,2,0,1,4,1,0.0025000000000000001,single_0,1,0,2,0.35999999999999999,0.21095023109728986,0.15739122118144391,0.7461059433912417,0.14527262181193512,1.2062338081814818,1.2565844645099995,0.5,0.51515035709784107,0.51520794555927463,0.54860127353166044,0.12180946584324531
net_00542,cycle,5,5,0.5,2,0,2,0,1,4,1,0.0025000000000000001,single_middle,1,2,2,0.35999999999999999,0.21095023109728986,0.090768441764656191,0.43028368014820495,0.1471413768821373,1.2062338081814818,1.2333251386194681,0.5,0.43295800708355647,0.5,0.54923429360006648,0.050595160280229409
net_00543,cycle,5,5,0.5,2,0,2,0,1,4,1,0.0025000000000000001,two_0_last,2,0+4,2,0.35999999999999988,0.21095023109728986,0.16429961247307798,0.77885485888519035,0.17266769172768823,1.2062338081814818,1.2984788320395908,0.5,0.51165906014240436,0.51165906014240436,0.565570917451511,0.13167760927369573
net_00544,cycle,5,5,0.5,2,0,2,1,1,4,1,0.0025000000000000001,uncontrolled,0,none,,0,0.24647515087732466,0.091689588920365939,0.37200337881526069,0,1.6534055763786453,1.6129905255831176,0.5625,0.53465846602358424,0.5625,0.71972463872336334,0.048416232182030602
net_00545,cycle,5,5,0.5,2,0,2,1,1,4,1,0.0025000000000000001,single_0,1,0,2,0.35999999999999999,0.24647515087732466,0.1296570700834527,0.52604520018322443,0.14482361596065871,1.6534055763786453,1.7096022406082179,0.5625,0.62868079811497479,0.62868079811497479,0.75969876299365002,0.086056689016287033
net_00546,cycle,5,5,0.5,2,0,2,1,1,4,1,0.0025000000000000001,single_middle,1,2,2,0.35999999999999999,0.24647515087732466,0.070877634001704354,0.28756502937280476,0.14855011265107437,1.6534055763786453,1.7008468524029725,0.5625,0.54343924664586729,0.5625,0.7605594116288581,0.011197519751482442
net_00547,cycle,5,5,0.5,2,0,2,1,1,4,1,0.0025000000000000001,two_0_last,2,0+4,2,0.35999999999999988,0.24647515087732466,0.12956068910259558,0.52565416286966948,0.170857132819943,1.6534055763786453,1.7479315610688473,0.5625,0.6150638013574643,0.6150638013574643,0.77624034261918862,0.092216478606375385
net_00548,cycle,5,5,0.5,2,0,2,2,1,4,1,0.0025000000000000001,uncontrolled,0,none,,0,0.22742031571519727,0.086812537328766301,0.38172727469731976,0,1.3122880781291888,1.2678603154848931,0.55000000000000004,0.44717421136882213,0.55000000000000004,0.56339535946432751,0.063871941025397047
net_00549,cycle,5,5,0.5,2,0,2,2,1,4,1,0.0025000000000000001,single_0,1,0,2,0.35999999999999999,0.22742031571519727,0.078684095890600464,0.34598534279205745,0.14631228934075607,1.3122880781291888,1.3555554092275288,0.55000000000000004,0.46729964133496876,0.55000000000000004,0.60392370728004319,0.052747031028592004
net_00550,cycle,5,5,0.5,2,0,2,2,1,4,1,0.0025000000000000001,single_middle,1,2,2,0.35999999999999999,0.22742031571519727,0.11295139012606693,0.49666358861060628,0.14654107455678808,1.3122880781291888,1.362293630390697,0.55000000000000004,0.49238546394606314,0.55000000000000004,0.60394206461763811,0.080142184060567528
net_00551,cycle,5,5,0.5,2,0,2,2,1,4,1,0.0025000000000000001,two_0_last,2,0+4,2,0.35999999999999988,0.22742031571519727,0.10663809290410403,0.46890310818866732,0.17293818092372501,1.3122880781291888,1.3994949566198813,0.55000000000000004,0.52901769580262004,0.55000000000000004,0.62069239337333526,0.080362799412274935
net_00552,cycle,5,5,0.5,2,0,2,3,1,4,1,0.0025000000000000001,uncontrolled,0,none,,0,0.65041525197369099,0.15527117453827591,0.23872622000653293,0,1.7708754896942924,1.5689625827659777,0.69999999999999996,0.54589254811853816,0.69999999999999996,0.69731272015841728,0.077997996956374077
net_00553,cycle,5,5,0.5,2,0,2,3,1,4,1,0.0025000000000000001,single_0,1,0,2,0.35999999999999999,0.65041525197369099,0.19323286766599532,0.29709153818215123,0.1439154958574807,1.7708754896942924,1.6674411276566303,0.69999999999999996,0.63912094892774485,0.69999999999999996,0.73694400421859396,0.11395401478854422
net_00554,cycle,5,5,0.5,2,0,2,3,1,4,1,0.0025000000000000001,single_middle,1,2,2,0.35999999999999999,0.65041525197369099,0.17936949790552395,0.27577689385546478,0.14479361281370512,1.7708754896942924,1.658065146504407,0.69999999999999996,0.57248559312511405,0.69999999999999996,0.73730338752518709,0.078865206234559476
net_00555,cycle,5,5,0.5,2,0,2,3,1,4,1,0.0025000000000000001,two_0_last,2,0+4,2,0.35999999999999988,0.65041525197369099,0.1983642538602616,0.30498093834411705,0.16971484730999042,1.7708754896942924,1.7064337005981802,0.69999999999999996,0.62558420873249376,0.69999999999999996,0.75334332968701057,0.12188938642690668
net_00556,cycle,5,5,0.5,2,0,2,4,1,4,1,0.0025000000000000001,uncontrolled,0,none,,0,0.24173869487337846,0.12036405246581137,0.49790974725356846,0,1.6053781911270097,1.5610477552713116,0.62354134182918197,0.55317623470437749,0.62354134182918197,0.69376916518630893,0.077835495014884626
net_00557,cycle,5,5,0.5,2,0,2,4,1,4,1,0.0025000000000000001,single_0,1,0,2,0.35999999999999999,0.24173869487337846,0.16008460005746436,0.66222166104320157,0.1444777686632911,1.6053781911270097,1.6590367853711547,0.62354134182918197,0.62632733341589331,0.62695558427906584,0.73366520800888924,0.11052589560914822
net_00558,cycle,5,5,0.5,2,0,2,4,1,4,1,0.0025000000000000001,single_middle,1,2,2,0.35999999999999999,0.24173869487337846,0.098996759265564657,0.40951970605044707,0.14901068853196001,1.6053781911270097,1.6458973924363187,0.62354134182918197,0.55663485429254389,0.62354134182918197,0.73462981666969063,0.045985625423510257
net_00559,cycle,5,5,0.5,2,0,2,4,1,4,1,0.0025000000000000001,two_0_last,2,0+4,2,0.35999999999999988,0.24173869487337846,0.16568623503378324,0.68539393381175029,0.17144092226636862,1.6053781911270097,1.7003018782374317,0.62354134182918197,0.63427997321790408,0.63427997321790408,0.7504600946254687,0.12253547160834827
net_00560,cycle,6,6,0.40000000000000002,2,0,2,0,0,4,1,0.0025000000000000001,uncontrolled,0,none,,0,0.18594559413761105,0.18428832315372276,0.99108733395069415,0,1.3481468762712765,1.340211678540816,0.52469796037174676,0.52725699036299389,0.52815942134698879,0.51860430772386801,0.174386914340248
net_00561,cycle,6,6,0.40000000000000002,2,0,2,0,0,4,1,0.0025000000000000001,single_0,1,0,2,0.35999999999999999,0.18594559413761105,0.24941856844621269,1.341352397205108,0.20500619838890427,1.3481468762712765,1.458453805738936,0.52469796037174676,0.64859205438244116,0.64859205438244116,0.55183317105052365,0.22359502508043672
net_00562,cycle,6,6,0.40000000000000002,2,0,2,0,0,4,1,0.0025000000000000001,single_middle,1,3,2,0.35999999999999999,0.18594559413761105,0.18855522189209378,1.0140343618604453,0.21044443760210613,1.3481468762712765,1.4027577304835122,0.52469796037174676,0.52725699036299389,0.52815942134698879,0.55291070661336938,0.14914632273100167
net_00563,cycle,6,6,0.40000000000000002,2,0,2,0,0,4,1,0.0025000000000000001,two_0_last,2,0+5,2,0.35999999999999988,0.18594559413761105,0.25174781745044766,1.3538789053756173,0.20709985584594953,1.3481468762712765,1.5021653788622336,0.52469796037174676,0.62844761243121294,0.62844761243121294,0.56599814841523466,0.23607110560008313
net_00564,cycle,6,6,0.40000000000000002,2,0,2,1,0,4,1,0.0025000000000000001,uncontrolled,0,none,,0,0.24749853348648757,0.24613500577791411,0.99449076449316454,0,1.794784109579757,1.7811526419844874,0.63266955188292329,0.62539295967468944,0.63321705629305336,0.71256334660661069,0.14492848609172995
net_00565,cycle,6,6,0.40000000000000002,2,0,2,1,0,4,1,0.0025000000000000001,single_0,1,0,2,0.35999999999999999,0.24749853348648757,0.25067498366699331,1.012834218190142,0.20472873731899882,1.794784109579757,1.869886778383514,0.63266955188292329,0.63647343268136736,0.63647343268136736,0.74571383796212787,0.16326961097330089
net_00566,cycle,6,6,0.40000000000000002,2,0,2,1,0,4,1,0.0025000000000000001,single_middle,1,3,2,0.35999999999999999,0.24749853348648757,0.22509779061705662,0.90949141171111647,0.21191853644082859,1.794784109579757,1.8528167400666056,0.63266955188292329,0.62539295967468944,0.63321705629305336,0.74667448004522419,0.12096362908343485
net_00567,cycle,6,6,0.40000000000000002,2,0,2,1,0,4,1,0.0025000000000000001,two_0_last,2,0+5,2,0.35999999999999988,0.24749853348648757,0.22578493234381919,0.91226775837096485,0.20482694585650982,1.794784109579757,1.9009065804902896,0.63266955188292329,0.62539295967468944,0.63321705629305336,0.75936368813547273,0.16002424951604566
net_00568,cycle,6,6,0.40000000000000002,2,0,2,2,0,4,1,0.0025000000000000001,uncontrolled,0,none,,0,0.24865222342926716,0.24722580012094975,0.99426338003881487,0,1.5827033834550301,1.5730810897380987,0.625,0.6245106429282693,0.62795810484874648,0.616684683690775,0.17925034648913801
net_00569,cycle,6,6,0.40000000000000002,2,0,2,2,0,4,1,0.0025000000000000001,single_0,1,0,2,0.35999999999999999,0.24865222342926716,0.17916385186926342,0.72053991473850332,0.20713377632378485,1.5827033834550301,1.6302235261486964,0.625,0.6245106429282693,0.62795810484874648,0.65027287513037579,0.14171560277938003
net_00570,cycle,6,6,0.40000000000000002,2,0,2,2,0,4,1,0.0025000000000000001,single_middle,1,3,2,0.35999999999999999,0.24865222342926716,0.27295710002071805,1.0977464679633753,0.20588509221657733,1.5827033834550301,1.667529738490418,0.625,0.6245106429282693,0.62795810484874648,0.6501014795166884,0.20201642950149651
net_00571,cycle,6,6,0.40000000000000002,2,0,2,2,0,4,1,0.0025000000000000001,two_0_last,2,0+5,2,0.35999999999999988,0.24865222342926716,0.26152514072806599,1.0517707709235937,0.20755706994120388,1.5827033834550301,1.6935969141165543,0.625,0.72478330965031046,0.72478330965031046,0.66414996176290286,0.19222360124220089
net_00572,cycle,6,6,0.40000000000000002,2,0,2,3,0,4,1,0.0025000000000000001,uncontrolled,0,none,,0,0.72718635850791369,0.70916937155462667,0.97522370057896113,0,1.7953272682160208,1.7478319593561666,0.69999999999999996,0.6647521021250794,0.69999999999999996,0.63159742055078372,0.33202026752102409
net_00573,cycle,6,6,0.40000000000000002,2,0,2,3,0,4,1,0.0025000000000000001,single_0,1,0,2,0.35999999999999999,0.72718635850791369,0.77799211398887202,1.0698662108915309,0.20194523398211534,1.7953272682160208,1.8628952949268589,0.69999999999999996,0.80188203647191125,0.80188203647191125,0.66421436529766387,0.37042645276625791
net_00574,cycle,6,6,0.40000000000000002,2,0,2,3,0,4,1,0.0025000000000000001,single_middle,1,3,2,0.35999999999999999,0.72718635850791369,0.6537788535707767,0.89905269250682995,0.21255638575658276,1.7953272682160208,1.7939367866150497,0.69999999999999996,0.6647521021250794,0.69999999999999996,0.66550621611039318,0.30572810695160962
net_00575,cycle,6,6,0.40000000000000002,2,0,2,3,0,4,1,0.0025000000000000001,two_0_last,2,0+5,2,0.35999999999999988,0.72718635850791369,0.7133813158417468,0.98101581182780584,0.20740509843973368,1.7953272682160208,1.8565010816933907,0.69999999999999996,0.76166263781406307,0.76166263781406307,0.67848218227062429,0.33777898009805113
net_00576,cycle,6,6,0.40000000000000002,2,0,2,4,0,4,1,0.0025000000000000001,uncontrolled,0,none,,0,0.31702452573227535,0.31183595952958637,0.98363354951575366,0,1.6728138847866318,1.6633772000392613,0.62354134182918197,0.59611823584803569,0.62354134182918197,0.65626186672243636,0.17452119418872544
net_00577,cycle,6,6,0.40000000000000002,2,0,2,4,0,4,1,0.0025000000000000001,single_0,1,0,2,0.35999999999999999,0.31702452573227535,0.39482735322618051,1.2454157996583803,0.20308555255666413,1.6728138847866318,1.7734766963734179,0.62354134182918197,0.73445842445105713,0.73445842445105713,0.68908962843092869,0.22216829075917516
net_00578,cycle,6,6,0.40000000000000002,2,0,2,4,0,4,1,0.0025000000000000001,single_middle,1,3,2,0.35999999999999999,0.31702452573227535,0.36403234193956047,1.148278169011387,0.21097485475748654,1.6728138847866318,1.7679589044020281,0.62354134182918197,0.69384370410615515,0.69384370410615515,0.69025147497780737,0.2109486886267955
net_00579,cycle,6,6,0.40000000000000002,2,0,2,4,0,4,1,0.0025000000000000001,two_0_last,2,0+5,2,0.35999999999999988,0.31702452573227535,0.31563965841760933,0.99563167136212183,0.20450952146309101,1.6728138847866318,1.7819002619978497,0.62354134182918197,0.69386399212139527,0.69386399212139527,0.7028301010209046,0.18768219516942067
net_00580,cycle,6,6,0.40000000000000002,2,0,2,0,0.25,4,1,0.0025000000000000001,uncontrolled,0,none,,0,0.18594559413761105,0.16336301608077264,0.87855276613800304,0,1.3481468762712765,1.3245359341183456,0.52469796037174676,0.50651492763068406,0.52469796037174676,0.51839846412136381,0.1538254612379589
net_00581,cycle,6,6,0.40000000000000002,2,0,2,0,0.25,4,1,0.0025000000000000001,single_0,1,0,2,0.35999999999999999,0.18594559413761105,0.2197422498546254,1.1817556144514119,0.18333922273792655,1.3481468762712765,1.4362600503396301,0.52469796037174676,0.61561802037890967,0.61561802037890967,0.55167337699980223,0.19865457577555781
net_00582,cycle,6,6,0.40000000000000002,2,0,2,0,0.25,4,1,0.0025000000000000001,single_middle,1,3,2,0.35999999999999999,0.18594559413761105,0.16068181560367906,0.86413349210503332,0.18772136473432552,1.3481468762712765,1.3894365698946987,0.52469796037174676,0.50683584156593453,0.52469796037174676,0.55262855009617817,0.12789585312036872
net_00583,cycle,6,6,0.40000000000000002,2,0,2,0,0.25,4,1,0.0025000000000000001,two_0_last,2,0+5,2,0.35999999999999988,0.18594559413761105,0.22418632889140841,1.2056555033269403,0.19566376122631643,1.3481468762712765,1.4791950957644704,0.52469796037174676,0.60173220817161888,0.60173220817161888,0.56582030196249622,0.21099069752640687
net_00584,cycle,6,6,0.40000000000000002,2,0,2,1,0.25,4,1,0.0025000000000000001,uncontrolled,0,none,,0,0.24749853348648757,0.1811993746110325,0.73212302335086465,0,1.794784109579757,1.7642544037232906,0.63266955188292329,0.58620855621728085,0.63266955188292329,0.71222901426797647,0.10721674967577126
net_00585,cycle,6,6,0.40000000000000002,2,0,2,1,0.25,4,1,0.0025000000000000001,single_0,1,0,2,0.35999999999999999,0.24749853348648757,0.19373567170946876,0.78277502892778128,0.18293838588911421,1.794784109579757,1.853988180620965,0.63266955188292329,0.63287576884704355,0.63287576884704355,0.74539342301149192,0.13140525323688695
net_00586,cycle,6,6,0.40000000000000002,2,0,2,1,0.25,4,1,0.0025000000000000001,single_middle,1,3,2,0.35999999999999999,0.24749853348648757,0.16577713081724785,0.66981055799386635,0.1888637556558064,1.794784109579757,1.8400972202495751,0.63266955188292329,0.59394148490940057,0.63266955188292329,0.7463073168892973,0.085741969998362283
net_00587,cycle,6,6,0.40000000000000002,2,0,2,1,0.25,4,1,0.0025000000000000001,two_0_last,2,0+5,2,0.35999999999999988,0.24749853348648757,0.17631731837250986,0.71239742671903983,0.19349696658496435,1.794784109579757,1.8873125676002307,0.63266955188292329,0.60169039882076114,0.63266955188292329,0.75907713242788366,0.13213640046819183
net_00588,cycle,6,6,0.40000000000000002,2,0,2,2,0.25,4,1,0.0025000000000000001,uncontrolled,0,none,,0,0.24865222342926716,0.18826117065145495,0.75712643166856164,0,1.5827033834550301,1.5514763086183347,0.625,0.57640234931351475,0.625,0.61619880098189639,0.14655656599348374
net_00589,cycle,6,6,0.40000000000000002,2,0,2,2,0.25,4,1,0.0025000000000000001,single_0,1,0,2,0.35999999999999999,0.24865222342926716,0.14252185682096696,0.57317748804087987,0.18500305268307468,1.5827033834550301,1.6182669907588618,0.625,0.58405940786278032,0.625,0.64986235277639537,0.11892685990649156
net_00590,cycle,6,6,0.40000000000000002,2,0,2,2,0.25,4,1,0.0025000000000000001,single_middle,1,3,2,0.35999999999999999,0.24865222342926716,0.21297115477965278,0.85650211304157353,0.18400875494848593,1.5827033834550301,1.6448434100196569,0.625,0.5894377119264641,0.625,0.64964606981807627,0.16993613864461762
net_00591,cycle,6,6,0.40000000000000002,2,0,2,2,0.25,4,1,0.0025000000000000001,two_0_last,2,0+5,2,0.35999999999999988,0.24865222342926716,0.2029917783092316,0.81636824119119789,0.19605456101142493,1.5827033834550301,1.6721436619477388,0.625,0.67093996408378587,0.67093996408378587,0.66376308449825105,0.15946568708042944
net_00592,cycle,6,6,0.40000000000000002,2,0,2,3,0.25,4,1,0.0025000000000000001,uncontrolled,0,none,,0,0.72718635850791369,0.44797614999481961,0.61604036538034768,0,1.7953272682160208,1.6219936502796464,0.69999999999999996,0.57614412967956219,0.69999999999999996,0.63032485196525112,0.20289853273553474
net_00593,cycle,6,6,0.40000000000000002,2,0,2,3,0.25,4,1,0.0025000000000000001,single_0,1,0,2,0.35999999999999999,0.72718635850791369,0.50284391297867981,0.69149249995619599,0.18147311593966942,1.7953272682160208,1.7242151402100707,0.69999999999999996,0.69896290089371438,0.70136864933879473,0.6631881636740985,0.2359401785428879
net_00594,cycle,6,6,0.40000000000000002,2,0,2,3,0.25,4,1,0.0025000000000000001,single_middle,1,3,2,0.35999999999999999,0.72718635850791369,0.41022066763361725,0.56412041127302437,0.18892223244490106,1.7953272682160208,1.6901594391190329,0.69999999999999996,0.5837860720287007,0.69999999999999996,0.66441647128480597,0.18616455344481478
net_00595,cycle,6,6,0.40000000000000002,2,0,2,3,0.25,4,1,0.0025000000000000001,two_0_last,2,0+5,2,0.35999999999999988,0.72718635850791369,0.45399356575938082,0.62431529476283509,0.19595440249530111,1.7953272682160208,1.7384975202644193,0.69999999999999996,0.66833523018596674,0.69999999999999996,0.67760404356963289,0.21114378544569776
net_00596,cycle,6,6,0.40000000000000002,2,0,2,4,0.25,4,1,0.0025000000000000001,uncontrolled,0,none,,0,0.31702452573227535,0.22189251542292887,0.69992223759468786,0,1.6728138847866318,1.6342217147830551,0.62354134182918197,0.5533481125043368,0.62354134182918197,0.6556854075570665,0.12324804999729193
net_00597,cycle,6,6,0.40000000000000002,2,0,2,4,0.25,4,1,0.0025000000000000001,single_0,1,0,2,0.35999999999999999,0.31702452573227535,0.28872956880425338,0.91074836603677523,0.18191315762890145,1.6728138847866318,1.7334159408312042,0.62354134182918197,0.67138581711485679,0.67138581711485679,0.6886227510688373,0.16305574925468824
net_00598,cycle,6,6,0.40000000000000002,2,0,2,4,0.25,4,1,0.0025000000000000001,single_middle,1,3,2,0.35999999999999999,0.31702452573227535,0.26976923863455077,0.85094122611311374,0.18829333910806992,1.6728138847866318,1.7327234148331392,0.62354134182918197,0.65486733459291646,0.65486733459291646,0.68963504570208578,0.15745446682978331
net_00599,cycle,6,6,0.40000000000000002,2,0,2,4,0.25,4,1,0.0025000000000000001,two_0_last,2,0+5,2,0.35999999999999988,0.31702452573227535,0.23012768774443479,0.72589868942434999,0.19332953900383393,1.6728138847866318,1.7546945426426244,0.62354134182918197,0.64050427065697257,0.64050427065697257,0.70240227042359626,0.1406764852433123
net_00600,cycle,6,6,0.40000000000000002,2,0,2,0,0.5,4,1,0.0025000000000000001,uncontrolled,0,none,,0,0.18594559413761105,0.14509104028151351,0.78028759409129811,0,1.3481468762712765,1.3121788201121691,0.52469796037174676,0.48871530453018891,0.52469796037174676,0.51821614266792648,0.1357236363726034
net_00601,cycle,6,6,0.40000000000000002,2,0,2,0,0.5,4,1,0.0025000000000000001,single_0,1,0,2,0.35999999999999999,0.18594559413761105,0.19485783518122735,1.0479292939687546,0.16714991176086114,1.3481468762712765,1.4188292306631547,0.52469796037174676,0.58807621516284259,0.58807621516284259,0.55153296047628475,0.17698622678699691
net_00602,cycle,6,6,0.40000000000000002,2,0,2,0,0.5,4,1,0.0025000000000000001,single_middle,1,3,2,0.35999999999999999,0.18594559413761105,0.13831898633396608,0.74386804901438863,0.17075975467481366,1.3481468762712765,1.3796140132792067,0.52469796037174676,0.48979402405241784,0.52469796037174676,0.55238630495518992,0.10996290755225181
net_00603,cycle,6,6,0.40000000000000002,2,0,2,0,0.5,4,1,0.0025000000000000001,two_0_last,2,0+5,2,0.35999999999999988,0.18594559413761105,0.20051842836515418,1.0783714951415215,0.18638256082342083,1.3481468762712765,1.4608723261363568,0.52469796037174676,0.57883882503754136,0.57883882503754136,0.56566635169603019,0.18897858107224189
net_00604,cycle,6,6,0.40000000000000002,2,0,2,1,0.5,4,1,0.0025000000000000001,uncontrolled,0,none,,0,0.24749853348648757,0.13799143588937904,0.55754445873075376,0,1.794784109579757,1.7553636716721948,0.63266955188292329,0.55926656288890741,0.63266955188292329,0.71196887779511975,0.08155113133635411
net_00605,cycle,6,6,0.40000000000000002,2,0,2,1,0.5,4,1,0.0025000000000000001,single_0,1,0,2,0.35999999999999999,0.24749853348648757,0.15663556620405297,0.63287472453894222,0.16667442008543171,1.794784109579757,1.8449781054924366,0.63266955188292329,0.62741371339779817,0.63266955188292329,0.74515282229197044,0.10986949707746224
net_00606,cycle,6,6,0.40000000000000002,2,0,2,1,0.5,4,1,0.0025000000000000001,single_middle,1,3,2,0.35999999999999999,0.24749853348648757,0.12734929456932778,0.514545653161539,0.17166178622018086,1.794784109579757,1.8337203683214278,0.63266955188292329,0.57255936747737979,0.63266955188292329,0.74601633094140063,0.062300605948438344
net_00607,cycle,6,6,0.40000000000000002,2,0,2,1,0.5,4,1,0.0025000000000000001,two_0_last,2,0+5,2,0.35999999999999988,0.24749853348648757,0.14530284632946627,0.58708568605477907,0.18432319349257789,1.794784109579757,1.8794501125212795,0.63266955188292329,0.60370505027564692,0.63266955188292329,0.75886263186505831,0.11335619466183534
net_00608,cycle,6,6,0.40000000000000002,2,0,2,2,0.5,4,1,0.0025000000000000001,uncontrolled,0,none,,0,0.24865222342926716,0.14939982201008678,0.60083847210232488,0,1.5827033834550301,1.5384675719793621,0.625,0.54270265904851966,0.625,0.61589175664442741,0.12311683787952715
net_00609,cycle,6,6,0.40000000000000002,2,0,2,2,0.5,4,1,0.0025000000000000001,single_0,1,0,2,0.35999999999999999,0.24865222342926716,0.11954411174634764,0.48076832009649717,0.16849125068549775,1.5827033834550301,1.6107739572637672,0.625,0.5558690739407145,0.625,0.64958197866755074,0.10234928703649622
net_00610,cycle,6,6,0.40000000000000002,2,0,2,2,0.5,4,1,0.0025000000000000001,single_middle,1,3,2,0.35999999999999999,0.24865222342926716,0.17429245997582046,0.70094872900020766,0.16767105392814433,1.5827033834550301,1.6307727970944637,0.625,0.57735086537822489,0.625,0.64936452015030854,0.1468413177339509
net_00611,cycle,6,6,0.40000000000000002,2,0,2,2,0.5,4,1,0.0025000000000000001,two_0_last,2,0+5,2,0.35999999999999988,0.24865222342926716,0.16428765342258886,0.66071258546104628,0.18670372795088805,1.5827033834550301,1.6589806583184576,0.625,0.63229230400231329,0.63229230400231329,0.66349973423689512,0.13590771420352382
net_00612,cycle,6,6,0.40000000000000002,2,0,2,3,0.5,4,1,0.0025000000000000001,uncontrolled,0,none,,0,0.72718635850791369,0.29003322398797943,0.39884304840795926,0,1.7953272682160208,1.5731311274552504,0.69999999999999996,0.52277965185678854,0.69999999999999996,0.63021768419755675,0.12362279139694754
net_00613,cycle,6,6,0.40000000000000002,2,0,2,3,0.5,4,1,0.0025000000000000001,single_0,1,0,2,0.35999999999999999,0.72718635850791369,0.33468038357196855,0.46024018417876628,0.16603447349976999,1.7953272682160208,1.6677318781144161,0.69999999999999996,0.63405179241890808,0.69999999999999996,0.66329679065979441,0.15359786363615185
net_00614,cycle,6,6,0.40000000000000002,2,0,2,3,0.5,4,1,0.0025000000000000001,single_middle,1,3,2,0.35999999999999999,0.72718635850791369,0.26642641136410355,0.36637982581352857,0.17132076307269192,1.7953272682160208,1.6515338151031118,0.69999999999999996,0.53593805822477125,0.69999999999999996,0.66424020932048133,0.11566734511833135
net_00615,cycle,6,6,0.40000000000000002,2,0,2,3,0.5,4,1,0.0025000000000000001,two_0_last,2,0+5,2,0.35999999999999988,0.72718635850791369,0.29790533859022583,0.40966849158376206,0.18662526275194818,1.7953272682160208,1.6926195759073146,0.69999999999999996,0.61071503182234133,0.69999999999999996,0.67762681288679205,0.13533442742947915
net_00616,cycle,6,6,0.40000000000000002,2,0,2,4,0.5,4,1,0.0025000000000000001,uncontrolled,0,none,,0,0.31702452573227535,0.16298870652960637,0.51412018093278067,0,1.6728138847866318,1.6197233669932549,0.62354134182918197,0.53145977280828505,0.62354134182918197,0.65526411514537208,0.088766943922912581
net_00617,cycle,6,6,0.40000000000000002,2,0,2,4,0.5,4,1,0.0025000000000000001,single_0,1,0,2,0.35999999999999999,0.31702452573227535,0.21725451953200731,0.68529246761014628,0.16604452785592949,1.6728138847866318,1.7125638903165903,0.62354134182918197,0.62768816633031033,0.6277546404919867,0.68829346868984187,0.12273798934432632
net_00618,cycle,6,6,0.40000000000000002,2,0,2,4,0.5,4,1,0.0025000000000000001,single_middle,1,3,2,0.35999999999999999,0.31702452573227535,0.20604582742001071,0.64993655283949459,0.17134182532177658,1.6728138847866318,1.7139667459633126,0.62354134182918197,0.62507979483779597,0.62507979483779597,0.68920041265354726,0.12089854800420281
net_00619,cycle,6,6,0.40000000000000002,2,0,2,4,0.5,4,1,0.0025000000000000001,two_0_last,2,0+5,2,0.35999999999999988,0.31702452573227535,0.17506044134558438,0.55219841727141805,0.18425868276877663,1.6728138847866318,1.7407305395432306,0.62354134182918197,0.60415120457318483,0.62354134182918197,0.70208183575006045,0.11002226044261663
net_00620,cycle,6,6,0.40000000000000002,2,0,2,0,1,4,1,0.0025000000000000001,uncontrolled,0,none,,0,0.18594559413761105,0.11502318783199435,0.6185851746875497,0,1.3481468762712765,1.2947561277777779,0.52469796037174676,0.46003906770933561,0.52469796037174676,0.51790553393902272,0.10570129131198049
net_00621,cycle,6,6,0.40000000000000002,2,0,2,0,1,4,1,0.0025000000000000001,single_0,1,0,2,0.35999999999999999,0.18594559413761105,0.15547539524422818,0.83613379475486216,0.14510701301918361,1.3481468762712765,1.3941096356193834,0.52469796037174676,0.54505655909326378,0.54529680787413481,0.55129432311055449,0.14141492846894649
net_00622,cycle,6,6,0.40000000000000002,2,0,2,0,1,4,1,0.0025000000000000001,single_middle,1,3,2,0.35999999999999999,0.18594559413761105,0.10494121985054607,0.56436518615699593,0.14769939372262464,1.3481468762712765,1.3667798741712796,0.52469796037174676,0.46317051819231803,0.52469796037174676,0.55198658583657123,0.081600734043442202
net_00623,cycle,6,6,0.40000000000000002,2,0,2,0,1,4,1,0.0025000000000000001,two_0_last,2,0+5,2,0.35999999999999988,0.18594559413761105,0.16207259384017847,0.87161298223734673,0.17225215645287334,1.3481468762712765,1.4344194179668162,0.52469796037174676,0.54195226110213424,0.54195226110213424,0.56540922042189934,0.15244318472339125
net_00624,cycle,6,6,0.40000000000000002,2,0,2,1,1,4,1,0.0025000000000000001,uncontrolled,0,none,,0,0.24749853348648757,0.090638033790092928,0.36621644788469587,0,1.794784109579757,1.7475821180612732,0.63266955188292329,0.52803809764954923,0.63266955188292329,0.71157425423265808,0.051665177903730888
net_00625,cycle,6,6,0.40000000000000002,2,0,2,1,1,4,1,0.0025000000000000001,single_0,1,0,2,0.35999999999999999,0.24749853348648757,0.11541654300215162,0.46633222983704226,0.14456804053999567,1.794784109579757,1.8358242102125153,0.63266955188292329,0.61431754528031868,0.63266955188292329,0.74480384692431911,0.083520365223917162
net_00626,cycle,6,6,0.40000000000000002,2,0,2,1,1,4,1,0.0025000000000000001,single_middle,1,3,2,0.35999999999999999,0.24749853348648757,0.087155867688893551,0.35214700653429087,0.14829100670293227,1.794784109579757,1.828495091804442,0.63266955188292329,0.54824767131214935,0.63266955188292329,0.74556748206054324,0.03689868768294944
net_00627,cycle,6,6,0.40000000000000002,2,0,2,1,1,4,1,0.0025000000000000001,two_0_last,2,0+5,2,0.35999999999999988,0.24749853348648757,0.11204903895985899,0.45272607227782391,0.17040518063380158,1.794784109579757,1.8710248678354928,0.63266955188292329,0.60068568382032839,0.63266955188292329,0.75855355409775227,0.089733948845863859
net_00628,cycle,6,6,0.40000000000000002,2,0,2,2,1,4,1,0.0025000000000000001,uncontrolled,0,none,,0,0.24865222342926716,0.10344803599533912,0.41603503306201672,0,1.5827033834550301,1.5242494717550428,0.625,0.51431714814130347,0.625,0.61554029090429807,0.09128467723394984
net_00629,cycle,6,6,0.40000000000000002,2,0,2,2,1,4,1,0.0025000000000000001,single_0,1,0,2,0.35999999999999999,0.24865222342926716,0.091616634693835117,0.3684529075602529,0.14604732517894375,1.5827033834550301,1.6019418885005365,0.625,0.52125873058088357,0.625,0.64924459698051595,0.078641098121265268
net_00630,cycle,6,6,0.40000000000000002,2,0,2,2,1,4,1,0.0025000000000000001,single_middle,1,3,2,0.35999999999999999,0.24865222342926716,0.12877943600047309,0.51790985105390108,0.14544023039000162,1.5827033834550301,1.614454310302234,0.625,0.55775707063878277,0.625,0.64905289252738196,0.11463331123230448
net_00631,cycle,6,6,0.40000000000000002,2,0,2,2,1,4,1,0.0025000000000000001,two_0_last,2,0+5,2,0.35999999999999988,0.24865222342926716,0.11810356945996711,0.47497491810509967,0.17244704312802497,1.5827033834550301,1.6442174600097932,0.625,0.58275154963125486,0.625,0.66318027134014035,0.10376465521583303
net_00632,cycle,6,6,0.40000000000000002,2,0,2,3,1,4,1,0.0025000000000000001,uncontrolled,0,none,,0,0.72718635850791369,0.13512962824472982,0.18582530690206733,0,1.7953272682160208,1.5480762336736125,0.69999999999999996,0.47161475184739143,0.69999999999999996,0.63032541986558055,0.045969583590229901
net_00633,cycle,6,6,0.40000000000000002,2,0,2,3,1,4,1,0.0025000000000000001,single_0,1,0,2,0.35999999999999999,0.72718635850791369,0.16663998624952875,0.2291571951259524,0.14476670600078997,1.7953272682160208,1.6358726192774171,0.69999999999999996,0.56570437180206667,0.69999999999999996,0.66366892729612736,0.074543674168461041
net_00634,cycle,6,6,0.40000000000000002,2,0,2,3,1,4,1,0.0025000000000000001,single_middle,1,3,2,0.35999999999999999,0.72718635850791369,0.1323970612857937,0.1820675810770904,0.14753731370824305,1.7953272682160208,1.6325375549316852,0.69999999999999996,0.50964440195905958,0.69999999999999996,0.66421661539009957,0.054888668078586819
net_00635,cycle,6,6,0.40000000000000002,2,0,2,3,1,4,1,0.0025000000000000001,two_0_last,2,0+5,2,0.35999999999999988,0.72718635850791369,0.14676216393912692,0.20182194319522534,0.17238261273157285,1.7953272682160208,1.6684400833038096,0.69999999999999996,0.55229532308417406,0.69999999999999996,0.67785234776299574,0.066820006195741063
net_00636,cycle,6,6,0.40000000000000002,2,0,2,4,1,4,1,0.0025000000000000001,uncontrolled,0,none,,0,0.31702452573227535,0.10028307258489846,0.31632591312378999,0,1.6728138847866318,1.6081168982648339,0.62354134182918197,0.50486828182997634,0.62354134182918197,0.65460985414139883,0.049925931222778108
net_00637,cycle,6,6,0.40000000000000002,2,0,2,4,1,4,1,0.0025000000000000001,single_0,1,0,2,0.35999999999999999,0.31702452573227535,0.13635450423417836,0.43010711527514006,0.14436268246485648,1.6728138847866318,1.6949785436462903,0.62354134182918197,0.57534340465791667,0.62354134182918197,0.68777779398842387,0.076072881720757574
net_00638,cycle,6,6,0.40000000000000002,2,0,2,4,1,4,1,0.0025000000000000001,single_middle,1,3,2,0.35999999999999999,0.31702452573227535,0.13342016111230531,0.42085122847869999,0.14825633955640469,1.6728138847866318,1.6974640765899818,0.62354134182918197,0.58472486783877564,0.62354134182918197,0.68853684491877676,0.078407451228882263
net_00639,cycle,6,6,0.40000000000000002,2,0,2,4,1,4,1,0.0025000000000000001,two_0_last,2,0+5,2,0.35999999999999988,0.31702452573227535,0.11727804540438778,0.36993366722493937,0.17046219258126383,1.6728138847866318,1.7286559851612824,0.62354134182918197,0.56176881748011787,0.62354134182918197,0.70157566986128195,0.076377343702267439
net_00640,cycle,7,7,0.33333333333333331,2,0,2,0,0,4,1,0.0025000000000000001,uncontrolled,0,none,,0,0.16494222311933651,0.16341403665620249,0.99073501960726962,0,1.4764823060233399,1.4674807928142013,0.54142135623730958,0.54265081851965602,0.5442006958279233,0.52515306617927859,0.17848556438471599
net_00641,cycle,7,7,0.33333333333333331,2,0,2,0,0,4,1,0.0025000000000000001,single_0,1,0,2,0.35999999999999999,0.16494222311933651,0.22107186641083532,1.3402988163369711,0.20502142267354984,1.4764823060233399,1.5791791077088344,0.54142135623730958,0.66520875704222737,0.66520875704222737,0.55364571663929474,0.22301236267871655
net_00642,cycle,7,7,0.33333333333333331,2,0,2,0,0,4,1,0.0025000000000000001,single_middle,1,3,2,0.35999999999999999,0.16494222311933651,0.17225263934198293,1.0443210724603686,0.20940148757913626,1.4764823060233399,1.5205153755663878,0.54142135623730958,0.54265081851965602,0.5442006958279233,0.55452831405200442,0.15092829410791883
net_00643,cycle,7,7,0.33333333333333331,2,0,2,0,0,4,1,0.0025000000000000001,two_0_last,2,0+6,2,0.35999999999999988,0.16494222311933651,0.22071903588505973,1.338159700475047,0.20692276543307686,1.4764823060233399,1.6206329972963274,0.54142135623730958,0.64359485650409376,0.64359485650409376,0.56575653605726939,0.23479112458433432
net_00644,cycle,7,7,0.33333333333333331,2,0,2,1,0,4,1,0.0025000000000000001,uncontrolled,0,none,,0,0.23662212034218039,0.23457929514679562,0.99136671925502728,0,1.9258115172570758,1.9109750951860502,0.64999999999999991,0.63688239928586987,0.64999999999999991,0.70679228163578445,0.14877524216170004
net_00645,cycle,7,7,0.33333333333333331,2,0,2,1,0,4,1,0.0025000000000000001,single_0,1,0,2,0.35999999999999999,0.23662212034218039,0.22986456256305338,0.97144156358097511,0.20478551366916695,1.9258115172570758,1.9885627153124408,0.64999999999999991,0.63688239928586987,0.64999999999999991,0.73518553181285207,0.15624948430642446
net_00646,cycle,7,7,0.33333333333333331,2,0,2,1,0,4,1,0.0025000000000000001,single_middle,1,3,2,0.35999999999999999,0.23662212034218039,0.19686863016204703,0.83199588389012136,0.21278691203198585,1.9258115172570758,1.9685168485688809,0.64999999999999991,0.63688239928586987,0.64999999999999991,0.73594354080052427,0.10939333772967283
net_00647,cycle,7,7,0.33333333333333331,2,0,2,1,0,4,1,0.0025000000000000001,two_0_last,2,0+6,2,0.35999999999999988,0.23662212034218039,0.20239067749054318,0.85533287081471943,0.20487698629840007,1.9258115172570758,2.0155458436568767,0.64999999999999991,0.63688239928586987,0.64999999999999991,0.74686476146491221,0.15013148734941417
net_00648,cycle,7,7,0.33333333333333331,2,0,2,2,0,4,1,0.0025000000000000001,uncontrolled,0,none,,0,0.2684612235899787,0.26595707007464392,0.99067219659566408,0,1.8672305695869482,1.8528941206027316,0.69999999999999996,0.69641232927467489,0.70280064999750624,0.66832928768740441,0.20927369799205767
net_00649,cycle,7,7,0.33333333333333331,2,0,2,2,0,4,1,0.0025000000000000001,single_0,1,0,2,0.35999999999999999,0.2684612235899787,0.20024547486596991,0.74590092449181855,0.20708200746208288,1.8672305695869482,1.9016220813145408,0.69999999999999996,0.69641232927467489,0.70280064999750624,0.69710042864457955,0.17506059637730731
net_00650,cycle,7,7,0.33333333333333331,2,0,2,2,0,4,1,0.0025000000000000001,single_middle,1,3,2,0.35999999999999999,0.2684612235899787,0.28863823840013481,1.0751580229738225,0.20747459884068631,1.8672305695869482,1.9350389087979798,0.69999999999999996,0.69641232927467489,0.70280064999750624,0.69724696330331659,0.22081093519511902
net_00651,cycle,7,7,0.33333333333333331,2,0,2,2,0,4,1,0.0025000000000000001,two_0_last,2,0+6,2,0.35999999999999988,0.2684612235899787,0.27715604650369829,1.0323876305018977,0.20707042243183707,1.8672305695869482,1.9633617122241735,0.69999999999999996,0.79595511991770918,0.79595511991770918,0.70890111361608532,0.21941600762835264
net_00652,cycle,7,7,0.33333333333333331,2,0,2,3,0,4,1,0.0025000000000000001,uncontrolled,0,none,,0,0.67324374698703504,0.65656325832834206,0.97522370057896102,0,2.0519259245888968,1.9958646263992137,0.69999999999999996,0.6647521021250794,0.69999999999999996,0.6790288873395014,0.32861484142229963
net_00653,cycle,7,7,0.33333333333333331,2,0,2,3,0,4,1,0.0025000000000000001,single_0,1,0,2,0.35999999999999999,0.67324374698703504,0.69337277733742131,1.0298985775069871,0.20194523398211534,2.0519259245888968,2.0973645197307702,0.69999999999999996,0.80188203647191125,0.80188203647191125,0.70698626855111291,0.35859464604135993
net_00654,cycle,7,7,0.33333333333333331,2,0,2,3,0,4,1,0.0025000000000000001,single_middle,1,3,2,0.35999999999999999,0.67324374698703504,0.60528160344208082,0.89905269250682995,0.21255638575658276,2.0519259245888968,2.0363615207363321,0.69999999999999996,0.6647521021250794,0.69999999999999996,0.70809356924773803,0.30166033961242283
net_00655,cycle,7,7,0.33333333333333331,2,0,2,3,0,4,1,0.0025000000000000001,two_0_last,2,0+6,2,0.35999999999999988,0.67324374698703504,0.70049562128431153,1.0404784662601572,0.20207185753703155,2.0519259245888968,2.1341047929815771,0.69999999999999996,0.76166263781406307,0.76166263781406307,0.71851728046957331,0.36655416498855514
net_00656,cycle,7,7,0.33333333333333331,2,0,2,4,0,4,1,0.0025000000000000001,uncontrolled,0,none,,0,0.290660280273288,0.2858960607153232,0.98360897624716614,0,1.7459071421917678,1.7330889828365645,0.62354134182918197,0.59611823584803569,0.62354134182918197,0.63202359887096715,0.17213807403228643
net_00657,cycle,7,7,0.33333333333333331,2,0,2,4,0,4,1,0.0025000000000000001,single_0,1,0,2,0.35999999999999999,0.290660280273288,0.36195548136871675,1.245287044478161,0.20308555255666413,1.7459071421917678,1.8390196587852445,0.62354134182918197,0.73445842445105713,0.73445842445105713,0.66016168033538924,0.21755104363800165
net_00658,cycle,7,7,0.33333333333333331,2,0,2,4,0,4,1,0.0025000000000000001,single_middle,1,3,2,0.35999999999999999,0.290660280273288,0.33462627013716106,1.1512624629087085,0.21097485475748654,1.7459071421917678,1.8336991030355676,0.62354134182918197,0.69384370410615515,0.69384370410615515,0.66115754880414246,0.20789670171524141
net_00659,cycle,7,7,0.33333333333333331,2,0,2,4,0,4,1,0.0025000000000000001,two_0_last,2,0+6,2,0.35999999999999988,0.290660280273288,0.31545170612943285,1.0852934767448623,0.20362236423821675,1.7459071421917678,1.8478883465889326,0.62354134182918197,0.69386399212139527,0.69386399212139527,0.67144801404467747,0.19227743813391424
net_00660,cycle,7,7,0.33333333333333331,2,0,2,0,0.25,4,1,0.0025000000000000001,uncontrolled,0,none,,0,0.16494222311933651,0.14906639267811778,0.9037491423300843,0,1.4764823060233399,1.4539454843175907,0.54142135623730958,0.52515484484935826,0.54142135623730958,0.52500242688864396,0.16237726516390003
net_00661,cycle,7,7,0.33333333333333331,2,0,2,0,0.25,4,1,0.0025000000000000001,single_0,1,0,2,0.35999999999999999,0.16494222311933651,0.19845473543478009,1.2031772803934935,0.18332342418357889,1.4764823060233399,1.560104197852606,0.54142135623730958,0.63492964141330255,0.63492964141330255,0.55352470557418521,0.20325842466827657
net_00662,cycle,7,7,0.33333333333333331,2,0,2,0,0.25,4,1,0.0025000000000000001,single_middle,1,3,2,0.35999999999999999,0.16494222311933651,0.14991509559221597,0.90889459810270445,0.18686011652853587,1.4764823060233399,1.5084414614943968,0.54142135623730958,0.52516501006509053,0.54142135623730958,0.5542921436532281,0.13347936124334231
net_00663,cycle,7,7,0.33333333333333331,2,0,2,0,0.25,4,1,0.0025000000000000001,two_0_last,2,0+6,2,0.35999999999999988,0.16494222311933651,0.20087489578073423,1.2178500567159221,0.19548841176474932,1.4764823060233399,1.6011160479861397,0.54142135623730958,0.62014673510371798,0.62014673510371798,0.56562390140952556,0.2151610075530237
net_00664,cycle,7,7,0.33333333333333331,2,0,2,1,0.25,4,1,0.0025000000000000001,uncontrolled,0,none,,0,0.23662212034218039,0.17983026194679136,0.75998922538069535,0,1.9258115172570758,1.8932653595309799,0.64999999999999991,0.60101946053054811,0.64999999999999991,0.70645638921480447,0.11394817905085279
net_00665,cycle,7,7,0.33333333333333331,2,0,2,1,0.25,4,1,0.0025000000000000001,single_0,1,0,2,0.35999999999999999,0.23662212034218039,0.18075290360377258,0.76388844518164634,0.18293908761987257,1.9258115172570758,1.9730146411055836,0.64999999999999991,0.60855095120329772,0.64999999999999991,0.73485098845853813,0.12691107536244267
net_00666,cycle,7,7,0.33333333333333331,2,0,2,1,0.25,4,1,0.0025000000000000001,single_middle,1,3,2,0.35999999999999999,0.23662212034218039,0.14686381669318227,0.62066816272629877,0.18959809454663795,1.9258115172570758,1.9569636440174365,0.64999999999999991,0.60133821492771666,0.64999999999999991,0.73565556548798738,0.076888534136716674
net_00667,cycle,7,7,0.33333333333333331,2,0,2,1,0.25,4,1,0.0025000000000000001,two_0_last,2,0+6,2,0.35999999999999988,0.23662212034218039,0.16005224360969816,0.67640440115339107,0.19349462972351553,1.9258115172570758,2.00266435864153,0.64999999999999991,0.6065647693320495,0.64999999999999991,0.74656033267139299,0.12489894266059549
net_00668,cycle,7,7,0.33333333333333331,2,0,2,2,0.25,4,1,0.0025000000000000001,uncontrolled,0,none,,0,0.2684612235899787,0.20449924529846739,0.76174593322572137,0,1.8672305695869482,1.8276562988266918,0.69999999999999996,0.64122129728210664,0.69999999999999996,0.66797297927462662,0.17607313389357598
net_00669,cycle,7,7,0.33333333333333331,2,0,2,2,0.25,4,1,0.0025000000000000001,single_0,1,0,2,0.35999999999999999,0.2684612235899787,0.15950888264900825,0.59415985860448306,0.18490706063495863,1.8672305695869482,1.88619174910995,0.69999999999999996,0.64884782690342135,0.69999999999999996,0.69679437122696197,0.15074223220707952
net_00670,cycle,7,7,0.33333333333333331,2,0,2,2,0.25,4,1,0.0025000000000000001,single_middle,1,3,2,0.35999999999999999,0.2684612235899787,0.22505053667716879,0.8382981112419009,0.18525953442964913,1.8672305695869482,1.9085657362784334,0.69999999999999996,0.64123118722035166,0.69999999999999996,0.69685954240018766,0.1864444064427967
net_00671,cycle,7,7,0.33333333333333331,2,0,2,2,0.25,4,1,0.0025000000000000001,two_0_last,2,0+6,2,0.35999999999999988,0.2684612235899787,0.2160749232375769,0.80486455491832409,0.19563114565644726,1.8672305695869482,1.9384552249440112,0.69999999999999996,0.73517510999194047,0.73517510999194047,0.70863661691731128,0.18610583596462849
net_00672,cycle,7,7,0.33333333333333331,2,0,2,3,0.25,4,1,0.0025000000000000001,uncontrolled,0,none,,0,0.67324374698703504,0.43187376213669398,0.64148202500128204,0,2.0519259245888968,1.8825659991382797,0.69999999999999996,0.6177732439661261,0.69999999999999996,0.67796529350846657,0.21600137787171625
net_00673,cycle,7,7,0.33333333333333331,2,0,2,3,0.25,4,1,0.0025000000000000001,single_0,1,0,2,0.35999999999999999,0.67324374698703504,0.46576876567204156,0.69182783762418087,0.18102041408929909,2.0519259245888968,1.9788216121897879,0.69999999999999996,0.74010170322779956,0.74010170322779956,0.70602507596225983,0.24681835937060798
net_00674,cycle,7,7,0.33333333333333331,2,0,2,3,0.25,4,1,0.0025000000000000001,single_middle,1,3,2,0.35999999999999999,0.67324374698703504,0.39835633566527656,0.59169704501235854,0.18892221746056564,2.0519259245888968,1.9416107044636932,0.69999999999999996,0.61778320768524375,0.69999999999999996,0.70718671745749595,0.19605420323757491
net_00675,cycle,7,7,0.33333333333333331,2,0,2,3,0.25,4,1,0.0025000000000000001,two_0_last,2,0+6,2,0.35999999999999988,0.67324374698703504,0.47169809619091752,0.70063494581554753,0.19143918776695537,2.0519259245888968,2.0149745948815134,0.69999999999999996,0.7094341315067656,0.70998621419425656,0.71761047356215868,0.25505435713509611
net_00676,cycle,7,7,0.33333333333333331,2,0,2,4,0.25,4,1,0.0025000000000000001,uncontrolled,0,none,,0,0.290660280273288,0.2162100346557613,0.74385820605579056,0,1.7459071421917678,1.7038435399880696,0.62354134182918197,0.55172765867911411,0.62354134182918197,0.63130033190024459,0.12722423699771973
net_00677,cycle,7,7,0.33333333333333331,2,0,2,4,0.25,4,1,0.0025000000000000001,single_0,1,0,2,0.35999999999999999,0.290660280273288,0.27872133547543365,0.95892474614478118,0.18186042832751506,1.7459071421917678,1.7988708798550577,0.62354134182918197,0.67063845984308579,0.67063845984308579,0.65948344749673105,0.16540319557082958
net_00678,cycle,7,7,0.33333333333333331,2,0,2,4,0.25,4,1,0.0025000000000000001,single_middle,1,3,2,0.35999999999999999,0.290660280273288,0.25914327872326526,0.8915675663685817,0.18829349164651052,1.7459071421917678,1.7985015311280581,0.62354134182918197,0.65479901486531544,0.65479901486531544,0.66039991643981522,0.16111726432010584
net_00679,cycle,7,7,0.33333333333333331,2,0,2,4,0.25,4,1,0.0025000000000000001,two_0_last,2,0+6,2,0.35999999999999988,0.290660280273288,0.2419157970425099,0.83229740511862516,0.19253084462070119,1.7459071421917678,1.8161888264666866,0.62354134182918197,0.63973874874427783,0.63973874874427783,0.67088296334154707,0.1453833355890011
net_00680,cycle,7,7,0.33333333333333331,2,0,2,0,0.5,4,1,0.0025000000000000001,uncontrolled,0,none,,0,0.16494222311933651,0.13617011709501017,0.82556251831582517,0,1.4764823060233399,1.4426405003834093,0.54142135623730958,0.5097634564305924,0.54142135623730958,0.52486567558764408,0.14775644606483632
net_00681,cycle,7,7,0.33333333333333331,2,0,2,0,0.5,4,1,0.0025000000000000001,single_0,1,0,2,0.35999999999999999,0.16494222311933651,0.17949656799446254,1.0882390488007179,0.1671106210989399,1.4764823060233399,1.5444490485971669,0.54142135623730958,0.60940316952036599,0.60940316952036599,0.55341473762238713,0.18572166616783756
net_00682,cycle,7,7,0.33333333333333331,2,0,2,0,0.5,4,1,0.0025000000000000001,single_middle,1,3,2,0.35999999999999999,0.16494222311933651,0.13173741724509117,0.79868826037210916,0.17003329600911435,1.4764823060233399,1.4990686500958754,0.54142135623730958,0.50983223016618318,0.54142135623730958,0.55409239443634228,0.11836876198370026
net_00683,cycle,7,7,0.33333333333333331,2,0,2,0,0.5,4,1,0.0025000000000000001,two_0_last,2,0+6,2,0.35999999999999988,0.16494222311933651,0.1836026317458602,1.1131330005963529,0.18620813805649752,1.4764823060233399,1.5848099257947148,0.54142135623730958,0.59967963048478068,0.59967963048478068,0.56550490315403057,0.19750295927573272
net_00684,cycle,7,7,0.33333333333333331,2,0,2,1,0.5,4,1,0.0025000000000000001,uncontrolled,0,none,,0,0.23662212034218039,0.14054291388858944,0.59395509466887397,0,1.9258115172570758,1.8830876451478127,0.64999999999999991,0.57466484040748378,0.64999999999999991,0.70620320544558557,0.088606923009916114
net_00685,cycle,7,7,0.33333333333333331,2,0,2,1,0.5,4,1,0.0025000000000000001,single_0,1,0,2,0.35999999999999999,0.23662212034218039,0.14649906781686731,0.61912668014729266,0.166629814976025,1.9258115172570758,1.9638117131638193,0.64999999999999991,0.60122035671160856,0.64999999999999991,0.73460584501263582,0.10625858760072991
net_00686,cycle,7,7,0.33333333333333331,2,0,2,1,0.5,4,1,0.0025000000000000001,single_middle,1,3,2,0.35999999999999999,0.23662212034218039,0.11278843571827929,0.47666057406287876,0.17229663673904308,1.9258115172570758,1.9509027186897601,0.64999999999999991,0.57573461334582721,0.64999999999999991,0.73541164190000807,0.053731390794047006
net_00687,cycle,7,7,0.33333333333333331,2,0,2,1,0.5,4,1,0.0025000000000000001,two_0_last,2,0+6,2,0.35999999999999988,0.23662212034218039,0.13149265963256387,0.5557073845945244,0.18427108314268428,1.9258115172570758,1.9949726890907395,0.64999999999999991,0.58456429412369248,0.64999999999999991,0.74633690658987539,0.10742743946558669
net_00688,cycle,7,7,0.33333333333333331,2,0,2,2,0.5,4,1,0.0025000000000000001,uncontrolled,0,none,,0,0.2684612235899787,0.16445777228191963,0.61259413960317888,0,1.8672305695869482,1.8120558414822838,0.69999999999999996,0.60275991258172523,0.69999999999999996,0.66774542814178461,0.15229608147115486
net_00689,cycle,7,7,0.33333333333333331,2,0,2,2,0.5,4,1,0.0025000000000000001,single_0,1,0,2,0.35999999999999999,0.2684612235899787,0.13431474615970002,0.50031339484930293,0.16836317602228545,1.8672305695869482,1.876262651945398,0.69999999999999996,0.61562207535754943,0.69999999999999996,0.6965800035010673,0.13298530001596223
net_00690,cycle,7,7,0.33333333333333331,2,0,2,2,0.5,4,1,0.0025000000000000001,single_middle,1,3,2,0.35999999999999999,0.2684612235899787,0.18297438656108903,0.68156728228485663,0.16866580444518556,1.8672305695869482,1.8920614487537701,0.69999999999999996,0.60380373876790971,0.69999999999999996,0.69661130208401711,0.16169874216397712
net_00691,cycle,7,7,0.33333333333333331,2,0,2,2,0.5,4,1,0.0025000000000000001,two_0_last,2,0+6,2,0.35999999999999988,0.2684612235899787,0.17611108623101748,0.6560019502108515,0.18632418936132919,1.8672305695869482,1.9228605962734668,0.69999999999999996,0.69161366747969311,0.69999999999999996,0.70845008139723764,0.16216492833747267
net_00692,cycle,7,7,0.33333333333333331,2,0,2,3,0.5,4,1,0.0025000000000000001,uncontrolled,0,none,,0,0.67324374698703504,0.29228944581257693,0.43415099972433263,0,2.0519259245888968,1.8346779695061184,0.69999999999999996,0.58525142525780427,0.69999999999999996,0.67794662091256253,0.14577963121671036
net_00693,cycle,7,7,0.33333333333333331,2,0,2,3,0.5,4,1,0.0025000000000000001,single_0,1,0,2,0.35999999999999999,0.67324374698703504,0.32418199249410823,0.4815224707914757,0.16532971655539266,2.0519259245888968,1.926583751877283,0.69999999999999996,0.69579176656015029,0.70079465924625417,0.70610744287892124,0.17792892111116637
net_00694,cycle,7,7,0.33333333333333331,2,0,2,3,0.5,4,1,0.0025000000000000001,single_middle,1,3,2,0.35999999999999999,0.67324374698703504,0.27188169099954707,0.40383841991299296,0.17132042558871469,2.0519259245888968,1.9023912121130762,0.69999999999999996,0.58531890283380716,0.69999999999999996,0.70710880148880517,0.13042366345574238
net_00695,cycle,7,7,0.33333333333333331,2,0,2,3,0.5,4,1,0.0025000000000000001,two_0_last,2,0+6,2,0.35999999999999988,0.67324374698703504,0.32928570094807297,0.48910324443669012,0.18277902525398487,2.0519259245888968,1.9620752550666842,0.69999999999999996,0.67236925541620562,0.69999999999999996,0.71774502872101298,0.18656053126030891
net_00696,cycle,7,7,0.33333333333333331,2,0,2,4,0.5,4,1,0.0025000000000000001,uncontrolled,0,none,,0,0.290660280273288,0.16629105080439524,0.57211480924756264,0,1.7459071421917678,1.6873471510734317,0.62354134182918197,0.52649563161743707,0.62354134182918197,0.63075367796770199,0.094255725363912982
net_00697,cycle,7,7,0.33333333333333331,2,0,2,4,0.5,4,1,0.0025000000000000001,single_0,1,0,2,0.35999999999999999,0.290660280273288,0.2179906427523432,0.74998428594158617,0.16595500920109274,1.7459071421917678,1.7754908729867132,0.62354134182918197,0.624035534544371,0.62597891760629332,0.65898353624219386,0.12680284629030122
net_00698,cycle,7,7,0.33333333333333331,2,0,2,4,0.5,4,1,0.0025000000000000001,single_middle,1,3,2,0.35999999999999999,0.290660280273288,0.20446718733956723,0.7034576143232254,0.17134259246868852,1.7459071421917678,1.7778236781435297,0.62354134182918197,0.62465885405151622,0.62465885405151622,0.65984151611615227,0.12701026158461834
net_00699,cycle,7,7,0.33333333333333331,2,0,2,4,0.5,4,1,0.0025000000000000001,two_0_last,2,0+6,2,0.35999999999999988,0.290660280273288,0.18871711812714079,0.64927040581431694,0.18352348199467883,1.7459071421917678,1.7980075953118124,0.62354134182918197,0.60046630597596462,0.62354134182918197,0.67045394984621809,0.11101597101845899
net_00700,cycle,7,7,0.33333333333333331,2,0,2,0,1,4,1,0.0025000000000000001,uncontrolled,0,none,,0,0.16494222311933651,0.11400494111725283,0.69118106304878457,0,1.4764823060233399,1.425299829103571,0.54142135623730958,0.48400614317013507,0.54142135623730958,0.52462543613266754,0.12239086402699936
net_00701,cycle,7,7,0.33333333333333331,2,0,2,0,1,4,1,0.0025000000000000001,single_0,1,0,2,0.35999999999999999,0.16494222311933651,0.14914473698997571,0.90422412266184116,0.14503106644198432,1.4764823060233399,1.5206840695348021,0.54142135623730958,0.56881717521572817,0.56891759180213741,0.55322129668717701,0.15588613865769199
net_00702,cycle,7,7,0.33333333333333331,2,0,2,0,1,4,1,0.0025000000000000001,single_middle,1,3,2,0.35999999999999999,0.16494222311933651,0.10399516820351642,0.63049452248667348,0.1471492032991441,1.4764823060233399,1.4858541776949314,0.54142135623730958,0.48440614565323697,0.54142135623730958,0.55376616109580767,0.093475672274328722
net_00703,cycle,7,7,0.33333333333333331,2,0,2,0,1,4,1,0.0025000000000000001,two_0_last,2,0+6,2,0.35999999999999988,0.16494222311933651,0.15482665414185701,0.93867204657378212,0.17205842577017505,1.4764823060233399,1.5595932112036892,0.54142135623730958,0.56573963290696372,0.56573963290696372,0.56529879268833116,0.16707222960164025
net_00704,cycle,7,7,0.33333333333333331,2,0,2,1,1,4,1,0.0025000000000000001,uncontrolled,0,none,,0,0.23662212034218039,0.092894415258407789,0.39258550774573708,0,1.9258115172570758,1.8734718120590419,0.64999999999999991,0.54087006388554892,0.64999999999999991,0.70582228829897509,0.056821665840946008
net_00705,cycle,7,7,0.33333333333333331,2,0,2,1,1,4,1,0.0025000000000000001,single_0,1,0,2,0.35999999999999999,0.23662212034218039,0.10627335366489529,0.44912687584412175,0.14445310335862493,1.9258115172570758,1.9544046243626416,0.64999999999999991,0.59713671506542865,0.64999999999999991,0.73425080417081212,0.080912414508959724
net_00706,cycle,7,7,0.33333333333333331,2,0,2,1,1,4,1,0.0025000000000000001,single_middle,1,3,2,0.35999999999999999,0.23662212034218039,0.075659801185150172,0.319749485279475,0.14878727451543136,1.9258115172570758,1.9458910902328994,0.64999999999999991,0.54395466671396675,0.64999999999999991,0.73501104887700908,0.026195531922214719
net_00707,cycle,7,7,0.33333333333333331,2,0,2,1,1,4,1,0.0025000000000000001,two_0_last,2,0+6,2,0.35999999999999988,0.23662212034218039,0.099682367236155978,0.4212723945335492,0.17024783582386177,1.9258115172570758,1.9868355075149242,0.64999999999999991,0.58350075451511707,0.64999999999999991,0.74601321775439966,0.085994423799432229
net_00708,cycle,7,7,0.33333333333333331,2,0,2,2,1,4,1,0.0025000000000000001,uncontrolled,0,none,,0,0.2684612235899787,0.11805172834446104,0.43973474740903978,0,1.8672305695869482,1.7941434989705076,0.69999999999999996,0.58341549488249056,0.69999999999999996,0.66747304213758152,0.11970741774089498
net_00709,cycle,7,7,0.33333333333333331,2,0,2,2,1,4,1,0.0025000000000000001,single_0,1,0,2,0.35999999999999999,0.2684612235899787,0.1048538308090452,0.39057346683776067,0.14587943483938454,1.8672305695869482,1.8640031370716332,0.69999999999999996,0.58644059707831941,0.69999999999999996,0.69631067512258016,0.10728320397450514
net_00710,cycle,7,7,0.33333333333333331,2,0,2,2,1,4,1,0.0025000000000000001,single_middle,1,3,2,0.35999999999999999,0.2684612235899787,0.13305149012382769,0.49560785108778865,0.14608042159598356,1.8672305695869482,1.873008538726703,0.69999999999999996,0.58642872697521997,0.69999999999999996,0.6963141975821957,0.12771998046025879
net_00711,cycle,7,7,0.33333333333333331,2,0,2,2,1,4,1,0.0025000000000000001,two_0_last,2,0+6,2,0.35999999999999988,0.2684612235899787,0.12929326196955671,0.48160870400794464,0.17210085345068366,1.8672305695869482,1.9046674623446733,0.69999999999999996,0.63590198740589543,0.69999999999999996,0.70821007509072564,0.12918843872112828
net_00712,cycle,7,7,0.33333333333333331,2,0,2,3,1,4,1,0.0025000000000000001,uncontrolled,0,none,,0,0.67324374698703504,0.15006836043325403,0.22290345971255485,0,2.0519259245888968,1.8056428479178968,0.69999999999999996,0.54584521252187856,0.69999999999999996,0.67817360712898123,0.076447932227213342
net_00713,cycle,7,7,0.33333333333333331,2,0,2,3,1,4,1,0.0025000000000000001,single_0,1,0,2,0.35999999999999999,0.67324374698703504,0.17909505892554503,0.26601815423767156,0.14385913170695933,2.0519259245888968,1.8917973605686587,0.69999999999999996,0.63906821133453051,0.69999999999999996,0.70648170849410852,0.11024804656336257
net_00714,cycle,7,7,0.33333333333333331,2,0,2,3,1,4,1,0.0025000000000000001,single_middle,1,3,2,0.35999999999999999,0.67324374698703504,0.14545026558136886,0.21604399035609589,0.14752930923217403,2.0519259245888968,1.8789922161204748,0.69999999999999996,0.54623822261566968,0.69999999999999996,0.70722132564858498,0.064893015336608725
net_00715,cycle,7,7,0.33333333333333331,2,0,2,3,1,4,1,0.0025000000000000001,two_0_last,2,0+6,2,0.35999999999999988,0.67324374698703504,0.18326972531959795,0.27221897884649388,0.16948593575327289,2.0519259245888968,1.9262217826842261,0.69999999999999996,0.62550877164811081,0.69999999999999996,0.71819539554278411,0.11934222868660734
net_00716,cycle,7,7,0.33333333333333331,2,0,2,4,1,4,1,0.0025000000000000001,uncontrolled,0,none,,0,0.290660280273288,0.10609155017308637,0.3650018849267459,0,1.7459071421917678,1.6723369366141583,0.62354134182918197,0.49290010861206968,0.62354134182918197,0.62990640124762887,0.052421791045403857
net_00717,cycle,7,7,0.33333333333333331,2,0,2,4,1,4,1,0.0025000000000000001,single_0,1,0,2,0.35999999999999999,0.290660280273288,0.14148027126425819,0.48675474726451773,0.14421953283498828,1.7459071421917678,1.7533764375152849,0.62354134182918197,0.5645047397588725,0.62354134182918197,0.65821991204665609,0.077048002969240942
net_00718,cycle,7,7,0.33333333333333331,2,0,2,4,1,4,1,0.0025000000000000001,single_middle,1,3,2,0.35999999999999999,0.290660280273288,0.1365990063967315,0.469961035846717,0.1482544765240921,1.7459071421917678,1.7577088385512096,0.62354134182918197,0.5826759063339253,0.62354134182918197,0.65898524003939496,0.084269580168637573
net_00719,cycle,7,7,0.33333333333333331,2,0,2,4,1,4,1,0.0025000000000000001,two_0_last,2,0+6,2,0.35999999999999988,0.290660280273288,0.12315359651788528,0.42370287540524071,0.16977961031900113,1.7459071421917678,1.7811258615307897,0.62354134182918197,0.55088001599339764,0.62354134182918197,0.66977916704996099,0.067802661467801548
net_00720,cycle,8,8,0.2857142857142857,2,0,2,0,0,4,1,0.0025000000000000001,uncontrolled,0,none,,0,0.1476271179824212,0.14622561957228641,0.99050649752370246,0,1.5945218719101972,1.5845606361797131,0.55320888862379558,0.5532929659978908,0.55547572642114484,0.53006986797046896,0.18132839349106855
net_00721,cycle,8,8,0.2857142857142857,2,0,2,0,0,4,1,0.0025000000000000001,single_0,1,0,2,0.35999999999999999,0.1476271179824212,0.19828077304125938,1.3431189049214507,0.20505805576128028,1.5945218719101972,1.6905206805285309,0.55320888862379558,0.67709596802607974,0.67709596802607974,0.55501094917922356,0.22180028787855144
net_00722,cycle,8,8,0.2857142857142857,2,0,2,0,0,4,1,0.0025000000000000001,single_middle,1,4,2,0.35999999999999999,0.1476271179824212,0.16133457040852681,1.0928518595596903,0.21024089020583545,1.5945218719101972,1.6363282420531107,0.55320888862379558,0.5532929659978908,0.55547572642114484,0.55580869637144237,0.16053958236352731
net_00723,cycle,8,8,0.2857142857142857,2,0,2,0,0,4,1,0.0025000000000000001,two_0_last,2,0+7,2,0.35999999999999988,0.1476271179824212,0.19582439719845907,1.3264798491953016,0.20679475051657578,1.5945218719101972,1.7299255546931287,0.55320888862379558,0.65404597855784385,0.65404597855784385,0.56558517867343505,0.23279542255482588
net_00724,cycle,8,8,0.2857142857142857,2,0,2,1,0,4,1,0.0025000000000000001,uncontrolled,0,none,,0,0.22201713804581724,0.21970026339832968,0.98956443332311839,0,2.0484750425621492,2.0325522886051468,0.63944620863753399,0.62315800229311136,0.63944620863753399,0.70238611647777727,0.15186291225483195
net_00725,cycle,8,8,0.2857142857142857,2,0,2,1,0,4,1,0.0025000000000000001,single_0,1,0,2,0.35999999999999999,0.22201713804581724,0.21254872479571499,0.95735278216158126,0.20483377782845899,2.0484750425621492,2.1017014193902224,0.63944620863753399,0.62315800229311136,0.63944620863753399,0.72720943999977539,0.15267625030951176
net_00726,cycle,8,8,0.2857142857142857,2,0,2,1,0,4,1,0.0025000000000000001,single_middle,1,4,2,0.35999999999999999,0.22201713804581724,0.20898436836387604,0.94129836193433114,0.21226145115985001,2.0484750425621492,2.0922984827233932,0.63944620863753399,0.62315800229311136,0.63944620863753399,0.72795481716008659,0.13151388434021616
net_00727,cycle,8,8,0.2857142857142857,2,0,2,1,0,4,1,0.0025000000000000001,two_0_last,2,0+7,2,0.35999999999999988,0.22201713804581724,0.18519406331682792,0.83414309790179253,0.20492000807024657,2.0484750425621492,2.1256161035100027,0.63944620863753399,0.62315800229311136,0.63944620863753399,0.73741065429269326,0.14493448303717421
net_00728,cycle,8,8,0.2857142857142857,2,0,2,2,0,4,1,0.0025000000000000001,uncontrolled,0,none,,0,0.28722942678060237,0.28340120085278958,0.98667188814627638,0,2.1655022512110209,2.1448932980583728,0.77500000000000002,0.7667011952049243,0.77746840624843294,0.71971810618341969,0.23890741959746026
net_00729,cycle,8,8,0.2857142857142857,2,0,2,2,0,4,1,0.0025000000000000001,single_0,1,0,2,0.35999999999999999,0.28722942678060237,0.22035906494373439,0.76718833238508566,0.20711337503403296,2.1655022512110209,2.1871384421765714,0.77500000000000002,0.7667011952049243,0.77746840624843294,0.7449028191363819,0.2075249640368371
net_00730,cycle,8,8,0.2857142857142857,2,0,2,2,0,4,1,0.0025000000000000001,single_middle,1,4,2,0.35999999999999999,0.28722942678060237,0.30099263643737867,1.0479171295609944,0.20541493568347441,2.1655022512110209,2.2242088371737658,0.77500000000000002,0.7667011952049243,0.77746840624843294,0.74471737490441936,0.25255524234453025
net_00731,cycle,8,8,0.2857142857142857,2,0,2,2,0,4,1,0.0025000000000000001,two_0_last,2,0+7,2,0.35999999999999988,0.28722942678060237,0.29228503350628088,1.0176012840409288,0.20653841530682543,2.1655022512110209,2.2470312595292294,0.77500000000000002,0.86541017335964721,0.86541017335964721,0.7551258305988463,0.2468373252267404
net_00732,cycle,8,8,0.2857142857142857,2,0,2,3,0,4,1,0.0025000000000000001,uncontrolled,0,none,,0,0.72718635850791369,0.70916937155462667,0.97522370057896113,0,2.0730653631759899,2.0182225044650277,0.69999999999999996,0.6647521021250794,0.69999999999999996,0.63159742055078372,0.33202026752102409
net_00733,cycle,8,8,0.2857142857142857,2,0,2,3,0,4,1,0.0025000000000000001,single_0,1,0,2,0.35999999999999999,0.72718635850791369,0.76136988150271057,1.0470079266406163,0.20194523398211534,2.0730653631759899,2.1186515521064102,0.69999999999999996,0.80188203647191125,0.80188203647191125,0.6560601291109438,0.36148396492278057
net_00734,cycle,8,8,0.2857142857142857,2,0,2,3,0,4,1,0.0025000000000000001,single_middle,1,4,2,0.35999999999999999,0.72718635850791369,0.76136988150271057,1.0470079266406163,0.20194523398211534,2.0730653631759899,2.1186515521064098,0.69999999999999996,0.80188203647191125,0.80188203647191125,0.6560601291109438,0.36148396492278057
net_00735,cycle,8,8,0.2857142857142857,2,0,2,3,0,4,1,0.0025000000000000001,two_0_last,2,0+7,2,0.35999999999999988,0.72718635850791369,0.71233066460168104,0.97957099479050391,0.20740509843973368,2.0730653631759899,2.1130314209000782,0.69999999999999996,0.76166263781406307,0.76166263781406307,0.66676099184066417,0.33696068461102252
net_00736,cycle,8,8,0.2857142857142857,2,0,2,4,0,4,1,0.0025000000000000001,uncontrolled,0,none,,0,0.26635808211025069,0.2623998636577845,0.98513948433211873,0,1.9429450430923862,1.9220481776354115,0.62354134182918197,0.59611823584803569,0.62354134182918197,0.65690398011017592,0.17395634670617924
net_00737,cycle,8,8,0.2857142857142857,2,0,2,4,0,4,1,0.0025000000000000001,single_0,1,0,2,0.35999999999999999,0.26635808211025069,0.30774890300927549,1.1553954006993201,0.20308555255666413,1.9429450430923862,2.0180845076757135,0.62354134182918197,0.73445842445105713,0.73445842445105713,0.68152480139154525,0.21120388278463442
net_00738,cycle,8,8,0.2857142857142857,2,0,2,4,0,4,1,0.0025000000000000001,single_middle,1,4,2,0.35999999999999999,0.26635808211025069,0.31831595529069567,1.1950677552894327,0.20721976532299313,1.9429450430923862,2.0174708107140584,0.62354134182918197,0.72666279553724389,0.72666279553724389,0.68213019553074572,0.20849929341748752
net_00739,cycle,8,8,0.2857142857142857,2,0,2,4,0,4,1,0.0025000000000000001,two_0_last,2,0+7,2,0.35999999999999988,0.26635808211025069,0.31013460979135571,1.164352165829851,0.20336199074139424,1.9429450430923862,2.0504585796588284,0.62354134182918197,0.69386399212139527,0.69386399212139527,0.69170365209472551,0.21701061273790637
net_00740,cycle,8,8,0.2857142857142857,2,0,2,0,0.25,4,1,0.0025000000000000001,uncontrolled,0,none,,0,0.1476271179824212,0.13604978756175337,0.92157721034663553,0,1.5945218719101972,1.5728472829962281,0.55320888862379558,0.53853466307768072,0.55320888862379558,0.5299539342470021,0.16846334773386576
net_00741,cycle,8,8,0.2857142857142857,2,0,2,0,0.25,4,1,0.0025000000000000001,single_0,1,0,2,0.35999999999999999,0.1476271179824212,0.1801290973672158,1.2201626627207123,0.18333174281060921,1.5945218719101972,1.6740312954494587,0.55320888862379558,0.64911061814936644,0.64911061814936644,0.5549147900348016,0.20583287654953539
net_00742,cycle,8,8,0.2857142857142857,2,0,2,0,0.25,4,1,0.0025000000000000001,single_middle,1,4,2,0.35999999999999999,0.1476271179824212,0.14295623398663995,0.96836025752167409,0.18757541969467623,1.5945218719101972,1.6250261107126514,0.55320888862379558,0.53854459704804147,0.55320888862379558,0.55563726565496152,0.14613679063710611
net_00743,cycle,8,8,0.2857142857142857,2,0,2,0,0.25,4,1,0.0025000000000000001,two_0_last,2,0+7,2,0.35999999999999988,0.1476271179824212,0.18086910676943693,1.225175355594045,0.19535889221398198,1.5945218719101972,1.7132488105307888,0.55320888862379558,0.63335025483788876,0.63335025483788876,0.56548132327252287,0.21710264594910367
net_00744,cycle,8,8,0.2857142857142857,2,0,2,1,0.25,4,1,0.0025000000000000001,uncontrolled,0,none,,0,0.22201713804581724,0.17539986606866284,0.79002849785616958,0,2.0484750425621492,2.014993442148524,0.63944620863753399,0.59516623234417598,0.63944620863753399,0.70210882831290611,0.12069803102276595
net_00745,cycle,8,8,0.2857142857142857,2,0,2,1,0.25,4,1,0.0025000000000000001,single_0,1,0,2,0.35999999999999999,0.22201713804581724,0.17147029260450022,0.7723290828526681,0.18295724807808805,2.0484750425621492,2.0866333765372707,0.63944620863753399,0.60268548388929055,0.63944620863753399,0.72692888010675927,0.1258143842199651
net_00746,cycle,8,8,0.2857142857142857,2,0,2,1,0.25,4,1,0.0025000000000000001,single_middle,1,4,2,0.35999999999999999,0.22201713804581724,0.16469151845977387,0.7417964212554925,0.18920924796832159,2.0484750425621492,2.077872172731996,0.63944620863753399,0.59548286200960876,0.63944620863753399,0.72766547844772267,0.10098043004560335
net_00747,cycle,8,8,0.2857142857142857,2,0,2,1,0.25,4,1,0.0025000000000000001,two_0_last,2,0+7,2,0.35999999999999988,0.22201713804581724,0.15014531943668044,0.67627806014549763,0.19351157133266503,2.0484750425621492,2.1132652306223321,0.63944620863753399,0.60070255851918242,0.63944620863753399,0.73715891538174427,0.12179070302312751
net_00748,cycle,8,8,0.2857142857142857,2,0,2,2,0.25,4,1,0.0025000000000000001,uncontrolled,0,none,,0,0.28722942678060237,0.21947294879900686,0.76410328586092024,0,2.1655022512110209,2.1163343999778861,0.77500000000000002,0.70474714621118673,0.77500000000000002,0.7194887421145908,0.20541387863672633
net_00749,cycle,8,8,0.2857142857142857,2,0,2,2,0.25,4,1,0.0025000000000000001,single_0,1,0,2,0.35999999999999999,0.28722942678060237,0.17584506771000566,0.61221118490872228,0.18487857102070984,2.1655022512110209,2.168412841809678,0.77500000000000002,0.71234013480746805,0.77500000000000002,0.7446936364457597,0.18216248077700073
net_00750,cycle,8,8,0.2857142857142857,2,0,2,2,0.25,4,1,0.0025000000000000001,single_middle,1,4,2,0.35999999999999999,0.28722942678060237,0.23541669268317708,0.81961202694944635,0.18356088026176184,2.1655022512110209,2.1949005093947065,0.77500000000000002,0.7047567158514102,0.77500000000000002,0.74449239569144876,0.218928306815839
net_00751,cycle,8,8,0.2857142857142857,2,0,2,2,0.25,4,1,0.0025000000000000001,two_0_last,2,0+7,2,0.35999999999999988,0.28722942678060237,0.22875289499478435,0.796411765879111,0.19516800967476525,2.1655022512110209,2.2189565001538321,0.77500000000000002,0.79803230076141685,0.79813749166766512,0.75497554212777507,0.21326726069826091
net_00752,cycle,8,8,0.2857142857142857,2,0,2,3,0.25,4,1,0.0025000000000000001,uncontrolled,0,none,,0,0.72718635850791369,0.44797614999481961,0.61604036538034768,0,2.0730653631759899,1.8729169412256352,0.69999999999999996,0.57614412967956219,0.69999999999999996,0.63032485196525112,0.20289853273553474
net_00753,cycle,8,8,0.2857142857142857,2,0,2,3,0.25,4,1,0.0025000000000000001,single_0,1,0,2,0.35999999999999999,0.72718635850791369,0.4897036487534871,0.67342249070553462,0.18147311209741471,2.0730653631759899,1.9621091497466501,0.69999999999999996,0.69896290071562184,0.7013686493371043,0.65497233574193992,0.22857226177445025
net_00754,cycle,8,8,0.2857142857142857,2,0,2,3,0.25,4,1,0.0025000000000000001,single_middle,1,4,2,0.35999999999999999,0.72718635850791369,0.48970364875348704,0.67342249070553462,0.18147311209741473,2.0730653631759899,1.9621091497466501,0.69999999999999996,0.69896290071562184,0.7013686493371043,0.65497233574193992,0.22857226177445025
net_00755,cycle,8,8,0.2857142857142857,2,0,2,3,0.25,4,1,0.0025000000000000001,two_0_last,2,0+7,2,0.35999999999999988,0.72718635850791369,0.45249680097979522,0.62225699875373952,0.19595434114135996,2.0730653631759899,1.9746716362842973,0.69999999999999996,0.66833522650422683,0.69999999999999996,0.66578424557995697,0.2101127012599199
net_00756,cycle,8,8,0.2857142857142857,2,0,2,4,0.25,4,1,0.0025000000000000001,uncontrolled,0,none,,0,0.26635808211025069,0.20781581010513184,0.78021214321220744,0,1.9429450430923862,1.8956018699657844,0.62354134182918197,0.57164394099955929,0.62354134182918197,0.65628017050530052,0.13586627241061688
net_00757,cycle,8,8,0.2857142857142857,2,0,2,4,0.25,4,1,0.0025000000000000001,single_0,1,0,2,0.35999999999999999,0.26635808211025069,0.24964329924081596,0.93724694690316868,0.18176892487130097,1.9429450430923862,1.9859725699024966,0.62354134182918197,0.6947758944582838,0.6947758944582838,0.68095758892412261,0.17119475207285656
net_00758,cycle,8,8,0.2857142857142857,2,0,2,4,0.25,4,1,0.0025000000000000001,single_middle,1,4,2,0.35999999999999999,0.26635808211025069,0.25519450922655101,0.9580881015689291,0.18522212390147258,1.9429450430923862,1.9835354801552729,0.62354134182918197,0.67763417224895806,0.67763417224895806,0.68150597428748427,0.16538207925835899
net_00759,cycle,8,8,0.2857142857142857,2,0,2,4,0.25,4,1,0.0025000000000000001,two_0_last,2,0+7,2,0.35999999999999988,0.26635808211025069,0.25160341642395628,0.94460590206462303,0.19229400296534174,1.9429450430923862,2.0177783648755923,0.62354134182918197,0.66390531395571528,0.66390531395571528,0.69110576409098134,0.17692233906497862
net_00760,cycle,8,8,0.2857142857142857,2,0,2,0,0.5,4,1,0.0025000000000000001,uncontrolled,0,none,,0,0.1476271179824212,0.12671951089427325,0.8583755655879054,0,1.5945218719101972,1.5626701830098646,0.55320888862379558,0.52532973482100265,0.55320888862379558,0.52984723812024614,0.1565380684206166
net_00761,cycle,8,8,0.2857142857142857,2,0,2,0,0.5,4,1,0.0025000000000000001,single_0,1,0,2,0.35999999999999999,0.1476271179824212,0.16507398757737063,1.1181820104150981,0.16709748023516421,1.5945218719101972,1.6601012452018364,0.55320888862379558,0.62544260411012809,0.62544260411012809,0.55482586646528065,0.19146873358628674
net_00762,cycle,8,8,0.2857142857142857,2,0,2,0,0.5,4,1,0.0025000000000000001,single_middle,1,4,2,0.35999999999999999,0.1476271179824212,0.12813118896907166,0.86793802331309466,0.17065819292298728,1.5945218719101972,1.6158631849108289,0.55320888862379558,0.52539551090362024,0.55320888862379558,0.55548725307096758,0.13345651246545343
net_00763,cycle,8,8,0.2857142857142857,2,0,2,0,0.5,4,1,0.0025000000000000001,two_0_last,2,0+7,2,0.35999999999999988,0.1476271179824212,0.16779945235557989,1.1366438270207289,0.18607752570979433,1.5945218719101972,1.6988688791049964,0.55320888862379558,0.6150818959097587,0.6150818959097587,0.56538626132073588,0.20275060803532452
net_00764,cycle,8,8,0.2857142857142857,2,0,2,1,0.5,4,1,0.0025000000000000001,uncontrolled,0,none,,0,0.22201713804581724,0.14163147557938252,0.63793037251995521,0,2.0484750425621492,2.0039841676289449,0.63944620863753399,0.5737151114459329,0.63944620863753399,0.701886773945954,0.096690354085481725
net_00765,cycle,8,8,0.2857142857142857,2,0,2,1,0.5,4,1,0.0025000000000000001,single_0,1,0,2,0.35999999999999999,0.22201713804581724,0.14095172898914188,0.63486868729950907,0.16662093470254208,2.0484750425621492,2.0771363372061669,0.63944620863753399,0.58665133024624816,0.63944620863753399,0.72670953664765303,0.10585447445967824
net_00766,cycle,8,8,0.2857142857142857,2,0,2,1,0.5,4,1,0.0025000000000000001,single_middle,1,4,2,0.35999999999999999,0.22201713804581724,0.13174071268997367,0.5933808256855676,0.17200795709109784,2.0484750425621492,2.069199959104874,0.63944620863753399,0.57477797859763458,0.63944620863753399,0.72743123191644521,0.077732629425966412
net_00767,cycle,8,8,0.2857142857142857,2,0,2,1,0.5,4,1,0.0025000000000000001,two_0_last,2,0+7,2,0.35999999999999988,0.22201713804581724,0.12457438867748054,0.56110257871972191,0.1842605586338541,2.0484750425621492,2.105439041736338,0.63944620863753399,0.58359647824943406,0.63944620863753399,0.73695917673061584,0.10488263269477244
net_00768,cycle,8,8,0.2857142857142857,2,0,2,2,0.5,4,1,0.0025000000000000001,uncontrolled,0,none,,0,0.28722942678060237,0.17817145850826638,0.62031060154696838,0,2.1655022512110209,2.0983526006644611,0.77500000000000002,0.67490660864300589,0.77500000000000002,0.71934107701890626,0.18147691176205713
net_00769,cycle,8,8,0.2857142857142857,2,0,2,2,0.5,4,1,0.0025000000000000001,single_0,1,0,2,0.35999999999999999,0.28722942678060237,0.14850539213756725,0.51702708111102336,0.16828977759327257,2.1655022512110209,2.1561550656390467,0.77500000000000002,0.67594991072568078,0.77500000000000002,0.74454350596121932,0.16364764317304131
net_00770,cycle,8,8,0.2857142857142857,2,0,2,2,0.5,4,1,0.0025000000000000001,single_middle,1,4,2,0.35999999999999999,0.28722942678060237,0.19280494885130778,0.67125764589078862,0.16723328328353512,2.1655022512110209,2.1763475824316201,0.77500000000000002,0.67594154293574349,0.77500000000000002,0.74435033187918975,0.19494533432692146
net_00771,cycle,8,8,0.2857142857142857,2,0,2,2,0.5,4,1,0.0025000000000000001,two_0_last,2,0+7,2,0.35999999999999988,0.28722942678060237,0.18752943997296026,0.65289076427466097,0.18591031967926896,2.1655022512110209,2.2011092417606024,0.77500000000000002,0.74981616276987428,0.77500000000000002,0.75486402703856537,0.18918387207585058
net_00772,cycle,8,8,0.2857142857142857,2,0,2,3,0.5,4,1,0.0025000000000000001,uncontrolled,0,none,,0,0.72718635850791369,0.29003322398797943,0.39884304840795926,0,2.0730653631759899,1.8164953598137368,0.69999999999999996,0.52277965185678854,0.69999999999999996,0.63021768419755675,0.12362279139694755
net_00773,cycle,8,8,0.2857142857142857,2,0,2,3,0.5,4,1,0.0025000000000000001,single_0,1,0,2,0.35999999999999999,0.72718635850791369,0.32409589278361323,0.4456847807879859,0.16603428754815289,2.0730653631759899,1.8990111647061811,0.69999999999999996,0.63405178319617062,0.69999999999999996,0.6550270138989519,0.14737719132370244
net_00774,cycle,8,8,0.2857142857142857,2,0,2,3,0.5,4,1,0.0025000000000000001,single_middle,1,4,2,0.35999999999999999,0.72718635850791369,0.32409589278361323,0.4456847807879859,0.16603428754815291,2.0730653631759899,1.8990111647061811,0.69999999999999996,0.63405178319617062,0.69999999999999996,0.65502701389895179,0.14737719132370244
net_00775,cycle,8,8,0.2857142857142857,2,0,2,3,0.5,4,1,0.0025000000000000001,two_0_last,2,0+7,2,0.35999999999999988,0.72718635850791369,0.2959584520273954,0.40699120461316329,0.18662373155381398,2.0730653631759899,1.9209045542046785,0.69999999999999996,0.61071493269256083,0.69999999999999996,0.6657745292818289,0.13408416929337127
net_00776,cycle,8,8,0.2857142857142857,2,0,2,4,0.5,4,1,0.0025000000000000001,uncontrolled,0,none,,0,0.26635808211025069,0.16646343796883997,0.6249610924136989,0,1.9429450430923862,1.8792049012866685,0.62354134182918197,0.55133788583959853,0.62354134182918197,0.65582572179825549,0.10639081377297908
net_00777,cycle,8,8,0.2857142857142857,2,0,2,4,0.5,4,1,0.0025000000000000001,single_0,1,0,2,0.35999999999999999,0.26635808211025069,0.20474548836961803,0.7686850976981805,0.16582624189266354,1.9429450430923862,1.9652484128659424,0.62354134182918197,0.66242498637745906,0.66242498637745906,0.68054567126223831,0.14011693281057386
net_00778,cycle,8,8,0.2857142857142857,2,0,2,4,0.5,4,1,0.0025000000000000001,single_middle,1,4,2,0.35999999999999999,0.26635808211025069,0.20683926427229082,0.77654585373788698,0.16876650895091996,1.9429450430923862,1.9620455477525931,0.62354134182918197,0.63994923702101647,0.63994923702101647,0.68105114466126726,0.13180356515492803
net_00779,cycle,8,8,0.2857142857142857,2,0,2,4,0.5,4,1,0.0025000000000000001,two_0_last,2,0+7,2,0.35999999999999988,0.26635808211025069,0.20645643701628053,0.77510858833569862,0.18330519021045999,1.9429450430923862,1.9966320435170946,0.62354134182918197,0.63889138246175781,0.63889138246175781,0.69068298752099833,0.14585763743792951
net_00780,cycle,8,8,0.2857142857142857,2,0,2,0,1,4,1,0.0025000000000000001,uncontrolled,0,none,,0,0.1476271179824212,0.11019884697224931,0.74646750866850431,0,1.5945218719101972,1.5461299708065182,0.55320888862379558,0.50264951041042671,0.55320888862379558,0.52965624359836461,0.13519985002040602
net_00781,cycle,8,8,0.2857142857142857,2,0,2,0,1,4,1,0.0025000000000000001,single_0,1,0,2,0.35999999999999999,0.1476271179824212,0.14106401175972308,0.95554267865962383,0.14498834158430388,1.5945218719101972,1.6379548876223773,0.55320888862379558,0.5875058798223789,0.58750758247083257,0.55466612776972235,0.16645574018548134
net_00782,cycle,8,8,0.2857142857142857,2,0,2,0,1,4,1,0.0025000000000000001,single_middle,1,4,2,0.35999999999999999,0.1476271179824212,0.10545778936320427,0.71435242253907394,0.14765448391228134,1.5945218719101972,1.6020273995890186,0.55320888862379558,0.50301802381292793,0.55320888862379558,0.55523224502455115,0.11193135268655069
net_00783,cycle,8,8,0.2857142857142857,2,0,2,0,1,4,1,0.0025000000000000001,two_0_last,2,0+7,2,0.35999999999999988,0.1476271179824212,0.14576368832465636,0.98737745691149559,0.17192460425977496,1.5945218719101972,1.6755503956117488,0.55320888862379558,0.58423843935920483,0.58423843935920483,0.56521763829877403,0.17737717549135895
net_00784,cycle,8,8,0.2857142857142857,2,0,2,1,1,4,1,0.0025000000000000001,uncontrolled,0,none,,0,0.22201713804581724,0.096744987869476232,0.43575459408683648,0,2.0484750425621492,1.9925062542063636,0.63944620863753399,0.54437315559944177,0.63944620863753399,0.70153824720866842,0.064064298441673495
net_00785,cycle,8,8,0.2857142857142857,2,0,2,1,1,4,1,0.0025000000000000001,single_0,1,0,2,0.35999999999999999,0.22201713804581724,0.10195913258509984,0.4592399194158549,0.14439901661222151,2.0484750425621492,2.0669419691110251,0.63944620863753399,0.57881606330603486,0.63944620863753399,0.72637583085638946,0.080058043360802633
net_00786,cycle,8,8,0.2857142857142857,2,0,2,1,1,4,1,0.0025000000000000001,single_middle,1,4,2,0.35999999999999999,0.22201713804581724,0.089672357979726669,0.40389836014020303,0.14862837239416915,2.0484750425621492,2.0606867784049587,0.63944620863753399,0.54743766293179141,0.63944620863753399,0.72705787297205293,0.04680383729973666
net_00787,cycle,8,8,0.2857142857142857,2,0,2,1,1,4,1,0.0025000000000000001,two_0_last,2,0+7,2,0.35999999999999988,0.22201713804581724,0.093130324157661135,0.41947358198285584,0.17018184699151015,2.0484750425621492,2.0968787235078001,0.63944620863753399,0.5651728484708326,0.63944620863753399,0.73665189234502826,0.083405857959447924
net_00788,cycle,8,8,0.2857142857142857,2,0,2,2,1,4,1,0.0025000000000000001,uncontrolled,0,none,,0,0.28722942678060237,0.13098278372160443,0.45602146405999849,0,2.1655022512110209,2.0769974382652046,0.77500000000000002,0.65218978909351377,0.77500000000000002,0.71915582648222687,0.14850822218548312
net_00789,cycle,8,8,0.2857142857142857,2,0,2,2,1,4,1,0.0025000000000000001,single_0,1,0,2,0.35999999999999999,0.28722942678060237,0.11733229595726914,0.40849677998658673,0.14575134980549093,2.1655022512110209,2.1405727711886957,0.77500000000000002,0.65519974550036242,0.77500000000000002,0.74434772445175956,0.13675868783296397
net_00790,cycle,8,8,0.2857142857142857,2,0,2,2,1,4,1,0.0025000000000000001,single_middle,1,4,2,0.35999999999999999,0.28722942678060237,0.144093676977983,0.50166752965756423,0.14500145543636248,2.1655022512110209,2.1541059542951539,0.77500000000000002,0.65517524896560675,0.77500000000000002,0.7441772808217838,0.16193125856339605
net_00791,cycle,8,8,0.2857142857142857,2,0,2,2,1,4,1,0.0025000000000000001,two_0_last,2,0+7,2,0.35999999999999988,0.28722942678060237,0.13991282249498757,0.48711172829049554,0.17174825614997874,2.1655022512110209,2.179676773749414,0.77500000000000002,0.68829519133622585,0.77500000000000002,0.75470984688214748,0.15584255443221373
net_00792,cycle,8,8,0.2857142857142857,2,0,2,3,1,4,1,0.0025000000000000001,uncontrolled,0,none,,0,0.72718635850791369,0.13512962824472982,0.18582530690206733,0,2.0730653631759899,1.7875644604750445,0.69999999999999996,0.47161475184739143,0.69999999999999996,0.63032541986558055,0.045969583590229901
net_00793,cycle,8,8,0.2857142857142857,2,0,2,3,1,4,1,0.0025000000000000001,single_0,1,0,2,0.35999999999999999,0.72718635850791369,0.1593526463961939,0.21913591272966615,0.14475992617175623,2.0730653631759899,1.8641147878199695,0.69999999999999996,0.56570398146876666,0.69999999999999996,0.65533304709986506,0.070029209262579314
net_00794,cycle,8,8,0.2857142857142857,2,0,2,3,1,4,1,0.0025000000000000001,single_middle,1,4,2,0.35999999999999999,0.72718635850791369,0.1593526463961939,0.21913591272966615,0.14475992617175623,2.0730653631759899,1.8641147878199695,0.69999999999999996,0.56570398146876666,0.69999999999999996,0.65533304709986506,0.070029209262579314
net_00795,cycle,8,8,0.2857142857142857,2,0,2,3,1,4,1,0.0025000000000000001,two_0_last,2,0+7,2,0.35999999999999988,0.72718635850791369,0.14396801281317848,0.19797952908327518,0.17235245121436954,2.0730653631759899,1.8927568813376832,0.69999999999999996,0.55229305865807188,0.69999999999999996,0.66597059647400225,0.065568598532038017
net_00796,cycle,8,8,0.2857142857142857,2,0,2,4,1,4,1,0.0025000000000000001,uncontrolled,0,none,,0,0.26635808211025069,0.11182012831001387,0.4198112834576177,0,1.9429450430923862,1.8624326847677692,0.62354134182918197,0.52103517761337337,0.62354134182918197,0.6551558671528378,0.065975206681170323
net_00797,cycle,8,8,0.2857142857142857,2,0,2,4,1,4,1,0.0025000000000000001,single_0,1,0,2,0.35999999999999999,0.26635808211025069,0.14339436956877782,0.53835186239786847,0.14408088798062857,1.9429450430923862,1.9427801875287911,0.62354134182918197,0.6145304292949626,0.62465368112726249,0.67993796027204112,0.097384430546656006
net_00798,cycle,8,8,0.2857142857142857,2,0,2,4,1,4,1,0.0025000000000000001,single_middle,1,4,2,0.35999999999999999,0.26635808211025069,0.14133041778967684,0.53060307639239379,0.14632466318319726,1.9429450430923862,1.9394252721315115,0.62354134182918197,0.58824734287756031,0.62354134182918197,0.68037912331231576,0.085179497730164991
net_00799,cycle,8,8,0.2857142857142857,2,0,2,4,1,4,1,0.0025000000000000001,two_0_last,2,0+7,2,0.35999999999999988,0.26635808211025069,0.14486064116746755,0.54385675110660603,0.16958132735695058,1.9429450430923862,1.9735805088697536,0.62354134182918197,0.60093085139939162,0.62354134182918197,0.69007834627900011,0.10329268667560447
net_00800,star,4,3,0.5,1.5,0.8660254037844386,3,0,0,4,1,0.0025000000000000001,uncontrolled,0,none,,0,0.2772424750669526,0.27092254434299579,0.97720432007241831,0,1.0452272480183435,1.0399537897736046,0.4618033988749895,0.46728860812292322,0.46729563754364462,0.49571598192505861,0.15697654754833842
net_00801,star,4,3,0.5,1.5,0.8660254037844386,3,0,0,4,1,0.0025000000000000001,single_0,1,0,3,0.35999999999999999,0.2772424750669526,0.44019184219202889,1.5877503693679147,0.20518236569019035,1.0452272480183435,1.1738768593988191,0.4618033988749895,0.58760623563541181,0.58760623563541181,0.54555259069403084,0.21649270436908472
net_00802,star,4,3,0.5,1.5,0.8660254037844386,3,0,0,4,1,0.0025000000000000001,single_middle,1,2,1,0.35999999999999999,0.2772424750669526,0.21826927011230188,0.78728654424106914,0.21075470901627047,1.0452272480183435,1.1244102391595401,0.4618033988749895,0.46728860812292322,0.46729563754364462,0.54712597050330969,0.1293358762390196
net_00803,star,4,3,0.5,1.5,0.8660254037844386,3,0,0,4,1,0.0025000000000000001,two_0_last,2,0+3,2,0.35999999999999988,0.2772424750669526,0.38004223084068911,1.3707936734762987,0.20771780865369574,1.0452272480183435,1.2222452817126526,0.4618033988749895,0.56923157531370039,0.56923157531370039,0.56692519108974182,0.22818130921499682
net_00804,star,4,3,0.5,1.5,0.8660254037844386,3,1,0,4,1,0.0025000000000000001,uncontrolled,0,none,,0,0.24579802006254375,0.23971385328897357,0.97524729136539812,0,1.4987494787321862,1.4869416265056925,0.61657797401561587,0.59884964803389151,0.61657797401561587,0.7329644799929611,0.12454686357952433
net_00805,star,4,3,0.5,1.5,0.8660254037844386,3,1,0,4,1,0.0025000000000000001,single_0,1,0,3,0.35999999999999999,0.24579802006254375,0.40933436490486119,1.6653281617187368,0.20479216092945404,1.4987494787321862,1.6101186121790618,0.61657797401561587,0.73851375883865078,0.73851375883865078,0.78278498921737683,0.18806420971920293
net_00806,star,4,3,0.5,1.5,0.8660254037844386,3,1,0,4,1,0.0025000000000000001,single_middle,1,2,1,0.35999999999999999,0.24579802006254375,0.19463243428436872,0.79183890185463712,0.21109740490440809,1.4987494787321862,1.5817015062730828,0.61657797401561587,0.59884964803389151,0.61657797401561587,0.78410811559007376,0.10305036051571281
net_00807,star,4,3,0.5,1.5,0.8660254037844386,3,1,0,4,1,0.0025000000000000001,two_0_last,2,0+3,2,0.35999999999999988,0.24579802006254375,0.34583395990242066,1.4069843191349654,0.20490850917864739,1.4987494787321862,1.653303359792937,0.61657797401561587,0.6975376964287251,0.6975376964287251,0.80334155702938859,0.19492394061595172
net_00808,star,4,3,0.5,1.5,0.8660254037844386,3,2,0,4,1,0.0025000000000000001,uncontrolled,0,none,,0,0.2379932010485456,0.23641108258968258,0.99335225354382994,0,1.0561723344227494,1.0521353128519941,0.47499999999999998,0.47502401588824256,0.47641537753188745,0.51266053007242662,0.11800999976018724
net_00809,star,4,3,0.5,1.5,0.8660254037844386,3,2,0,4,1,0.0025000000000000001,single_0,1,0,3,0.35999999999999999,0.2379932010485456,0.11498691658572441,0.48315210719935442,0.20793462460616796,1.0561723344227494,1.1364413922337513,0.47499999999999998,0.47502401588824256,0.47641537753188745,0.56348435474623615,0.0732129869064536
net_00810,star,4,3,0.5,1.5,0.8660254037844386,3,2,0,4,1,0.0025000000000000001,single_middle,1,2,1,0.35999999999999999,0.2379932010485456,0.31212970956724895,1.3115068337753946,0.20619017876415358,1.0561723344227494,1.171299256798545,0.47499999999999998,0.53157098854216556,0.53157098854216556,0.56283972259162063,0.16185466912385782
net_00811,star,4,3,0.5,1.5,0.8660254037844386,3,2,0,4,1,0.0025000000000000001,two_0_last,2,0+3,2,0.35999999999999988,0.2379932010485456,0.20012050232593115,0.84086646779926622,0.20838127039844831,1.0561723344227494,1.2009942410238421,0.47499999999999998,0.57620086195481479,0.57620086195481479,0.58441454756440536,0.13804502286645456
net_00812,star,4,3,0.5,1.5,0.8660254037844386,3,3,0,4,1,0.0025000000000000001,uncontrolled,0,none,,0,0.59374517541899519,0.57903436717301682,0.97522370057896102,0,1.4658785761446955,1.4270988188505183,0.69999999999999996,0.6647521021250794,0.69999999999999996,0.63159742055078372,0.33202026752102409
net_00813,star,4,3,0.5,1.5,0.8660254037844386,3,3,0,4,1,0.0025000000000000001,single_0,1,0,3,0.35999999999999999,0.59374517541899519,0.74402676114429267,1.2531078852459669,0.20194523398211534,1.4658785761446955,1.5659097548959695,0.69999999999999996,0.80188203647191125,0.80188203647191125,0.68052283767110389,0.38717826324273041
net_00814,star,4,3,0.5,1.5,0.8660254037844386,3,3,0,4,1,0.0025000000000000001,single_middle,1,2,1,0.35999999999999999,0.59374517541899519,0.59065620926515838,0.99479748841469406,0.20194523398211534,1.4658785761446955,1.5659097548959695,0.69999999999999996,0.80188203647191125,0.80188203647191125,0.68052283767110389,0.38717826324273041
net_00815,star,4,3,0.5,1.5,0.8660254037844386,3,3,0,4,1,0.0025000000000000001,two_0_last,2,0+3,2,0.35999999999999988,0.59374517541899519,0.64070863824774571,1.0790970011598144,0.20740509843973368,1.4658785761446955,1.5582973871974686,0.69999999999999996,0.76166263781406307,0.76166263781406307,0.70192456313054463,0.33819313182057459
net_00816,star,4,3,0.5,1.5,0.8660254037844386,3,4,0,4,1,0.0025000000000000001,uncontrolled,0,none,,0,0.37521861647826493,0.36525875585363371,0.97345584630604765,0,1.3714751087654729,1.3653521079491697,0.62354134182918197,0.59611823584803569,0.62354134182918197,0.66140630625364338,0.16908072840575922
net_00817,star,4,3,0.5,1.5,0.8660254037844386,3,4,0,4,1,0.0025000000000000001,single_0,1,0,3,0.35999999999999999,0.37521861647826493,0.53187305406171015,1.4175017728431916,0.20308555255666413,1.3714751087654729,1.4975253793009187,0.62354134182918197,0.73445842445105713,0.73445842445105713,0.71064794881638194,0.23584965180313322
net_00818,star,4,3,0.5,1.5,0.8660254037844386,3,4,0,4,1,0.0025000000000000001,single_middle,1,2,1,0.35999999999999999,0.37521861647826493,0.29755034488449988,0.79300528229983469,0.21320153008191833,1.3714751087654729,1.4426032298376625,0.62354134182918197,0.59611823584803569,0.62354134182918197,0.71227700944779559,0.11374305032228986
net_00819,star,4,3,0.5,1.5,0.8660254037844386,3,4,0,4,1,0.0025000000000000001,two_0_last,2,0+3,2,0.35999999999999988,0.37521861647826493,0.46397498032630091,1.2365457361393404,0.20718031533862963,1.3714751087654729,1.5388614826138807,0.62354134182918197,0.69386399212139527,0.69386399212139527,0.73217836163409489,0.2365132394242663
net_00820,star,4,3,0.5,1.5,0.8660254037844386,3,0,0.25,4,1,0.0025000000000000001,uncontrolled,0,none,,0,0.2772424750669526,0.20110355780878014,0.72537066248674442,0,1.0452272480183435,1.022824662968199,0.4618033988749895,0.46290610279094557,0.46477955156214029,0.49534513372731764,0.12718400562440318
net_00821,star,4,3,0.5,1.5,0.8660254037844386,3,0,0.25,4,1,0.0025000000000000001,single_0,1,0,3,0.35999999999999999,0.2772424750669526,0.32258552245814104,1.1635501464205236,0.17416021162689971,1.0452272480183435,1.1407361483679144,0.4618033988749895,0.52563683749380952,0.52563683749380952,0.54540413156294398,0.16689539634869172
net_00822,star,4,3,0.5,1.5,0.8660254037844386,3,0,0.25,4,1,0.0025000000000000001,single_middle,1,2,1,0.35999999999999999,0.2772424750669526,0.16713677121751272,0.60285413040390035,0.19870107158025621,1.0452272480183435,1.1143023596172537,0.4618033988749895,0.46323401030324513,0.46484119883403324,0.5466643409224845,0.10758966272802616
net_00823,star,4,3,0.5,1.5,0.8660254037844386,3,0,0.25,4,1,0.0025000000000000001,two_0_last,2,0+3,2,0.35999999999999988,0.2772424750669526,0.29130204056064163,1.0507121626666105,0.19727097410211905,1.0452272480183435,1.1958280067531022,0.4618033988749895,0.56422889488837058,0.56422889488837058,0.56670395236393212,0.19065095281396435
net_00824,star,4,3,0.5,1.5,0.8660254037844386,3,1,0.25,4,1,0.0025000000000000001,uncontrolled,0,none,,0,0.24579802006254375,0.17988690152271999,0.73184845621192329,0,1.4987494787321862,1.4788260514595595,0.61657797401561587,0.59660916582103396,0.61657797401561587,0.7326818402615507,0.099543676694279534
net_00825,star,4,3,0.5,1.5,0.8660254037844386,3,1,0.25,4,1,0.0025000000000000001,single_0,1,0,3,0.35999999999999999,0.24579802006254375,0.30200269853805711,1.2286620472419265,0.17387043814426678,1.4987494787321862,1.5911648221263732,0.61657797401561587,0.68255092628593172,0.68255092628593172,0.7826772667311741,0.14271534232636482
net_00826,star,4,3,0.5,1.5,0.8660254037844386,3,1,0.25,4,1,0.0025000000000000001,single_middle,1,2,1,0.35999999999999999,0.24579802006254375,0.15410601763550219,0.62696199748187409,0.19898747426001354,1.4987494787321862,1.5771344803473937,0.61657797401561587,0.59693207212192623,0.61657797401561587,0.78376011932231282,0.086938872980011406
net_00827,star,4,3,0.5,1.5,0.8660254037844386,3,1,0.25,4,1,0.0025000000000000001,two_0_last,2,0+3,2,0.35999999999999988,0.24579802006254375,0.26636575750051633,1.0836773926524677,0.1944888089149206,1.4987494787321862,1.638808112740155,0.61657797401561587,0.69486908480898812,0.69486908480898812,0.80320378510884938,0.16213169703224145
net_00828,star,4,3,0.5,1.5,0.8660254037844386,3,2,0.25,4,1,0.0025000000000000001,uncontrolled,0,none,,0,0.2379932010485456,0.15845031475095542,0.66577664426066896,0,1.0561723344227494,1.0390129231026339,0.47499999999999998,0.45120576703933823,0.47499999999999998,0.51237069976171223,0.085809263015500417
net_00829,star,4,3,0.5,1.5,0.8660254037844386,3,2,0.25,4,1,0.0025000000000000001,single_0,1,0,3,0.35999999999999999,0.2379932010485456,0.10526022687958855,0.44228249553279331,0.17589813212015359,1.0561723344227494,1.1338625284367012,0.47499999999999998,0.45892469593648505,0.47499999999999998,0.56311441055298506,0.065675101642719197
net_00830,star,4,3,0.5,1.5,0.8660254037844386,3,2,0.25,4,1,0.0025000000000000001,single_middle,1,2,1,0.35999999999999999,0.2379932010485456,0.22156112920468263,0.9309557089384618,0.19477226696821992,1.0561723344227494,1.1530108983572733,0.47499999999999998,0.50938342336946862,0.50938342336946862,0.56257754702217344,0.12595648661016182
net_00831,star,4,3,0.5,1.5,0.8660254037844386,3,2,0.25,4,1,0.0025000000000000001,two_0_last,2,0+3,2,0.35999999999999988,0.2379932010485456,0.15674151671451766,0.65859661546611026,0.19754602509817201,1.0561723344227494,1.192168494736723,0.47499999999999998,0.55198811094814515,0.55198811094814515,0.58412327983452861,0.11881255790554721
net_00832,star,4,3,0.5,1.5,0.8660254037844386,3,3,0.25,4,1,0.0025000000000000001,uncontrolled,0,none,,0,0.59374517541899519,0.42171392455260226,0.7102608021277923,0,1.4658785761446955,1.3696400211968813,0.69999999999999996,0.65896978762151603,0.69999999999999996,0.63060840165337562,0.26704211405735861
net_00833,star,4,3,0.5,1.5,0.8660254037844386,3,3,0.25,4,1,0.0025000000000000001,single_0,1,0,3,0.35999999999999999,0.59374517541899519,0.53776268064478749,0.90571292687186578,0.17204149955468437,1.4658785761446955,1.4880521750769709,0.69999999999999996,0.69189859513069685,0.70041388395016158,0.67982900317253847,0.30233647709672518
net_00834,star,4,3,0.5,1.5,0.8660254037844386,3,3,0.25,4,1,0.0025000000000000001,single_middle,1,2,1,0.35999999999999999,0.59374517541899519,0.45723397348517131,0.77008452853955334,0.19080093510923454,1.4658785761446955,1.5100796165696417,0.69999999999999996,0.78815669537096178,0.78815669537096178,0.67953824078168779,0.32910923932656166
net_00835,star,4,3,0.5,1.5,0.8660254037844386,3,3,0.25,4,1,0.0025000000000000001,two_0_last,2,0+3,2,0.35999999999999988,0.59374517541899519,0.45864119676796106,0.77245460806364663,0.19737433051304831,1.4658785761446955,1.4983307349847113,0.69999999999999996,0.66441221078110624,0.69999999999999996,0.7014386669838395,0.26312077893980645
net_00836,star,4,3,0.5,1.5,0.8660254037844386,3,4,0.25,4,1,0.0025000000000000001,uncontrolled,0,none,,0,0.37521861647826493,0.26389776911258073,0.70331736625831143,0,1.3714751087654729,1.3457188166991247,0.62354134182918197,0.55249682559292079,0.62354134182918197,0.66030909189755305,0.12935102072249755
net_00837,star,4,3,0.5,1.5,0.8660254037844386,3,4,0.25,4,1,0.0025000000000000001,single_0,1,0,3,0.35999999999999999,0.37521861647826493,0.38395714986003476,1.0232891786228204,0.17287922754734758,1.3714751087654729,1.4624354701890301,0.62354134182918197,0.65940952022603849,0.65940952022603849,0.70994284782799433,0.1751014818173442
net_00838,star,4,3,0.5,1.5,0.8660254037844386,3,4,0.25,4,1,0.0025000000000000001,single_middle,1,2,1,0.35999999999999999,0.37521861647826493,0.21190367841189794,0.56474724095725337,0.20080505724818196,1.3714751087654729,1.4314845211384615,0.62354134182918197,0.55282549461706498,0.62354134182918197,0.71133383619045787,0.079316814455192092
net_00839,star,4,3,0.5,1.5,0.8660254037844386,3,4,0.25,4,1,0.0025000000000000001,two_0_last,2,0+3,2,0.35999999999999988,0.37521861647826493,0.34409722469974868,0.91705797523956545,0.19705661656337778,1.3714751087654729,1.5112020348520743,0.62354134182918197,0.65396047913584154,0.65396047913584154,0.73134147856969023,0.18992772114349635
net_00840,star,4,3,0.5,1.5,0.8660254037844386,3,0,0.5,4,1,0.0025000000000000001,uncontrolled,0,none,,0,0.2772424750669526,0.15840915250439516,0.57137403807313503,0,1.0452272480183435,1.0129803161525341,0.4618033988749895,0.45525150242603341,0.46322733987904818,0.49502983537331946,0.10713422570955618
net_00841,star,4,3,0.5,1.5,0.8660254037844386,3,0,0.5,4,1,0.0025000000000000001,single_0,1,0,3,0.35999999999999999,0.2772424750669526,0.24565959448603947,0.88608209989004738,0.1532877035563355,1.0452272480183435,1.1228317852267655,0.4618033988749895,0.48545677146670035,0.48545677146670035,0.54524891933074471,0.1337588144666976
net_00842,star,4,3,0.5,1.5,0.8660254037844386,3,0,0.5,4,1,0.0025000000000000001,single_middle,1,2,1,0.35999999999999999,0.2772424750669526,0.13769443403272677,0.49665706526200321,0.18875370595676241,1.0452272480183435,1.1084039598916005,0.4618033988749895,0.45638682093151639,0.46325671172496835,0.54627713784997467,0.093386954325992436
net_00843,star,4,3,0.5,1.5,0.8660254037844386,3,0,0.5,4,1,0.0025000000000000001,two_0_last,2,0+3,2,0.35999999999999988,0.2772424750669526,0.23490153522725102,0.8472783081687737,0.18966676121353712,1.0452272480183435,1.1798289556738939,0.4618033988749895,0.55533398245821453,0.55533398245821453,0.56650348469207035,0.16453842406373914
net_00844,star,4,3,0.5,1.5,0.8660254037844386,3,1,0.5,4,1,0.0025000000000000001,uncontrolled,0,none,,0,0.24579802006254375,0.14354424599324014,0.5839926861767033,0,1.4987494787321862,1.4743704188038806,0.61657797401561587,0.5914736576178613,0.61657797401561587,0.73247360825705088,0.083213257164223009
net_00845,star,4,3,0.5,1.5,0.8660254037844386,3,1,0.5,4,1,0.0025000000000000001,single_0,1,0,3,0.35999999999999999,0.24579802006254375,0.23156808399744996,0.94210719817241428,0.15305326995011759,1.4987494787321862,1.5812976152758873,0.61657797401561587,0.64611898171738347,0.64611898171738347,0.78258737431831471,0.11261677751058317
net_00846,star,4,3,0.5,1.5,0.8660254037844386,3,1,0.5,4,1,0.0025000000000000001,single_middle,1,2,1,0.35999999999999999,0.24579802006254375,0.1309366898686852,0.53270034410923295,0.18899396253124764,1.4987494787321862,1.5745235798670212,0.61657797401561587,0.59259200508352106,0.61657797401561587,0.78349936107423612,0.076875724943435211
net_00847,star,4,3,0.5,1.5,0.8660254037844386,3,1,0.5,4,1,0.0025000000000000001,two_0_last,2,0+3,2,0.35999999999999988,0.24579802006254375,0.21578643084282106,0.8779014199866777,0.18697872362941823,1.4987494787321862,1.630333744319429,0.61657797401561587,0.68867717202169276,0.68867717202169276,0.80310973741666469,0.13968457013281033
net_00848,star,4,3,0.5,1.5,0.8660254037844386,3,2,0.5,4,1,0.0025000000000000001,uncontrolled,0,none,,0,0.2379932010485456,0.11352674138645602,0.47701674201734423,0,1.0561723344227494,1.0329414372129122,0.47499999999999998,0.43424695680301489,0.47499999999999998,0.51215471003865154,0.06662999447016317
net_00849,star,4,3,0.5,1.5,0.8660254037844386,3,2,0.5,4,1,0.0025000000000000001,single_0,1,0,3,0.35999999999999999,0.2379932010485456,0.1020586935728215,0.42883029062667921,0.15441632361392535,1.0561723344227494,1.1321751546593777,0.47499999999999998,0.44756443638917637,0.47499999999999998,0.56284249048826929,0.060526656176919887
net_00850,star,4,3,0.5,1.5,0.8660254037844386,3,2,0.5,4,1,0.0025000000000000001,single_middle,1,2,1,0.35999999999999999,0.2379932010485456,0.16763654687593055,0.70437536088157504,0.18533732859786478,1.0561723344227494,1.1439449757579938,0.47499999999999998,0.4940077542987546,0.4940077542987546,0.56239317544180079,0.10424223283764224
net_00851,star,4,3,0.5,1.5,0.8660254037844386,3,2,0.5,4,1,0.0025000000000000001,two_0_last,2,0+3,2,0.35999999999999988,0.2379932010485456,0.1350510911908287,0.56745777020445687,0.18974077035669024,1.0561723344227494,1.1869269980334465,0.47499999999999998,0.53393357884663506,0.53393357884663506,0.58389915757177002,0.10611643818065893
net_00852,star,4,3,0.5,1.5,0.8660254037844386,3,3,0.5,4,1,0.0025000000000000001,uncontrolled,0,none,,0,0.59374517541899519,0.32773913560678453,0.5519861872991304,0,1.4658785761446955,1.3376593222365614,0.69999999999999996,0.64567737694714067,0.69999999999999996,0.63023599230814897,0.22391004799016273
net_00853,star,4,3,0.5,1.5,0.8660254037844386,3,3,0.5,4,1,0.0025000000000000001,single_0,1,0,3,0.35999999999999999,0.59374517541899519,0.40789128482553749,0.68698037763034625,0.15180835539251575,1.4658785761446955,1.445878103983214,0.69999999999999996,0.65844141806501888,0.69999999999999996,0.6797287884796448,0.24619026586467185
net_00854,star,4,3,0.5,1.5,0.8660254037844386,3,3,0.5,4,1,0.0025000000000000001,single_middle,1,2,1,0.35999999999999999,0.59374517541899519,0.37792811171624391,0.63651567602136205,0.18164466686100506,1.4658785761446955,1.4754805589172766,0.69999999999999996,0.76809174292618254,0.76809174292618254,0.67920935635279578,0.28798501728133485
net_00855,star,4,3,0.5,1.5,0.8660254037844386,3,3,0.5,4,1,0.0025000000000000001,two_0_last,2,0+3,2,0.35999999999999988,0.59374517541899519,0.34680004714843388,0.58408903601398254,0.18993717015570263,1.4658785761446955,1.466613406106904,0.69999999999999996,0.65548819973651629,0.69999999999999996,0.70133384304587987,0.21417180332999253
net_00856,star,4,3,0.5,1.5,0.8660254037844386,3,4,0.5,4,1,0.0025000000000000001,uncontrolled,0,none,,0,0.37521861647826493,0.20108501223793721,0.53591427345819165,0,1.3714751087654729,1.3357029228440194,0.62354134182918197,0.55016855356776428,0.62354134182918197,0.65955860094233509,0.10491914242169408
net_00857,star,4,3,0.5,1.5,0.8660254037844386,3,4,0.5,4,1,0.0025000000000000001,single_0,1,0,3,0.35999999999999999,0.37521861647826493,0.28762085203638194,0.76654206216082776,0.15251772524409971,1.3714751087654729,1.4447562105457983,0.62354134182918197,0.61154363475885498,0.62354134182918197,0.70948122239127409,0.13589158197565893
net_00858,star,4,3,0.5,1.5,0.8660254037844386,3,4,0.5,4,1,0.0025000000000000001,single_middle,1,2,1,0.35999999999999999,0.37521861647826493,0.16072336813031049,0.42834593240290519,0.19058015127501485,1.3714751087654729,1.4264674329807923,0.62354134182918197,0.55130692794783887,0.62354134182918197,0.71064662645635912,0.060693546979055338
net_00859,star,4,3,0.5,1.5,0.8660254037844386,3,4,0.5,4,1,0.0025000000000000001,two_0_last,2,0+3,2,0.35999999999999988,0.37521861647826493,0.2681870749286509,0.71474885080545048,0.18963519654304981,1.3714751087654729,1.4961288835922095,0.62354134182918197,0.65030176803320328,0.65030176803320328,0.73079183810033399,0.15982396079954025
net_00860,star,4,3,0.5,1.5,0.8660254037844386,3,0,1,4,1,0.0025000000000000001,uncontrolled,0,none,,0,0.2772424750669526,0.11084179067859358,0.39980089866037255,0,1.0452272480183435,1.0021516243821635,0.4618033988749895,0.43683648383538509,0.46227208799117891,0.49456655949149964,0.080503961366464261
net_00861,star,4,3,0.5,1.5,0.8660254037844386,3,0,1,4,1,0.0025000000000000001,single_0,1,0,3,0.35999999999999999,0.2772424750669526,0.15793687516978749,0.5696705569074384,0.1297476166593001,1.0452272480183435,1.1058447683223311,0.4618033988749895,0.45732113570280475,0.46296051711074881,0.54497583304074626,0.093405055045282376
net_00862,star,4,3,0.5,1.5,0.8660254037844386,3,0,1,4,1,0.0025000000000000001,single_middle,1,2,1,0.35999999999999999,0.2772424750669526,0.10514069356663522,0.37923732119778653,0.17301264579441281,1.0452272480183435,1.1015228825477474,0.4618033988749895,0.44031146475148397,0.4622762561195336,0.54571164832935171,0.07441076583221426
net_00863,star,4,3,0.5,1.5,0.8660254037844386,3,0,1,4,1,0.0025000000000000001,two_0_last,2,0+3,2,0.35999999999999988,0.2772424750669526,0.17004842447178592,0.61335632078280977,0.17930729926659425,1.0452272480183435,1.1614423785938861,0.4618033988749895,0.53350922355676422,0.53350922355676422,0.56618708260139927,0.1291095937325038
net_00864,star,4,3,0.5,1.5,0.8660254037844386,3,1,1,4,1,0.0025000000000000001,uncontrolled,0,none,,0,0.24579802006254375,0.1035541162643983,0.42129760133156796,0,1.4987494787321862,1.4697011871587731,0.61657797401561587,0.57825800011812512,0.61657797401561587,0.73221366765819829,0.062197586597119457
net_00865,star,4,3,0.5,1.5,0.8660254037844386,3,1,1,4,1,0.0025000000000000001,single_0,1,0,3,0.35999999999999999,0.24579802006254375,0.15128800670835418,0.61549725530685184,0.12955375229349503,1.4987494787321862,1.5724425973254381,0.61657797401561587,0.60591737808495472,0.61657797401561587,0.78246563350397302,0.076755865288059277
net_00866,star,4,3,0.5,1.5,0.8660254037844386,3,1,1,4,1,0.0025000000000000001,single_middle,1,2,1,0.35999999999999999,0.24579802006254375,0.10486903926748836,0.42664720912236903,0.17318129374665284,1.4987494787321862,1.5714732743345201,0.61657797401561587,0.59490976852548405,0.61657797401561587,0.78315791080099117,0.063606208319168148
net_00867,star,4,3,0.5,1.5,0.8660254037844386,3,1,1,4,1,0.0025000000000000001,two_0_last,2,0+3,2,0.35999999999999988,0.24579802006254375,0.1578807968926699,0.64231923777293587,0.17689373463026298,1.4987494787321862,1.6209856009961376,0.61657797401561587,0.67239019663838107,0.67239019663838107,0.80301583037406232,0.10983695110415996
net_00868,star,4,3,0.5,1.5,0.8660254037844386,3,2,1,4,1,0.0025000000000000001,uncontrolled,0,none,,0,0.2379932010485456,0.072478517075267729,0.30454028415914131,0,1.0561723344227494,1.0278229849337872,0.47499999999999998,0.41221763662687239,0.47499999999999998,0.51182764802273395,0.046232897476432722
net_00869,star,4,3,0.5,1.5,0.8660254037844386,3,2,1,4,1,0.0025000000000000001,single_0,1,0,3,0.35999999999999999,0.2379932010485456,0.092068433583021372,0.38685320915634624,0.13026670227360473,1.0561723344227494,1.1294639311984183,0.47499999999999998,0.4327376815050249,0.47499999999999998,0.56246181732039369,0.050585541671374482
net_00870,star,4,3,0.5,1.5,0.8660254037844386,3,2,1,4,1,0.0025000000000000001,single_middle,1,2,1,0.35999999999999999,0.2379932010485456,0.11500805350705495,0.48324092033030697,0.17035690707509149,1.0561723344227494,1.1357364544702053,0.47499999999999998,0.4746781212636586,0.47499999999999998,0.56212574378529045,0.080554153691613811
net_00871,star,4,3,0.5,1.5,0.8660254037844386,3,2,1,4,1,0.0025000000000000001,two_0_last,2,0+3,2,0.35999999999999988,0.2379932010485456,0.11234251410680191,0.47204085499856946,0.17921990436855645,1.0561723344227494,1.1803161001615177,0.47499999999999998,0.50864854319148733,0.50864854319148733,0.58356393984051136,0.087975293082452319
net_00872,star,4,3,0.5,1.5,0.8660254037844386,3,3,1,4,1,0.0025000000000000001,uncontrolled,0,none,,0,0.59374517541899519,0.22864399565737389,0.38508775333799383,0,1.4658785761446955,1.3041016011457984,0.69999999999999996,0.61130977769322459,0.69999999999999996,0.63004119874983577,0.16798313726570527
net_00873,star,4,3,0.5,1.5,0.8660254037844386,3,3,1,4,1,0.0025000000000000001,single_0,1,0,3,0.35999999999999999,0.59374517541899519,0.26674402746190035,0.44925674936838678,0.12886876209958134,1.4658785761446955,1.405159672927891,0.69999999999999996,0.63108246950455393,0.69999999999999996,0.67988836714746004,0.17711644424859327
net_00874,star,4,3,0.5,1.5,0.8660254037844386,3,3,1,4,1,0.0025000000000000001,single_middle,1,2,1,0.35999999999999999,0.59374517541899519,0.28838734278455863,0.4857089450555096,0.16720614814007884,1.4658785761446955,1.4336105796808873,0.69999999999999996,0.72267438787299665,0.73100765090945774,0.6791591027244458,0.22924383684140368
net_00875,star,4,3,0.5,1.5,0.8660254037844386,3,3,1,4,1,0.0025000000000000001,two_0_last,2,0+3,2,0.35999999999999988,0.59374517541899519,0.2286250917876799,0.38505591498296105,0.1796018174039809,1.4658785761446955,1.4362812658336734,0.69999999999999996,0.62769639098190044,0.69999999999999996,0.70139798026258759,0.15416498282605468
net_00876,star,4,3,0.5,1.5,0.8660254037844386,3,4,1,4,1,0.0025000000000000001,uncontrolled,0,none,,0,0.37521861647826493,0.13173434965576172,0.3510869233840177,0,1.3714751087654729,1.3262798345856484,0.62354134182918197,0.5384303558183916,0.62354134182918197,0.6587192153238205,0.076443085169974223
net_00877,star,4,3,0.5,1.5,0.8660254037844386,3,4,1,4,1,0.0025000000000000001,single_0,1,0,3,0.35999999999999999,0.37521861647826493,0.17852049225977157,0.47577727868444558,0.12952221151010526,1.3714751087654729,1.4296257349388937,0.62354134182918197,0.560533967849563,0.62354134182918197,0.70898524576275179,0.09108982814026699
net_00878,star,4,3,0.5,1.5,0.8660254037844386,3,4,1,4,1,0.0025000000000000001,single_middle,1,2,1,0.35999999999999999,0.37521861647826493,0.106372279161145,0.28349414045480009,0.17443355315834605,1.3714751087654729,1.4223891615566613,0.62354134182918197,0.54191622431797426,0.62354134182918197,0.70983982273953738,0.043876619987959158
net_00879,star,4,3,0.5,1.5,0.8660254037844386,3,4,1,4,1,0.0025000000000000001,two_0_last,2,0+3,2,0.35999999999999988,0.37521861647826493,0.18314440616161665,0.4881005315796359,0.17945475817367723,1.3714751087654729,1.4808959631032288,0.62354134182918197,0.63505469458779829,0.63505469458779829,0.73020403491164865,0.12274070548358364
net_00880,star,5,4,0.40000000000000002,1.6000000000000001,1.2000000000000002,4,0,0,4,1,0.0025000000000000001,uncontrolled,0,none,,0,0.3056754815159371,0.29841996475224836,0.97626398843732431,0,1.2062338081814818,1.1995144394163564,0.5,0.50403961995778079,0.50436505289356415,0.50941049306941444,0.16813068614754154
net_00881,star,5,4,0.40000000000000002,1.6000000000000001,1.2000000000000002,4,0,0,4,1,0.0025000000000000001,single_0,1,0,4,0.35999999999999999,0.3056754815159371,0.47315729329828576,1.547907247750967,0.20503956718539726,1.2062338081814818,1.3251822746622353,0.5,0.62442115719576541,0.62442115719576541,0.54927482967796726,0.22252814136202026
net_00882,star,5,4,0.40000000000000002,1.6000000000000001,1.2000000000000002,4,0,0,4,1,0.0025000000000000001,single_middle,1,2,1,0.35999999999999999,0.3056754815159371,0.24252509671803341,0.79340709799581621,0.20940148757913626,1.2062338081814818,1.2638441440397352,0.5,0.50403961995778079,0.50436505289356415,0.55053584009123058,0.12794800842431725
net_00883,star,5,4,0.40000000000000002,1.6000000000000001,1.2000000000000002,4,0,0,4,1,0.0025000000000000001,two_0_last,2,0+4,2.5,0.35999999999999988,0.3056754815159371,0.41431518174904197,1.3554086173164028,0.20735161451781695,1.2062338081814818,1.3712874734087552,0.5,0.60555427651992799,0.60555427651992799,0.56632188690120278,0.23529850692729612
net_00884,star,5,4,0.40000000000000002,1.6000000000000001,1.2000000000000002,4,1,0,4,1,0.0025000000000000001,uncontrolled,0,none,,0,0.21542109924517608,0.21207110666110973,0.98444909715991358,0,1.6534055763786453,1.6416236680942458,0.5625,0.56369926233119849,0.56551176509344581,0.72102523321916301,0.13823265385100925
net_00885,star,5,4,0.40000000000000002,1.6000000000000001,1.2000000000000002,4,1,0,4,1,0.0025000000000000001,single_0,1,0,4,0.35999999999999999,0.21542109924517608,0.3442873987297676,1.5982064892256704,0.2046897046430555,1.6534055763786453,1.7452164084539734,0.5625,0.68414993349243503,0.68414993349243503,0.76083426415747102,0.17403242499993152
net_00886,star,5,4,0.40000000000000002,1.6000000000000001,1.2000000000000002,4,1,0,4,1,0.0025000000000000001,single_middle,1,2,1,0.35999999999999999,0.21542109924517608,0.14419009280253664,0.66934062312266973,0.21278691203198585,1.6534055763786453,1.7082625782722725,0.5625,0.56369926233119849,0.56551176509344581,0.76183699604979893,0.056891112793697206
net_00887,star,5,4,0.40000000000000002,1.6000000000000001,1.2000000000000002,4,1,0,4,1,0.0025000000000000001,two_0_last,2,0+4,2.5,0.35999999999999988,0.21542109924517608,0.28813637307709772,1.3375494512223363,0.20479637699742639,1.6534055763786453,1.7815593232730929,0.5625,0.64310501686197541,0.64310501686197541,0.77724308886998617,0.1751682199261585
net_00888,star,5,4,0.40000000000000002,1.6000000000000001,1.2000000000000002,4,2,0,4,1,0.0025000000000000001,uncontrolled,0,none,,0,0.29962476533157267,0.29680685582160826,0.99059520494961073,0,1.3122880781291888,1.306035872129105,0.55000000000000004,0.55081596130058463,0.55263525800958968,0.56480003230907649,0.14881822254439339
net_00889,star,5,4,0.40000000000000002,1.6000000000000001,1.2000000000000002,4,2,0,4,1,0.0025000000000000001,single_0,1,0,4,0.35999999999999999,0.29962476533157267,0.15504160757247945,0.51745257906470554,0.20735877325141694,1.3122880781291888,1.3744766329203923,0.55000000000000004,0.55081596130058463,0.55263525800958968,0.60521511053078803,0.10747963934644533
net_00890,star,5,4,0.40000000000000002,1.6000000000000001,1.2000000000000002,4,2,0,4,1,0.0025000000000000001,single_middle,1,2,1,0.35999999999999999,0.29962476533157267,0.34684446081881642,1.1575961033627817,0.2081383171504794,1.3122880781291888,1.4057129473124312,0.55000000000000004,0.55081596130058463,0.55263525800958968,0.60546347601478456,0.16917374873323301
net_00891,star,5,4,0.40000000000000002,1.6000000000000001,1.2000000000000002,4,2,0,4,1,0.0025000000000000001,two_0_last,2,0+4,2.5,0.35999999999999988,0.29962476533157267,0.24283922455464352,0.81047781309369149,0.20799515773650107,1.3122880781291888,1.4389832687234796,0.55000000000000004,0.65166519148727498,0.65166519148727498,0.62195044455429982,0.16526407368793355
net_00892,star,5,4,0.40000000000000002,1.6000000000000001,1.2000000000000002,4,3,0,4,1,0.0025000000000000001,uncontrolled,0,none,,0,0.51419840528729766,0.50145847163607882,0.97522370057896102,0,1.7708754896942924,1.7219669240520852,0.69999999999999996,0.6647521021250794,0.69999999999999996,0.69800147405498847,0.3253120958755501
net_00893,star,5,4,0.40000000000000002,1.6000000000000001,1.2000000000000002,4,3,0,4,1,0.0025000000000000001,single_0,1,0,4,0.35999999999999999,0.51419840528729766,0.65220957931954093,1.2684006263207535,0.20194523398211534,1.7708754896942924,1.8386496156808159,0.69999999999999996,0.80188203647191125,0.80188203647191125,0.7371418077512446,0.364346589271629
net_00894,star,5,4,0.40000000000000002,1.6000000000000001,1.2000000000000002,4,3,0,4,1,0.0025000000000000001,single_middle,1,2,1,0.35999999999999999,0.51419840528729766,0.51152328212664466,0.99479748841469406,0.20194523398211534,1.7708754896942924,1.8386496156808156,0.69999999999999996,0.80188203647191125,0.80188203647191125,0.7371418077512446,0.364346589271629
net_00895,star,5,4,0.40000000000000002,1.6000000000000001,1.2000000000000002,4,3,0,4,1,0.0025000000000000001,two_0_last,2,0+4,2.5,0.35999999999999988,0.51419840528729766,0.60074756255621886,1.1683186030508275,0.20207185753703155,1.7708754896942924,1.8804514745253778,0.69999999999999996,0.76166263781406307,0.76166263781406307,0.75328522443708912,0.37387286643148843
net_00896,star,5,4,0.40000000000000002,1.6000000000000001,1.2000000000000002,4,4,0,4,1,0.0025000000000000001,uncontrolled,0,none,,0,0.33010517434850811,0.32139416373899415,0.97361140846487515,0,1.6053781911270097,1.5980799962877767,0.62354134182918197,0.59611823584803569,0.62354134182918197,0.6952181870472387,0.165661121889775
net_00897,star,5,4,0.40000000000000002,1.6000000000000001,1.2000000000000002,4,4,0,4,1,0.0025000000000000001,single_0,1,0,4,0.35999999999999999,0.33010517434850811,0.47795996750816139,1.4479020768197828,0.20308555255666413,1.6053781911270097,1.712383005493882,0.62354134182918197,0.73445842445105713,0.73445842445105713,0.73461150109742956,0.21632626737461486
net_00898,star,5,4,0.40000000000000002,1.6000000000000001,1.2000000000000002,4,4,0,4,1,0.0025000000000000001,single_middle,1,2,1,0.35999999999999999,0.33010517434850811,0.26388614068446775,0.7994001948175169,0.21320153008191833,1.6053781911270097,1.6645652208886126,0.62354134182918197,0.59611823584803569,0.62354134182918197,0.73591474960256043,0.11218269133779912
net_00899,star,5,4,0.40000000000000002,1.6000000000000001,1.2000000000000002,4,4,0,4,1,0.0025000000000000001,two_0_last,2,0+4,2.5,0.35999999999999988,0.33010517434850811,0.41962957198304035,1.2711996193674231,0.20527810190558229,1.6053781911270097,1.752169049111058,0.62354134182918197,0.69386399212139527,0.69386399212139527,0.75154548087112949,0.22180772194568121
net_00900,star,5,4,0.40000000000000002,1.6000000000000001,1.2000000000000002,4,0,0.25,4,1,0.0025000000000000001,uncontrolled,0,none,,0,0.3056754815159371,0.20374730350204423,0.66654774694914942,0,1.2062338081814818,1.1767743632430179,0.5,0.49831541030838217,0.50222160609952871,0.50917216491186201,0.13305369922016305
net_00901,star,5,4,0.40000000000000002,1.6000000000000001,1.2000000000000002,4,0,0.25,4,1,0.0025000000000000001,single_0,1,0,4,0.35999999999999999,0.3056754815159371,0.3193286550467776,1.0446655828041238,0.16524885989429858,1.2062338081814818,1.2822200548005014,0.5,0.53642472775609618,0.53642472775609618,0.54924389252020289,0.16476893006806792
net_00902,star,5,4,0.40000000000000002,1.6000000000000001,1.2000000000000002,4,0,0.25,4,1,0.0025000000000000001,single_middle,1,2,1,0.35999999999999999,0.3056754815159371,0.16194611387526192,0.52979752603029262,0.19745640012018237,1.2062338081814818,1.2498142478002241,0.5,0.49863241211230525,0.50224846022238345,0.55015645039716377,0.098666158774329216
net_00903,star,5,4,0.40000000000000002,1.6000000000000001,1.2000000000000002,4,0,0.25,4,1,0.0025000000000000001,two_0_last,2,0+4,2.5,0.35999999999999988,0.3056754815159371,0.29325076359123303,0.95935324003388778,0.19244068073100162,1.2062338081814818,1.3361882012659732,0.5,0.59902881161853516,0.59902881161853516,0.56622274346449841,0.19097535606464019
net_00904,star,5,4,0.40000000000000002,1.6000000000000001,1.2000000000000002,4,1,0.25,4,1,0.0025000000000000001,uncontrolled,0,none,,0,0.21542109924517608,0.17540144589256426,0.81422593472580673,0,1.6534055763786453,1.6331350031356073,0.5625,0.56070250610491323,0.56469189806531495,0.72039352584404281,0.12024622911067361
net_00905,star,5,4,0.40000000000000002,1.6000000000000001,1.2000000000000002,4,1,0.25,4,1,0.0025000000000000001,single_0,1,0,4,0.35999999999999999,0.21542109924517608,0.25856726933769697,1.2002875774179165,0.16490399867219588,1.6534055763786453,1.7291069735109912,0.5625,0.63641244203532421,0.63641244203532421,0.76035366184507924,0.14079948184438235
net_00906,star,5,4,0.40000000000000002,1.6000000000000001,1.2000000000000002,4,1,0.25,4,1,0.0025000000000000001,single_middle,1,2,1,0.35999999999999999,0.21542109924517608,0.11779917249193934,0.54683210189113929,0.20045192541673898,1.6534055763786453,1.7052292615710141,0.5625,0.56102056101802467,0.56471897138379223,0.76127052899332515,0.045039411517338146
net_00907,star,5,4,0.40000000000000002,1.6000000000000001,1.2000000000000002,4,1,0.25,4,1,0.0025000000000000001,two_0_last,2,0+4,2.5,0.35999999999999988,0.21542109924517608,0.22833882634086403,1.0599650040824737,0.18982575262171666,1.6534055763786453,1.7690807008402414,0.5625,0.64113585279841179,0.64113585279841179,0.77674265555731226,0.15033347017498933
net_00908,star,5,4,0.40000000000000002,1.6000000000000001,1.2000000000000002,4,2,0.25,4,1,0.0025000000000000001,uncontrolled,0,none,,0,0.29962476533157267,0.1837130090794282,0.61314360605715124,0,1.3122880781291888,1.2850680943868071,0.55000000000000004,0.51976206674191427,0.55000000000000004,0.56435356136706227,0.10855901258993421
net_00909,star,5,4,0.40000000000000002,1.6000000000000001,1.2000000000000002,4,2,0.25,4,1,0.0025000000000000001,single_0,1,0,4,0.35999999999999999,0.29962476533157267,0.12310382551637171,0.4108599814175633,0.16642339877956694,1.3122880781291888,1.3680078034724465,0.55000000000000004,0.52716846082589119,0.55000000000000004,0.60478424008422305,0.092331430282707433
net_00910,star,5,4,0.40000000000000002,1.6000000000000001,1.2000000000000002,4,2,0.25,4,1,0.0025000000000000001,single_middle,1,2,1,0.35999999999999999,0.29962476533157267,0.22041839474124739,0.73564811806302655,0.19645761172660983,1.3122880781291888,1.3811863942956391,0.55000000000000004,0.52007887539775388,0.55000000000000004,0.60499795429361403,0.12454977502195605
net_00911,star,5,4,0.40000000000000002,1.6000000000000001,1.2000000000000002,4,2,0.25,4,1,0.0025000000000000001,two_0_last,2,0+4,2.5,0.35999999999999988,0.29962476533157267,0.17637320321319011,0.58864694651662341,0.1926128834096015,1.3122880781291888,1.4247167404603482,0.55000000000000004,0.62003301207040173,0.62003301207040173,0.62157835328621536,0.14001395943115447
net_00912,star,5,4,0.40000000000000002,1.6000000000000001,1.2000000000000002,4,3,0.25,4,1,0.0025000000000000001,uncontrolled,0,none,,0,0.51419840528729766,0.37372916789087629,0.72681899447366605,0,1.7708754896942924,1.6739287267474692,0.69999999999999996,0.65918899731680458,0.69999999999999996,0.69721541554906286,0.27257685295495671
net_00913,star,5,4,0.40000000000000002,1.6000000000000001,1.2000000000000002,4,3,0.25,4,1,0.0025000000000000001,single_0,1,0,4,0.35999999999999999,0.51419840528729766,0.46530441777805387,0.90491221480563466,0.16323239478589116,1.7708754896942924,1.7727710754290511,0.69999999999999996,0.6904714817377714,0.70035962690261233,0.73656492226770154,0.29328411559501427
net_00914,star,5,4,0.40000000000000002,1.6000000000000001,1.2000000000000002,4,3,0.25,4,1,0.0025000000000000001,single_middle,1,2,1,0.35999999999999999,0.51419840528729766,0.40238433579654126,0.78254683728884256,0.19076615472789538,1.7708754896942924,1.7907623326582482,0.69999999999999996,0.78836576634378785,0.78836576634378785,0.73635865511528831,0.31486803180114381
net_00915,star,5,4,0.40000000000000002,1.6000000000000001,1.2000000000000002,4,3,0.25,4,1,0.0025000000000000001,two_0_last,2,0+4,2.5,0.35999999999999988,0.51419840528729766,0.44447218912232656,0.8643982255720668,0.18755594401003842,1.7708754896942924,1.8220579257535801,0.69999999999999996,0.75550534168733863,0.75550534168733863,0.75266699443198526,0.31220411985271751
net_00916,star,5,4,0.40000000000000002,1.6000000000000001,1.2000000000000002,4,4,0.25,4,1,0.0025000000000000001,uncontrolled,0,none,,0,0.33010517434850811,0.23170620905338279,0.7019163195811019,0,1.6053781911270097,1.5810776916776341,0.62354134182918197,0.58349880239895713,0.62354134182918197,0.69425965794662026,0.13403305850415048
net_00917,star,5,4,0.40000000000000002,1.6000000000000001,1.2000000000000002,4,4,0.25,4,1,0.0025000000000000001,single_0,1,0,4,0.35999999999999999,0.33010517434850811,0.33238634077635926,1.0069104231169754,0.16412624611988447,1.6053781911270097,1.6813368449477197,0.62354134182918197,0.65461144613385791,0.65461144613385791,0.73401026162310667,0.16311852460014845
net_00918,star,5,4,0.40000000000000002,1.6000000000000001,1.2000000000000002,4,4,0.25,4,1,0.0025000000000000001,single_middle,1,2,1,0.35999999999999999,0.33010517434850811,0.18623508532647481,0.56416893704870363,0.20077252070754154,1.6053781911270097,1.6547192135763373,0.62354134182918197,0.58381517419086315,0.62354134182918197,0.73508169325306483,0.085287979223014537
net_00919,star,5,4,0.40000000000000002,1.6000000000000001,1.2000000000000002,4,4,0.25,4,1,0.0025000000000000001,two_0_last,2,0+4,2.5,0.35999999999999988,0.33010517434850811,0.30367735697458531,0.91994122047289795,0.19070937546691843,1.6053781911270097,1.7269119342255539,0.62354134182918197,0.68277975520285583,0.68277975520285583,0.75082167029273239,0.18086399623186539
net_00920,star,5,4,0.40000000000000002,1.6000000000000001,1.2000000000000002,4,0,0.5,4,1,0.0025000000000000001,uncontrolled,0,none,,0,0.3056754815159371,0.15492432916713228,0.50682615563019873,0,1.2062338081814818,1.1652467109008826,0.5,0.48795106405123634,0.50098048336140721,0.50893964713765671,0.11198399450127892
net_00921,star,5,4,0.40000000000000002,1.6000000000000001,1.2000000000000002,4,0,0.5,4,1,0.0025000000000000001,single_0,1,0,4,0.35999999999999999,0.3056754815159371,0.23056376269976472,0.75427627219667515,0.14052557295487098,1.2062338081814818,1.2621178691356065,0.5,0.50031339849289791,0.50250672309946531,0.5491407175577947,0.13050967565047139
net_00922,star,5,4,0.40000000000000002,1.6000000000000001,1.2000000000000002,4,0,0.5,4,1,0.0025000000000000001,single_middle,1,2,1,0.35999999999999999,0.3056754815159371,0.12344589781898342,0.40384625291756443,0.18746708625530673,1.2062338081814818,1.2432670435765827,0.5,0.48902228519771523,0.50099028752074937,0.54983417941905599,0.082613337127274256
net_00923,star,5,4,0.40000000000000002,1.6000000000000001,1.2000000000000002,4,0,0.5,4,1,0.0025000000000000001,two_0_last,2,0+4,2.5,0.35999999999999988,0.3056754815159371,0.22675542817198685,0.74181752179611582,0.18249242768179061,1.2062338081814818,1.3175136028791263,0.5,0.58700127400889357,0.58700127400889357,0.56608496378920736,0.16345100955968109
net_00924,star,5,4,0.40000000000000002,1.6000000000000001,1.2000000000000002,4,1,0.5,4,1,0.0025000000000000001,uncontrolled,0,none,,0,0.21542109924517608,0.15007627515987382,0.69666469851715085,0,1.6534055763786453,1.6271393325931101,0.5625,0.55627554030824444,0.56392299757874031,0.71997801266592565,0.1055847660031273
net_00925,star,5,4,0.40000000000000002,1.6000000000000001,1.2000000000000002,4,1,0.5,4,1,0.0025000000000000001,single_0,1,0,4,0.35999999999999999,0.21542109924517608,0.2042722806293889,0.94824639436502722,0.14021923232644012,1.6534055763786453,1.7198576887757786,0.5625,0.60724387517364453,0.60724387517364453,0.76003770624840872,0.11800330083895885
net_00926,star,5,4,0.40000000000000002,1.6000000000000001,1.2000000000000002,4,1,0.5,4,1,0.0025000000000000001,single_middle,1,2,1,0.35999999999999999,0.21542109924517608,0.099442118537541771,0.46161735728757114,0.19012680695395429,1.6534055763786453,1.7032438188542891,0.5625,0.55734985402477244,0.56395501912938961,0.76087767236347958,0.035680092373785451
net_00927,star,5,4,0.40000000000000002,1.6000000000000001,1.2000000000000002,4,1,0.5,4,1,0.0025000000000000001,two_0_last,2,0+4,2.5,0.35999999999999988,0.21542109924517608,0.19005910348678604,0.88226781941389631,0.17994089439556257,1.6534055763786453,1.760989953726688,0.5625,0.63672519365115809,0.63672519365115809,0.77642666519916526,0.13182851358096831
net_00928,star,5,4,0.40000000000000002,1.6000000000000001,1.2000000000000002,4,2,0.5,4,1,0.0025000000000000001,uncontrolled,0,none,,0,0.29962476533157267,0.12772263987319463,0.42627531049328776,0,1.3122880781291888,1.2763493848886778,0.55000000000000004,0.49838475348368744,0.55000000000000004,0.56410864220502421,0.087149241251689727
net_00929,star,5,4,0.40000000000000002,1.6000000000000001,1.2000000000000002,4,2,0.5,4,1,0.0025000000000000001,single_0,1,0,4,0.35999999999999999,0.29962476533157267,0.1142859943754382,0.38143040095155784,0.14113217810897627,1.3122880781291888,1.3643896194418528,0.55000000000000004,0.51077124208101343,0.55000000000000004,0.60452310484592231,0.082846982054765719
net_00930,star,5,4,0.40000000000000002,1.6000000000000001,1.2000000000000002,4,2,0.5,4,1,0.0025000000000000001,single_middle,1,2,1,0.35999999999999999,0.29962476533157267,0.15558621420115129,0.51927020795152057,0.18665737283819928,1.3122880781291888,1.3709739001399222,0.55000000000000004,0.50579600308957307,0.55000000000000004,0.60473726112044646,0.10102837218086226
net_00931,star,5,4,0.40000000000000002,1.6000000000000001,1.2000000000000002,4,2,0.5,4,1,0.0025000000000000001,two_0_last,2,0+4,2.5,0.35999999999999988,0.29962476533157267,0.14905599673859038,0.4974755560463805,0.18246751419280965,1.3122880781291888,1.4169998816247975,0.55000000000000004,0.59711536684237032,0.59711536684237032,0.62135279368154972,0.12449272544639522
net_00932,star,5,4,0.40000000000000002,1.6000000000000001,1.2000000000000002,4,3,0.5,4,1,0.0025000000000000001,uncontrolled,0,none,,0,0.51419840528729766,0.30428169359172236,0.59175931014743477,0,1.7708754896942924,1.6451684680159739,0.69999999999999996,0.6469876820996604,0.69999999999999996,0.69694494514503214,0.2357617464042743
net_00933,star,5,4,0.40000000000000002,1.6000000000000001,1.2000000000000002,4,3,0.5,4,1,0.0025000000000000001,single_0,1,0,4,0.35999999999999999,0.51419840528729766,0.35896268603581488,0.69810151557209121,0.13906360234320025,1.7708754896942924,1.7368524923024407,0.69999999999999996,0.65889220496524636,0.69999999999999996,0.73647260995347819,0.24685909096436295
net_00934,star,5,4,0.40000000000000002,1.6000000000000001,1.2000000000000002,4,3,0.5,4,1,0.0025000000000000001,single_middle,1,2,1,0.35999999999999999,0.51419840528729766,0.34146002743863318,0.66406278963049192,0.18144278845340486,1.7708754896942924,1.7595867216414551,0.69999999999999996,0.76933802132932561,0.76933802132932561,0.73611931274101494,0.27813206144758057
net_00935,star,5,4,0.40000000000000002,1.6000000000000001,1.2000000000000002,4,3,0.5,4,1,0.0025000000000000001,two_0_last,2,0+4,2.5,0.35999999999999988,0.51419840528729766,0.35711597579402604,0.69451008039298556,0.17792531380817578,1.7708754896942924,1.7877601037704098,0.69999999999999996,0.74188199106131258,0.74188199106131258,0.75255877082006839,0.26994913259431857
net_00936,star,5,4,0.40000000000000002,1.6000000000000001,1.2000000000000002,4,4,0.5,4,1,0.0025000000000000001,uncontrolled,0,none,,0,0.33010517434850811,0.18067612506714417,0.54732896999789404,0,1.6053781911270097,1.5719026224075614,0.62354134182918197,0.57739776818950406,0.62354134182918197,0.6936455426660213,0.11415529775667257
net_00937,star,5,4,0.40000000000000002,1.6000000000000001,1.2000000000000002,4,4,0.5,4,1,0.0025000000000000001,single_0,1,0,4,0.35999999999999999,0.33010517434850811,0.24577572508543799,0.74453763280293384,0.13988265367909722,1.6053781911270097,1.6663768652394528,0.62354134182918197,0.60839673779069636,0.62354134182918197,0.73362588534631001,0.13097874541655907
net_00938,star,5,4,0.40000000000000002,1.6000000000000001,1.2000000000000002,4,4,0.5,4,1,0.0025000000000000001,single_middle,1,2,1,0.35999999999999999,0.33010517434850811,0.14304408188716153,0.43332880852131972,0.19038481546877811,1.6053781911270097,1.6499632139019123,0.62354134182918197,0.57846742810325713,0.62354134182918197,0.73452087950791867,0.070390333234179425
net_00939,star,5,4,0.40000000000000002,1.6000000000000001,1.2000000000000002,4,4,0.5,4,1,0.0025000000000000001,two_0_last,2,0+4,2.5,0.35999999999999988,0.33010517434850811,0.23651038266775795,0.71646978310634546,0.18098627562092484,1.6053781911270097,1.7133019517120816,0.62354134182918197,0.67505921663910595,0.67505921663910595,0.75037216277559149,0.15499139614690483
net_00940,star,5,4,0.40000000000000002,1.6000000000000001,1.2000000000000002,4,0,1,4,1,0.0025000000000000001,uncontrolled,0,none,,0,0.3056754815159371,0.10869982318267959,0.35560530613578922,0,1.2062338081814818,1.1529799944556047,0.5,0.46387606657374891,0.50030439259925286,0.50857872914431934,0.084972052964008254
net_00941,star,5,4,0.40000000000000002,1.6000000000000001,1.2000000000000002,4,0,1,4,1,0.0025000000000000001,single_0,1,0,4,0.35999999999999999,0.3056754815159371,0.14311539462201966,0.46819389606345646,0.11543471424924193,1.2062338081814818,1.2445987576643935,0.5,0.4821052747195762,0.50050169255222354,0.54891130036688374,0.092204109699552977
net_00942,star,5,4,0.40000000000000002,1.6000000000000001,1.2000000000000002,4,0,1,4,1,0.0025000000000000001,single_middle,1,2,1,0.35999999999999999,0.3056754815159371,0.089790486791229293,0.29374448466043507,0.17122669678645977,1.2062338081814818,1.2365910322627027,0.5,0.4670315117806022,0.50030553093122765,0.5493668209710183,0.063463156482359187
net_00943,star,5,4,0.40000000000000002,1.6000000000000001,1.2000000000000002,4,0,1,4,1,0.0025000000000000001,two_0_last,2,0+4,2.5,0.35999999999999988,0.3056754815159371,0.16117574171370136,0.52727729719891869,0.16988799278010308,1.2062338081814818,1.2973093526132378,0.5,0.55846849130502252,0.55846849130502252,0.56583056048138825,0.12821110755653614
net_00944,star,5,4,0.40000000000000002,1.6000000000000001,1.2000000000000002,4,1,1,4,1,0.0025000000000000001,uncontrolled,0,none,,0,0.21542109924517608,0.11520524036878885,0.53479088525897323,0,1.6534055763786453,1.6192805935505397,0.5625,0.54668092734209206,0.56312022029360831,0.71950672281113826,0.082000024143005792
net_00945,star,5,4,0.40000000000000002,1.6000000000000001,1.2000000000000002,4,1,1,4,1,0.0025000000000000001,single_0,1,0,4,0.35999999999999999,0.21542109924517608,0.14197616421292478,0.65906340980712474,0.11518368048314147,1.6534055763786453,1.7099300443163441,0.5625,0.57700765629267747,0.57700765629267747,0.75967921827005136,0.087519349973265118
net_00946,star,5,4,0.40000000000000002,1.6000000000000001,1.2000000000000002,4,1,1,4,1,0.0025000000000000001,single_middle,1,2,1,0.35999999999999999,0.21542109924517608,0.074922779083690466,0.34779684694867796,0.17334060015230937,1.6534055763786453,1.7009328724069124,0.5625,0.54984313424432518,0.56313143359529116,0.76039409082436371,0.020865136622486558
net_00947,star,5,4,0.40000000000000002,1.6000000000000001,1.2000000000000002,4,1,1,4,1,0.0025000000000000001,two_0_last,2,0+4,2.5,0.35999999999999988,0.21542109924517608,0.14328995918876525,0.66516213913514299,0.16759099539071573,1.6534055763786453,1.7510097148067696,0.5625,0.6256188390673465,0.6256188390673465,0.77609468458268061,0.10432662571005837
net_00948,star,5,4,0.40000000000000002,1.6000000000000001,1.2000000000000002,4,2,1,4,1,0.0025000000000000001,uncontrolled,0,none,,0,0.29962476533157267,0.083660800199566968,0.27921857563070834,0,1.3122880781291888,1.268872840465638,0.55000000000000004,0.47070184876736426,0.55000000000000004,0.56381539231856892,0.064186138993754485
net_00949,star,5,4,0.40000000000000002,1.6000000000000001,1.2000000000000002,4,2,1,4,1,0.0025000000000000001,single_0,1,0,4,0.35999999999999999,0.29962476533157267,0.098632265936044461,0.32918595973498849,0.11558955392281857,1.3122880781291888,1.3592510810612648,0.55000000000000004,0.48893666532498536,0.55000000000000004,0.60421520961026121,0.066608413499133934
net_00950,star,5,4,0.40000000000000002,1.6000000000000001,1.2000000000000002,4,2,1,4,1,0.0025000000000000001,single_middle,1,2,1,0.35999999999999999,0.29962476533157267,0.10316844102097215,0.34432547959379539,0.17065514322600123,1.3122880781291888,1.3625404786220443,0.55000000000000004,0.49229993079687256,0.55000000000000004,0.60441168855835303,0.077393939754727609
net_00951,star,5,4,0.40000000000000002,1.6000000000000001,1.2000000000000002,4,2,1,4,1,0.0025000000000000001,two_0_last,2,0+4,2.5,0.35999999999999988,0.29962476533157267,0.12255093203721298,0.40901469510237209,0.16973816666443517,1.3122880781291888,1.4073712589608778,0.55000000000000004,0.56507921775636272,0.56507921775636272,0.62107615930822813,0.10199596290425152
net_00952,star,5,4,0.40000000000000002,1.6000000000000001,1.2000000000000002,4,3,1,4,1,0.0025000000000000001,uncontrolled,0,none,,0,0.51419840528729766,0.22831433985296978,0.44401992986618444,0,1.7708754896942924,1.6106227265781226,0.69999999999999996,0.61738503135945066,0.69999999999999996,0.69689032777451199,0.18211256005098095
net_00953,star,5,4,0.40000000000000002,1.6000000000000001,1.2000000000000002,4,3,1,4,1,0.0025000000000000001,single_0,1,0,4,0.35999999999999999,0.51419840528729766,0.24960718695141768,0.48542971814927133,0.11441225945794568,1.7708754896942924,1.6986827346905742,0.69999999999999996,0.63498781388870285,0.69999999999999996,0.73662885785094334,0.18569472908077975
net_00954,star,5,4,0.40000000000000002,1.6000000000000001,1.2000000000000002,4,3,1,4,1,0.0025000000000000001,single_middle,1,2,1,0.35999999999999999,0.51419840528729766,0.26816453126278733,0.52151957008298377,0.16629596571762664,1.7708754896942924,1.719102033714611,0.69999999999999996,0.72842014301581715,0.73321673914055452,0.73616226555959874,0.22164719540409569
net_00955,star,5,4,0.40000000000000002,1.6000000000000001,1.2000000000000002,4,3,1,4,1,0.0025000000000000001,two_0_last,2,0+4,2.5,0.35999999999999988,0.51419840528729766,0.2638256627236038,0.51308144873805417,0.16588370988712561,1.7708754896942924,1.7476616492959898,0.69999999999999996,0.70831762287218802,0.71723476155045884,0.75274153717948911,0.2103435910329941
net_00956,star,5,4,0.40000000000000002,1.6000000000000001,1.2000000000000002,4,4,1,4,1,0.0025000000000000001,uncontrolled,0,none,,0,0.33010517434850811,0.12518351397872021,0.3792231194975389,0,1.6053781911270097,1.5619239304142314,0.62354134182918197,0.56126366122980342,0.62354134182918197,0.69303873734200616,0.087284485583210628
net_00957,star,5,4,0.40000000000000002,1.6000000000000001,1.2000000000000002,4,4,1,4,1,0.0025000000000000001,single_0,1,0,4,0.35999999999999999,0.33010517434850811,0.15541009140734899,0.47078962550061387,0.11524536330480389,1.6053781911270097,1.6529820093180556,0.62354134182918197,0.57926966033496985,0.62354134182918197,0.73325829404239495,0.09381992775454509
net_00958,star,5,4,0.40000000000000002,1.6000000000000001,1.2000000000000002,4,4,1,4,1,0.0025000000000000001,single_middle,1,2,1,0.35999999999999999,0.33010517434850811,0.096969555351898648,0.29375351520398513,0.17353710326441835,1.6053781911270097,1.6453185928636702,0.62354134182918197,0.56441679094906083,0.62354134182918197,0.733937643222903,0.052442256482614857
net_00959,star,5,4,0.40000000000000002,1.6000000000000001,1.2000000000000002,4,4,1,4,1,0.0025000000000000001,two_0_last,2,0+4,2.5,0.35999999999999988,0.33010517434850811,0.16542180556807312,0.5011184871444313,0.16869484446051553,1.6053781911270097,1.6987396345333605,0.62354134182918197,0.65459409867871454,0.65459409867871454,0.74995771208098694,0.12127118073622581
net_00960,star,6,5,0.33333333333333331,1.6666666666666667,1.4907119849998596,5,0,0,4,1,0.0025000000000000001,uncontrolled,0,none,,0,0.32316904497715332,0.31552448637304831,0.97634501595087653,0,1.3481468762712765,1.340211678540816,0.52469796037174676,0.52725699036299389,0.52815942134698879,0.51860430772386801,0.174386914340248
net_00961,star,6,5,0.33333333333333331,1.6666666666666667,1.4907119849998596,5,0,0,4,1,0.0025000000000000001,single_0,1,0,5,0.35999999999999999,0.32316904497715332,0.49266636863695024,1.5244850219852575,0.20500619838890427,1.3481468762712765,1.458453805738936,0.52469796037174676,0.64859205438244116,0.64859205438244116,0.55183317105052365,0.22359502508043672
net_00962,star,6,5,0.33333333333333331,1.6666666666666667,1.4907119849998596,5,0,0,4,1,0.0025000000000000001,single_middle,1,3,1,0.35999999999999999,0.32316904497715332,0.27362767504449931,0.84670137594348993,0.21044443760210613,1.3481468762712765,1.4027577304835122,0.52469796037174676,0.52725699036299389,0.52815942134698879,0.55291070661336938,0.14914632273100167
net_00963,star,6,5,0.33333333333333331,1.6666666666666667,1.4907119849998596,5,0,0,4,1,0.0025000000000000001,two_0_last,2,0+5,3,0.35999999999999988,0.32316904497715332,0.43453466256913348,1.3446048417163632,0.20709985584594953,1.3481468762712765,1.5021653788622336,0.52469796037174676,0.62844761243121294,0.62844761243121294,0.56599814841523466,0.23607110560008313
net_00964,star,6,5,0.33333333333333331,1.6666666666666667,1.4907119849998596,5,1,0,4,1,0.0025000000000000001,uncontrolled,0,none,,0,0.206134225753065,0.20274358088979874,0.98355127659718178,0,1.794784109579757,1.7811526419844874,0.63266955188292329,0.62539295967468944,0.63321705629305336,0.71256334660661069,0.14492848609172995
net_00965,star,6,5,0.33333333333333331,1.6666666666666667,1.4907119849998596,5,1,0,4,1,0.0025000000000000001,single_0,1,0,5,0.35999999999999999,0.206134225753065,0.29138817339604584,1.4135846307498172,0.20472873731899882,1.794784109579757,1.869886778383514,0.63266955188292329,0.63647343268136736,0.63647343268136736,0.74571383796212787,0.16326961097330089
net_00966,star,6,5,0.33333333333333331,1.6666666666666667,1.4907119849998596,5,1,0,4,1,0.0025000000000000001,single_middle,1,3,1,0.35999999999999999,0.206134225753065,0.18689028410370015,0.90664363679024462,0.21191853644082859,1.794784109579757,1.8528167400666056,0.63266955188292329,0.62539295967468944,0.63321705629305336,0.74667448004522419,0.12096362908343485
net_00967,star,6,5,0.33333333333333331,1.6666666666666667,1.4907119849998596,5,1,0,4,1,0.0025000000000000001,two_0_last,2,0+5,3,0.35999999999999988,0.206134225753065,0.24319130668519906,1.1797716065672954,0.20482694585650982,1.794784109579757,1.9009065804902896,0.63266955188292329,0.62539295967468944,0.63321705629305336,0.75936368813547273,0.16002424951604566
net_00968,star,6,5,0.33333333333333331,1.6666666666666667,1.4907119849998596,5,2,0,4,1,0.0025000000000000001,uncontrolled,0,none,,0,0.36005535716938397,0.35562198481983143,0.98768697018034668,0,1.5827033834550301,1.5730810897380987,0.625,0.6245106429282693,0.62795810484874648,0.616684683690775,0.17925034648913801
net_00969,star,6,5,0.33333333333333331,1.6666666666666667,1.4907119849998596,5,2,0,4,1,0.0025000000000000001,single_0,1,0,5,0.35999999999999999,0.36005535716938397,0.20385705095972548,0.56618252416064796,0.20713377632378485,1.5827033834550301,1.6302235261486964,0.625,0.6245106429282693,0.62795810484874648,0.65027287513037579,0.14171560277938003
net_00970,star,6,5,0.33333333333333331,1.6666666666666667,1.4907119849998596,5,2,0,4,1,0.0025000000000000001,single_middle,1,3,1,0.35999999999999999,0.36005535716938397,0.39959206308163703,1.1098072980307121,0.20588509221657733,1.5827033834550301,1.667529738490418,0.625,0.6245106429282693,0.62795810484874648,0.6501014795166884,0.20201642950149651
net_00971,star,6,5,0.33333333333333331,1.6666666666666667,1.4907119849998596,5,2,0,4,1,0.0025000000000000001,two_0_last,2,0+5,3,0.35999999999999988,0.36005535716938397,0.28893687780399036,0.80247904121049718,0.20755706994120388,1.5827033834550301,1.6935969141165543,0.625,0.72478330965031046,0.72478330965031046,0.66414996176290286,0.19222360124220089
net_00972,star,6,5,0.33333333333333331,1.6666666666666667,1.4907119849998596,5,3,0,4,1,0.0025000000000000001,uncontrolled,0,none,,0,0.56327613121807318,0.54932023313428979,0.97522370057896113,0,1.7953272682160208,1.7478319593561666,0.69999999999999996,0.6647521021250794,0.69999999999999996,0.63159742055078372,0.33202026752102409
net_00973,star,6,5,0.33333333333333331,1.6666666666666667,1.4907119849998596,5,3,0,4,1,0.0025000000000000001,single_0,1,0,5,0.35999999999999999,0.56327613121807318,0.70872874001396946,1.2582261181231982,0.20194523398211534,1.7953272682160208,1.8628952949268589,0.69999999999999996,0.80188203647191125,0.80188203647191125,0.66421436529766387,0.37042645276625791
net_00974,star,6,5,0.33333333333333331,1.6666666666666667,1.4907119849998596,5,3,0,4,1,0.0025000000000000001,single_middle,1,3,1,0.35999999999999999,0.56327613121807318,0.50641492239643915,0.89905269250682995,0.21255638575658276,1.7953272682160208,1.7939367866150497,0.69999999999999996,0.6647521021250794,0.69999999999999996,0.66550621611039318,0.30572810695160962
net_00975,star,6,5,0.33333333333333331,1.6666666666666667,1.4907119849998596,5,3,0,4,1,0.0025000000000000001,two_0_last,2,0+5,3,0.35999999999999988,0.56327613121807318,0.62666198290823971,1.1125306899710021,0.20740509843973368,1.7953272682160208,1.8565010816933907,0.69999999999999996,0.76166263781406307,0.76166263781406307,0.67848218227062429,0.33777898009805113
net_00976,star,6,5,0.33333333333333331,1.6666666666666667,1.4907119849998596,5,4,0,4,1,0.0025000000000000001,uncontrolled,0,none,,0,0.34960991464988461,0.33887051142916247,0.96928175440482833,0,1.6728138847866318,1.6633772000392613,0.62354134182918197,0.59611823584803569,0.62354134182918197,0.65626186672243636,0.17452119418872544
net_00977,star,6,5,0.33333333333333331,1.6666666666666667,1.4907119849998596,5,4,0,4,1,0.0025000000000000001,single_0,1,0,5,0.35999999999999999,0.34960991464988461,0.50459309316961864,1.4433031559615273,0.20308555255666413,1.6728138847866318,1.7734766963734179,0.62354134182918197,0.73445842445105713,0.73445842445105713,0.68908962843092869,0.22216829075917516
net_00978,star,6,5,0.33333333333333331,1.6666666666666667,1.4907119849998596,5,4,0,4,1,0.0025000000000000001,single_middle,1,3,1,0.35999999999999999,0.34960991464988461,0.34147538681058642,0.97673255963737615,0.21097485475748654,1.6728138847866318,1.7679589044020281,0.62354134182918197,0.69384370410615515,0.69384370410615515,0.69025147497780737,0.2109486886267955
net_00979,star,6,5,0.33333333333333331,1.6666666666666667,1.4907119849998596,5,4,0,4,1,0.0025000000000000001,two_0_last,2,0+5,3,0.35999999999999988,0.34960991464988461,0.42257320385279545,1.2086991419450437,0.20450952146309101,1.6728138847866318,1.7819002619978497,0.62354134182918197,0.69386399212139527,0.69386399212139527,0.7028301010209046,0.18768219516942067
net_00980,star,6,5,0.33333333333333331,1.6666666666666667,1.4907119849998596,5,0,0.25,4,1,0.0025000000000000001,uncontrolled,0,none,,0,0.32316904497715332,0.20107803675853836,0.62220698387976403,0,1.3481468762712765,1.3132791632779179,0.52469796037174676,0.52037896191373767,0.5263594171647491,0.51841513842531439,0.13673369872902663
net_00981,star,6,5,0.33333333333333331,1.6666666666666667,1.4907119849998596,5,0,0.25,4,1,0.0025000000000000001,single_0,1,0,5,0.35999999999999999,0.32316904497715332,0.30852714888973543,0.95469276431332395,0.15707182368210706,1.3481468762712765,1.4084425469354296,0.52469796037174676,0.53744409706139151,0.53744409706139151,0.55183332604939661,0.16154993530666295
net_00982,star,6,5,0.33333333333333331,1.6666666666666667,1.4907119849998596,5,0,0.25,4,1,0.0025000000000000001,single_middle,1,3,1,0.35999999999999999,0.32316904497715332,0.17309419223628802,0.53561501302986814,0.1983543096633838,1.3481468762712765,1.3834804039516326,0.52469796037174676,0.52068749204562326,0.52637270849096396,0.55264267460869887,0.11657220461030086
net_00983,star,6,5,0.33333333333333331,1.6666666666666667,1.4907119849998596,5,0,0.25,4,1,0.0025000000000000001,two_0_last,2,0+5,3,0.35999999999999988,0.32316904497715332,0.28634276803111197,0.88604639733163548,0.18813736888858762,1.3481468762712765,1.4606929532348245,0.52469796037174676,0.62059755321523069,0.62059755321523069,0.56593774880053882,0.18793203138605816
net_00984,star,6,5,0.33333333333333331,1.6666666666666667,1.4907119849998596,5,1,0.25,4,1,0.0025000000000000001,uncontrolled,0,none,,0,0.206134225753065,0.17419964643130176,0.84507871409952695,0,1.794784109579757,1.771691554131265,0.63266955188292329,0.61056653874103295,0.63266955188292329,0.71187576604769554,0.12798979468698382
net_00985,star,6,5,0.33333333333333331,1.6666666666666667,1.4907119849998596,5,1,0.25,4,1,0.0025000000000000001,single_0,1,0,5,0.35999999999999999,0.206134225753065,0.22810631573920684,1.1065911781795175,0.15669834606131203,1.794784109579757,1.8563920590655474,0.63266955188292329,0.61758716198579611,0.63266955188292329,0.74517624026355278,0.13812174740766212
net_00986,star,6,5,0.33333333333333331,1.6666666666666667,1.4907119849998596,5,1,0.25,4,1,0.0025000000000000001,single_middle,1,3,1,0.35999999999999999,0.206134225753065,0.15862433479676655,0.76951963807692891,0.19965950854827608,1.794784109579757,1.8457661195553188,0.63266955188292329,0.61087357971920675,0.63266955188292329,0.74596956691909722,0.10648082728947542
net_00987,star,6,5,0.33333333333333331,1.6666666666666667,1.4907119849998596,5,1,0.25,4,1,0.0025000000000000001,two_0_last,2,0+5,3,0.35999999999999988,0.206134225753065,0.20150073989912845,0.97752199647094429,0.18572783848234914,1.794784109579757,1.8901935003643699,0.63266955188292329,0.61574529372049136,0.63266955188292329,0.75881101152344466,0.14027744031282502
net_00988,star,6,5,0.33333333333333331,1.6666666666666667,1.4907119849998596,5,2,0.25,4,1,0.0025000000000000001,uncontrolled,0,none,,0,0.36005535716938397,0.20541618956588331,0.57051279886733519,0,1.5827033834550301,1.5436261893758021,0.625,0.58686437766718569,0.625,0.61622627755583748,0.1318919138442004
net_00989,star,6,5,0.33333333333333331,1.6666666666666667,1.4907119849998596,5,2,0.25,4,1,0.0025000000000000001,single_0,1,0,5,0.35999999999999999,0.36005535716938397,0.14572744820494135,0.40473623098013101,0.15789283121848016,1.5827033834550301,1.6184474335118999,0.625,0.59397152450276192,0.625,0.64984974501902015,0.11940403987689768
net_00990,star,6,5,0.33333333333333331,1.6666666666666667,1.4907119849998596,5,2,0.25,4,1,0.0025000000000000001,single_middle,1,3,1,0.35999999999999999,0.36005535716938397,0.23864107292749381,0.66278995208847236,0.19443161229293254,1.5827033834550301,1.6342567215034103,0.625,0.58716979199014474,0.625,0.64965664283526869,0.15191692373307408
net_00991,star,6,5,0.33333333333333331,1.6666666666666667,1.4907119849998596,5,2,0.25,4,1,0.0025000000000000001,two_0_last,2,0+5,3,0.35999999999999988,0.36005535716938397,0.19567249584897584,0.54345114425536489,0.18803955983330428,1.5827033834550301,1.6729896218363398,0.625,0.68642118800475616,0.68642118800475616,0.66378698577286188,0.16083910173605687
net_00992,star,6,5,0.33333333333333331,1.6666666666666667,1.4907119849998596,5,3,0.25,4,1,0.0025000000000000001,uncontrolled,0,none,,0,0.56327613121807318,0.37689076939881516,0.66910481114084586,0,1.7953272682160208,1.6824871599570621,0.69999999999999996,0.6567090555014119,0.69999999999999996,0.6305994615496654,0.2722832342678036
net_00993,star,6,5,0.33333333333333331,1.6666666666666667,1.4907119849998596,5,3,0.25,4,1,0.0025000000000000001,single_0,1,0,5,0.35999999999999999,0.56327613121807318,0.46576999298021227,0.82689460313717555,0.15544497681053507,1.7953272682160208,1.7735000722268803,0.69999999999999996,0.6635574749817017,0.69999999999999996,0.66347112840766675,0.28986746304863054
net_00994,star,6,5,0.33333333333333331,1.6666666666666667,1.4907119849998596,5,3,0.25,4,1,0.0025000000000000001,single_middle,1,3,1,0.35999999999999999,0.56327613121807318,0.34711195219732932,0.61623763720771685,0.20014408444731854,1.7953272682160208,1.7396284872460863,0.69999999999999996,0.65701123670122774,0.69999999999999996,0.66467395932246831,0.25018607756017291
net_00995,star,6,5,0.33333333333333331,1.6666666666666667,1.4907119849998596,5,3,0.25,4,1,0.0025000000000000001,two_0_last,2,0+5,3,0.35999999999999988,0.56327613121807318,0.41192834025920011,0.73130799874017993,0.18912288822251475,1.7953272682160208,1.783792090058782,0.69999999999999996,0.66176651078865445,0.69999999999999996,0.67785796647167673,0.26613457883233194
net_00996,star,6,5,0.33333333333333331,1.6666666666666667,1.4907119849998596,5,4,0.25,4,1,0.0025000000000000001,uncontrolled,0,none,,0,0.34960991464988461,0.22556355133997852,0.64518636883015235,0,1.6728138847866318,1.6406218734917091,0.62354134182918197,0.58196816355814729,0.62354134182918197,0.65543225687498674,0.13789577686669313
net_00997,star,6,5,0.33333333333333331,1.6666666666666667,1.4907119849998596,5,4,0.25,4,1,0.0025000000000000001,single_0,1,0,5,0.35999999999999999,0.34960991464988461,0.32347346446024822,0.92524110703264628,0.15604394495262541,1.6728138847866318,1.7325379509783985,0.62354134182918197,0.62722573084598521,0.62825698368598826,0.68855939209190886,0.16176296081641195
net_00998,star,6,5,0.33333333333333331,1.6666666666666667,1.4907119849998596,5,4,0.25,4,1,0.0025000000000000001,single_middle,1,3,1,0.35999999999999999,0.34960991464988461,0.24929295036031859,0.71306029924801184,0.19880220724524411,1.6728138847866318,1.7450231585011553,0.62354134182918197,0.68686799497860218,0.68686799497860218,0.68937906141102223,0.17965006811098821
net_00999,star,6,5,0.33333333333333331,1.6666666666666667,1.4907119849998596,5,4,0.25,4,1,0.0025000000000000001,two_0_last,2,0+5,3,0.35999999999999988,0.34960991464988461,0.26838206319364116,0.76766147625536096,0.18587060257078225,1.6728138847866318,1.7525607249678832,0.62354134182918197,0.60142715424835358,0.62354134182918197,0.70224871133933575,0.13696080901326443
net_01000,star,6,5,0.33333333333333331,1.6666666666666667,1.4907119849998596,5,0,0.5,4,1,0.0025000000000000001,uncontrolled,0,none,,0,0.32316904497715332,0.15105623367681162,0.46742172873485038,0,1.3481468762712765,1.3007428004919779,0.52469796037174676,0.50785612579257333,0.5253884793836987,0.51821635002674438,0.11593296944173233
net_01001,star,6,5,0.33333333333333331,1.6666666666666667,1.4907119849998596,5,0,0.5,4,1,0.0025000000000000001,single_0,1,0,5,0.35999999999999999,0.32316904497715332,0.21466585600579316,0.66425253081083036,0.12953474235699863,1.3481468762712765,1.3876694271347181,0.52469796037174676,0.51940813439617872,0.52603939361283969,0.55173759295946334,0.12854325477971826
net_01002,star,6,5,0.33333333333333331,1.6666666666666667,1.4907119849998596,5,0,0.5,4,1,0.0025000000000000001,single_middle,1,3,1,0.35999999999999999,0.32316904497715332,0.13229261711867343,0.40936042351465302,0.18812995909684174,1.3481468762712765,1.3748523902716976,0.52469796037174676,0.50887490485709652,0.52539251446123469,0.55238746811819717,0.09952186144394562
net_01003,star,6,5,0.33333333333333331,1.6666666666666667,1.4907119849998596,5,0,0.5,4,1,0.0025000000000000001,two_0_last,2,0+5,3,0.35999999999999988,0.32316904497715332,0.21551946419000029,0.66689389822356471,0.17651468331325501,1.3481468762712765,1.4408125385849515,0.52469796037174676,0.60604115594484409,0.60604115594484409,0.56581719499508043,0.1607514553749608
net_01004,star,6,5,0.33333333333333331,1.6666666666666667,1.4907119849998596,5,1,0.5,4,1,0.0025000000000000001,uncontrolled,0,none,,0,0.206134225753065,0.15145548071118828,0.7347420359616641,0,1.794784109579757,1.7645147159248156,0.63266955188292329,0.59741440538415491,0.63266955188292329,0.711444864604314,0.11298186468347472
net_01005,star,6,5,0.33333333333333331,1.6666666666666667,1.4907119849998596,5,1,0.5,4,1,0.0025000000000000001,single_0,1,0,5,0.35999999999999999,0.206134225753065,0.18642032076970316,0.90436374691615851,0.12919675673778308,1.794784109579757,1.847613568383963,0.63266955188292329,0.60883222612263987,0.63266955188292329,0.74482814163444244,0.11906730215359945
net_01006,star,6,5,0.33333333333333331,1.6666666666666667,1.4907119849998596,5,1,0.5,4,1,0.0025000000000000001,single_middle,1,3,1,0.35999999999999999,0.206134225753065,0.13701652861967054,0.66469567641720573,0.18928072724371475,1.794784109579757,1.8405730022047517,0.63266955188292329,0.59842794614982486,0.63266955188292329,0.74552113019950983,0.093895724965948002
net_01007,star,6,5,0.33333333333333331,1.6666666666666667,1.4907119849998596,5,1,0.5,4,1,0.0025000000000000001,two_0_last,2,0+5,3,0.35999999999999988,0.206134225753065,0.17197792277693211,0.83430067058805724,0.17415008481241653,1.794784109579757,1.8824973966693612,0.63266955188292329,0.60619350544802497,0.63266955188292329,0.75846744711027869,0.12393495505776485
net_01008,star,6,5,0.33333333333333331,1.6666666666666667,1.4907119849998596,5,2,0.5,4,1,0.0025000000000000001,uncontrolled,0,none,,0,0.36005535716938397,0.14240663363250922,0.39551316428688943,0,1.5827033834550301,1.5322771307854277,0.625,0.56167335964478315,0.625,0.61602483976001909,0.10874556413932449
net_01009,star,6,5,0.33333333333333331,1.6666666666666667,1.4907119849998596,5,2,0.5,4,1,0.0025000000000000001,single_0,1,0,5,0.35999999999999999,0.36005535716938397,0.13141993414428665,0.36499924671989153,0.12981999366562935,1.5827033834550301,1.6123308482631757,0.625,0.57321784134675047,0.625,0.64963326372372332,0.10604283744713101
net_01010,star,6,5,0.33333333333333331,1.6666666666666667,1.4907119849998596,5,2,0.5,4,1,0.0025000000000000001,single_middle,1,3,1,0.35999999999999999,0.36005535716938397,0.16906764424089332,0.46956014089066134,0.18469800569970649,1.5827033834550301,1.6211616270378419,0.625,0.56268089298526403,0.625,0.64947156752274393,0.12733493816001079
net_01011,star,6,5,0.33333333333333331,1.6666666666666667,1.4907119849998596,5,2,0.5,4,1,0.0025000000000000001,two_0_last,2,0+5,3,0.35999999999999988,0.36005535716938397,0.16392002662251243,0.45526340147023031,0.17624204132279639,1.5827033834550301,1.6626078092368086,0.625,0.65933091001473598,0.65933091001473598,0.66360587053234488,0.14261148791108025
net_01012,star,6,5,0.33333333333333331,1.6666666666666667,1.4907119849998596,5,3,0.5,4,1,0.0025000000000000001,uncontrolled,0,none,,0,0.56327613121807318,0.29830938684453351,0.52959706671654194,0,1.7953272682160208,1.6474960764227125,0.69999999999999996,0.63981700860244139,0.69999999999999996,0.63021416003793274,0.2349553137493485
net_01013,star,6,5,0.33333333333333331,1.6666666666666667,1.4907119849998596,5,3,0.5,4,1,0.0025000000000000001,single_0,1,0,5,0.35999999999999999,0.56327613121807318,0.34594040982614349,0.61415776499894359,0.12855117150197609,1.7953272682160208,1.7303514001851785,0.69999999999999996,0.65098125851387889,0.69999999999999996,0.66328109189200368,0.24305867842769791
net_01014,star,6,5,0.33333333333333331,1.6666666666666667,1.4907119849998596,5,3,0.5,4,1,0.0025000000000000001,single_middle,1,3,1,0.35999999999999999,0.56327613121807318,0.27650784110369631,0.49089216776459837,0.18965788206788275,1.7953272682160208,1.7109193154775857,0.69999999999999996,0.64081628000584712,0.69999999999999996,0.66431914127363256,0.2157642908743522
net_01015,star,6,5,0.33333333333333331,1.6666666666666667,1.4907119849998596,5,3,0.5,4,1,0.0025000000000000001,two_0_last,2,0+5,3,0.35999999999999988,0.56327613121807318,0.30960296708333546,0.54964687819067592,0.17766667402254008,1.7953272682160208,1.7485070636102644,0.69999999999999996,0.64841895520348658,0.69999999999999996,0.67766344876586737,0.22431765153292924
net_01016,star,6,5,0.33333333333333331,1.6666666666666667,1.4907119849998596,5,4,0.5,4,1,0.0025000000000000001,uncontrolled,0,none,,0,0.34960991464988461,0.17267437398999128,0.49390582690686935,0,1.6728138847866318,1.6295495563322036,0.62354134182918197,0.57298470392711931,0.62354134182918197,0.65482571813738233,0.11736796108652572
net_01017,star,6,5,0.33333333333333331,1.6666666666666667,1.4907119849998596,5,4,0.5,4,1,0.0025000000000000001,single_0,1,0,5,0.35999999999999999,0.34960991464988461,0.22974843992097319,0.65715653445084299,0.12895575176637666,1.6728138847866318,1.7151219187956381,0.62354134182918197,0.58440094509923257,0.62354134182918197,0.68812961972019526,0.12942755703202435
net_01018,star,6,5,0.33333333333333331,1.6666666666666667,1.4907119849998596,5,4,0.5,4,1,0.0025000000000000001,single_middle,1,3,1,0.35999999999999999,0.34960991464988461,0.2061399324247645,0.58962839378054388,0.18852558071890252,1.6728138847866318,1.731779974199452,0.62354134182918197,0.67449271755844342,0.67449271755844342,0.68875262195696163,0.15957278042882675
net_01019,star,6,5,0.33333333333333331,1.6666666666666667,1.4907119849998596,5,4,0.5,4,1,0.0025000000000000001,two_0_last,2,0+5,3,0.35999999999999988,0.34960991464988461,0.19152985372156148,0.54783873596195987,0.1744422771214095,1.6728138847866318,1.7402435886520087,0.62354134182918197,0.581764372053031,0.62354134182918197,0.70180525366029844,0.11050193320574905
net_01020,star,6,5,0.33333333333333331,1.6666666666666667,1.4907119849998596,5,0,1,4,1,0.0025000000000000001,uncontrolled,0,none,,0,0.32316904497715332,0.10862535124118121,0.33612548271404075,0,1.3481468762712765,1.2871497589134933,0.52469796037174676,0.47989234996040969,0.52490443923957364,0.51790253650660867,0.088897204634707197
net_01021,star,6,5,0.33333333333333331,1.6666666666666667,1.4907119849998596,5,0,1,4,1,0.0025000000000000001,single_0,1,0,5,0.35999999999999999,0.32316904497715332,0.13337737000301422,0.41271703486465866,0.1042176422619296,1.3481468762712765,1.3700053207781446,0.52469796037174676,0.49626668720820538,0.5249916477775286,0.55151467151416245,0.09300894364538273
net_01022,star,6,5,0.33333333333333331,1.6666666666666667,1.4907119849998596,5,0,1,4,1,0.0025000000000000001,single_middle,1,3,1,0.35999999999999999,0.32316904497715332,0.099126751425767809,0.30673343553921029,0.17119382116588189,1.3481468762712765,1.3654498021446109,0.52469796037174676,0.48279133128999746,0.52490488290760628,0.55199401673271586,0.077748306652996202
net_01023,star,6,5,0.33333333333333331,1.6666666666666667,1.4907119849998596,5,0,1,4,1,0.0025000000000000001,two_0_last,2,0+5,3,0.35999999999999988,0.32316904497715332,0.15366068170255839,0.47548081751895993,0.16264866665720781,1.3481468762712765,1.4196587586101239,0.52469796037174676,0.57279336883129506,0.57279336883129506,0.56558213607993613,0.12657808853429703
net_01024,star,6,5,0.33333333333333331,1.6666666666666667,1.4907119849998596,5,1,1,4,1,0.0025000000000000001,uncontrolled,0,none,,0,0.206134225753065,0.11764451661753078,0.57071801729064164,0,1.794784109579757,1.7547860035170013,0.63266955188292329,0.57559806457164731,0.63266955188292329,0.71096806873051699,0.087958654693329127
net_01025,star,6,5,0.33333333333333331,1.6666666666666667,1.4907119849998596,5,1,1,4,1,0.0025000000000000001,single_0,1,0,5,0.35999999999999999,0.206134225753065,0.13532569962568228,0.65649311331633686,0.10395398223132031,1.794784109579757,1.8369875007180745,0.63266955188292329,0.59178287567514831,0.63266955188292329,0.74443727311663743,0.090739513776549152
net_01026,star,6,5,0.33333333333333331,1.6666666666666667,1.4907119849998596,5,1,1,4,1,0.0025000000000000001,single_middle,1,3,1,0.35999999999999999,0.206134225753065,0.10669075714857912,0.51757905199298393,0.17208446733132352,1.794784109579757,1.8337439738227741,0.63266955188292329,0.57848142388491508,0.63266955188292329,0.74500184042619821,0.073541947328043367
net_01027,star,6,5,0.33333333333333331,1.6666666666666667,1.4907119849998596,5,1,1,4,1,0.0025000000000000001,two_0_last,2,0+5,3,0.35999999999999988,0.206134225753065,0.13220605168095906,0.6413590523260948,0.16051994255293517,1.794784109579757,1.8723779647609147,0.63266955188292329,0.5890483508609391,0.63266955188292329,0.75810480055768192,0.097862072284251617
net_01028,star,6,5,0.33333333333333331,1.6666666666666667,1.4907119849998596,5,2,1,4,1,0.0025000000000000001,uncontrolled,0,none,,0,0.36005535716938397,0.098106422799289786,0.27247594250663165,0,1.5827033834550301,1.5218596909019655,0.625,0.52879277523027912,0.625,0.61580949300212251,0.082390259095598578
net_01029,star,6,5,0.33333333333333331,1.6666666666666667,1.4907119849998596,5,2,1,4,1,0.0025000000000000001,single_0,1,0,5,0.35999999999999999,0.36005535716938397,0.10978125683438464,0.3049010510423798,0.10415974385357141,1.5827033834550301,1.6039336358298453,0.625,0.54512817609249287,0.625,0.64940729405469522,0.083888921316324749
net_01030,star,6,5,0.33333333333333331,1.6666666666666667,1.4907119849998596,5,2,1,4,1,0.0025000000000000001,single_middle,1,3,1,0.35999999999999999,0.36005535716938397,0.11898365375723918,0.33045933462188337,0.16847671234346656,1.5827033834550301,1.6091512616825736,0.625,0.54359450134909104,0.625,0.64928336546179211,0.099962035278626862
net_01031,star,6,5,0.33333333333333331,1.6666666666666667,1.4907119849998596,5,2,1,4,1,0.0025000000000000001,two_0_last,2,0+5,3,0.35999999999999988,0.36005535716938397,0.13385203285311076,0.37175403778297789,0.16231047425986977,1.5827033834550301,1.64951830197604,0.625,0.62128271426708848,0.625,0.66341057235488277,0.11563527682655173
net_01032,star,6,5,0.33333333333333331,1.6666666666666667,1.4907119849998596,5,3,1,4,1,0.0025000000000000001,uncontrolled,0,none,,0,0.56327613121807318,0.22291321765965083,0.39574412140916665,0,1.7953272682160208,1.6063560604973621,0.69999999999999996,0.60097816272549676,0.69999999999999996,0.63005074098834613,0.18193230232553576
net_01033,star,6,5,0.33333333333333331,1.6666666666666667,1.4907119849998596,5,3,1,4,1,0.0025000000000000001,single_0,1,0,5,0.35999999999999999,0.56327613121807318,0.23848918188358564,0.42339656993428365,0.10368764829296898,1.7953272682160208,1.6861290358836452,0.69999999999999996,0.61685825793895033,0.69999999999999996,0.663325693654779,0.18394984392235333
net_01034,star,6,5,0.33333333333333331,1.6666666666666667,1.4907119849998596,5,3,1,4,1,0.0025000000000000001,single_middle,1,3,1,0.35999999999999999,0.56327613121807318,0.20869162940394065,0.37049613473350851,0.17232907543992132,1.7953272682160208,1.6772295709823024,0.69999999999999996,0.60382765980639075,0.69999999999999996,0.66413129587678366,0.16667171565666794
net_01035,star,6,5,0.33333333333333331,1.6666666666666667,1.4907119849998596,5,3,1,4,1,0.0025000000000000001,two_0_last,2,0+5,3,0.35999999999999988,0.56327613121807318,0.21838656058383074,0.38770781945184546,0.16366605771612419,1.7953272682160208,1.7113975004538815,0.69999999999999996,0.6142222204404223,0.69999999999999996,0.67765742661326278,0.1700803131342829
net_01036,star,6,5,0.33333333333333331,1.6666666666666667,1.4907119849998596,5,4,1,4,1,0.0025000000000000001,uncontrolled,0,none,,0,0.34960991464988461,0.12374532546302973,0.35395256335036712,0,1.6728138847866318,1.6173020816514583,0.62354134182918197,0.55119388477994891,0.62354134182918197,0.65406837214762259,0.090215862104080308
net_01037,star,6,5,0.33333333333333331,1.6666666666666667,1.4907119849998596,5,4,1,4,1,0.0025000000000000001,single_0,1,0,5,0.35999999999999999,0.34960991464988461,0.14589921366341102,0.41732001167507271,0.10399549593790568,1.6728138847866318,1.6998383732264455,0.62354134182918197,0.56739961684142703,0.62354134182918197,0.68754273142334166,0.094127971307428143
net_01038,star,6,5,0.33333333333333331,1.6666666666666667,1.4907119849998596,5,4,1,4,1,0.0025000000000000001,single_middle,1,3,1,0.35999999999999999,0.34960991464988461,0.16053017517448301,0.45916940123178507,0.17153342959021137,1.6728138847866318,1.7148296528353961,0.62354134182918197,0.64677155111313767,0.64677155111313767,0.68797561076769798,0.12960072799206745
net_01039,star,6,5,0.33333333333333331,1.6666666666666667,1.4907119849998596,5,4,1,4,1,0.0025000000000000001,two_0_last,2,0+5,3,0.35999999999999988,0.34960991464988461,0.12469779323656208,0.3566769362403242,0.16086147313452148,1.6728138847866318,1.7291832476853488,0.62354134182918197,0.56466544112082806,0.62354134182918197,0.70123891167208097,0.081300509036314653
net_01040,star,7,6,0.2857142857142857,1.7142857142857142,1.7496355305594131,6,0,0,4,1,0.0025000000000000001,uncontrolled,0,none,,0,0.33432446440293295,0.32655385016628102,0.97675726707427946,0,1.4764823060233399,1.4674807928142013,0.54142135623730958,0.54265081851965602,0.5442006958279233,0.52515306617927859,0.17848556438471599
net_01041,star,7,6,0.2857142857142857,1.7142857142857142,1.7496355305594131,6,0,0,4,1,0.0025000000000000001,single_0,1,0,6,0.35999999999999999,0.33432446440293295,0.50486922806036294,1.5101175110293061,0.20502142267354984,1.4764823060233399,1.5791791077088344,0.54142135623730958,0.66520875704222737,0.66520875704222737,0.55364571663929474,0.22301236267871655
net_01042,star,7,6,0.2857142857142857,1.7142857142857142,1.7496355305594131,6,0,0,4,1,0.0025000000000000001,single_middle,1,3,1,0.35999999999999999,0.33432446440293295,0.28733544699080854,0.85945085563498425,0.20940148757913626,1.4764823060233399,1.5205153755663878,0.54142135623730958,0.54265081851965602,0.5442006958279233,0.55452831405200442,0.15092829410791883
net_01043,star,7,6,0.2857142857142857,1.7142857142857142,1.7496355305594131,6,0,0,4,1,0.0025000000000000001,two_0_last,2,0+6,3.5,0.35999999999999988,0.33432446440293295,0.44721219064003331,1.3376591851831889,0.20692276543307686,1.4764823060233399,1.6206329972963274,0.54142135623730958,0.64359485650409376,0.64359485650409376,0.56575653605726939,0.23479112458433432
net_01044,star,7,6,0.2857142857142857,1.7142857142857142,1.7496355305594131,6,1,0,4,1,0.0025000000000000001,uncontrolled,0,none,,0,0.21322324082859623,0.21000330950880403,0.98489877882317434,0,1.9258115172570758,1.9109750951860502,0.64999999999999991,0.63688239928586987,0.64999999999999991,0.70679228163578445,0.14877524216170004
net_01045,star,7,6,0.2857142857142857,1.7142857142857142,1.7496355305594131,6,1,0,4,1,0.0025000000000000001,single_0,1,0,6,0.35999999999999999,0.21322324082859623,0.25578465469608141,1.1996096377772394,0.20478551366916695,1.9258115172570758,1.9885627153124408,0.64999999999999991,0.63688239928586987,0.64999999999999991,0.73518553181285207,0.15624948430642446
net_01046,star,7,6,0.2857142857142857,1.7142857142857142,1.7496355305594131,6,1,0,4,1,0.0025000000000000001,single_middle,1,3,1,0.35999999999999999,0.21322324082859623,0.19061143079316811,0.89395241368831335,0.21278691203198585,1.9258115172570758,1.9685168485688809,0.64999999999999991,0.63688239928586987,0.64999999999999991,0.73594354080052427,0.10939333772967283
net_01047,star,7,6,0.2857142857142857,1.7142857142857142,1.7496355305594131,6,1,0,4,1,0.0025000000000000001,two_0_last,2,0+6,3.5,0.35999999999999988,0.21322324082859623,0.216630615517551,1.0159803156340441,0.20487698629840007,1.9258115172570758,2.0155458436568767,0.64999999999999991,0.63688239928586987,0.64999999999999991,0.74686476146491221,0.15013148734941417
net_01048,star,7,6,0.2857142857142857,1.7142857142857142,1.7496355305594131,6,2,0,4,1,0.0025000000000000001,uncontrolled,0,none,,0,0.42010911281078717,0.41377179796276403,0.98491507407296497,0,1.8672305695869482,1.8528941206027316,0.69999999999999996,0.69641232927467489,0.70280064999750624,0.66832928768740441,0.20927369799205767
net_01049,star,7,6,0.2857142857142857,1.7142857142857142,1.7496355305594131,6,2,0,4,1,0.0025000000000000001,single_0,1,0,6,0.35999999999999999,0.42010911281078717,0.25640458379610775,0.61032854555475868,0.20708200746208288,1.8672305695869482,1.9016220813145408,0.69999999999999996,0.69641232927467489,0.70280064999750624,0.69710042864457955,0.17506059637730731
net_01050,star,7,6,0.2857142857142857,1.7142857142857142,1.7496355305594131,6,2,0,4,1,0.0025000000000000001,single_middle,1,3,1,0.35999999999999999,0.42010911281078717,0.44670349402394549,1.0633035094983434,0.20747459884068631,1.8672305695869482,1.9350389087979798,0.69999999999999996,0.69641232927467489,0.70280064999750624,0.69724696330331659,0.22081093519511902
net_01051,star,7,6,0.2857142857142857,1.7142857142857142,1.7496355305594131,6,2,0,4,1,0.0025000000000000001,two_0_last,2,0+6,3.5,0.35999999999999988,0.42010911281078717,0.33782614508736902,0.80413905527329621,0.20707042243183707,1.8672305695869482,1.9633617122241735,0.69999999999999996,0.79595511991770918,0.79595511991770918,0.70890111361608532,0.21941600762835264
net_01052,star,7,6,0.2857142857142857,1.7142857142857142,1.7496355305594131,6,3,0,4,1,0.0025000000000000001,uncontrolled,0,none,,0,0.51419840528729766,0.50145847163607882,0.97522370057896102,0,2.0519259245888968,1.9958646263992137,0.69999999999999996,0.6647521021250794,0.69999999999999996,0.6790288873395014,0.32861484142229963
net_01053,star,7,6,0.2857142857142857,1.7142857142857142,1.7496355305594131,6,3,0,4,1,0.0025000000000000001,single_0,1,0,6,0.35999999999999999,0.51419840528729766,0.65220957931954093,1.2684006263207535,0.20194523398211534,2.0519259245888968,2.0973645197307702,0.69999999999999996,0.80188203647191125,0.80188203647191125,0.70698626855111291,0.35859464604135993
net_01054,star,7,6,0.2857142857142857,1.7142857142857142,1.7496355305594131,6,3,0,4,1,0.0025000000000000001,single_middle,1,3,1,0.35999999999999999,0.51419840528729766,0.46229146075626315,0.89905269250682995,0.21255638575658276,2.0519259245888968,2.0363615207363321,0.69999999999999996,0.6647521021250794,0.69999999999999996,0.70809356924773803,0.30166033961242283
net_01055,star,7,6,0.2857142857142857,1.7142857142857142,1.7496355305594131,6,3,0,4,1,0.0025000000000000001,two_0_last,2,0+6,3.5,0.35999999999999988,0.51419840528729766,0.60216194698845271,1.1710692619748737,0.20207185753703155,2.0519259245888968,2.1341047929815771,0.69999999999999996,0.76166263781406307,0.76166263781406307,0.71851728046957331,0.36655416498855514
net_01056,star,7,6,0.2857142857142857,1.7142857142857142,1.7496355305594131,6,4,0,4,1,0.0025000000000000001,uncontrolled,0,none,,0,0.35874324407178887,0.34674039581642346,0.9665419531831978,0,1.7459071421917678,1.7330889828365645,0.62354134182918197,0.59611823584803569,0.62354134182918197,0.63202359887096715,0.17213807403228643
net_01057,star,7,6,0.2857142857142857,1.7142857142857142,1.7496355305594131,6,4,0,4,1,0.0025000000000000001,single_0,1,0,6,0.35999999999999999,0.35874324407178887,0.51826981991868071,1.4446817563342562,0.20308555255666413,1.7459071421917678,1.8390196587852445,0.62354134182918197,0.73445842445105713,0.73445842445105713,0.66016168033538924,0.21755104363800165
net_01058,star,7,6,0.2857142857142857,1.7142857142857142,1.7496355305594131,6,4,0,4,1,0.0025000000000000001,single_middle,1,3,1,0.35999999999999999,0.35874324407178887,0.34886351054805265,0.9724601544781728,0.21097485475748654,1.7459071421917678,1.8336991030355676,0.62354134182918197,0.69384370410615515,0.69384370410615515,0.66115754880414246,0.20789670171524141
net_01059,star,7,6,0.2857142857142857,1.7142857142857142,1.7496355305594131,6,4,0,4,1,0.0025000000000000001,two_0_last,2,0+6,3.5,0.35999999999999988,0.35874324407178887,0.44196949777032707,1.2319939262239699,0.20362236423821675,1.7459071421917678,1.8478883465889326,0.62354134182918197,0.69386399212139527,0.69386399212139527,0.67144801404467747,0.19227743813391424
net_01060,star,7,6,0.2857142857142857,1.7142857142857142,1.7496355305594131,6,0,0.25,4,1,0.0025000000000000001,uncontrolled,0,none,,0,0.33432446440293295,0.19666921241941646,0.58825851338951884,0,1.4764823060233399,1.4374259063364905,0.54142135623730958,0.53475927918542965,0.54268182626790162,0.52500110000013234,0.13980095605530349
net_01061,star,7,6,0.2857142857142857,1.7142857142857142,1.7496355305594131,6,0,0.25,4,1,0.0025000000000000001,single_0,1,0,6,0.35999999999999999,0.33432446440293295,0.29536164645634233,0.8834580711400406,0.14952068065321636,1.4764823060233399,1.524141204988813,0.54142135623730958,0.54159807136787863,0.543833508865599,0.55366702529342049,0.15909394729615142
net_01062,star,7,6,0.2857142857142857,1.7142857142857142,1.7496355305594131,6,0,0.25,4,1,0.0025000000000000001,single_middle,1,3,1,0.35999999999999999,0.33432446440293295,0.16860254239610495,0.50430812084664733,0.1973982860454207,1.4764823060233399,1.4983053778042816,0.54142135623730958,0.53505836952959052,0.54268900430024947,0.55427835147213433,0.11609575406445646
net_01063,star,7,6,0.2857142857142857,1.7142857142857142,1.7496355305594131,6,0,0.25,4,1,0.0025000000000000001,two_0_last,2,0+6,3.5,0.35999999999999988,0.33432446440293295,0.27642014189475517,0.82680201817839272,0.18428146465516337,1.4764823060233399,1.5745069550356128,0.54142135623730958,0.63456837118324727,0.63456837118324727,0.56572445531767068,0.18468623432505815
net_01064,star,7,6,0.2857142857142857,1.7142857142857142,1.7496355305594131,6,1,0.25,4,1,0.0025000000000000001,uncontrolled,0,none,,0,0.21322324082859623,0.17506106478205397,0.82102243686831633,0,1.9258115172570758,1.8995762187400242,0.64999999999999991,0.61746743815028793,0.64999999999999991,0.70596423572011446,0.13076221384714845
net_01065,star,7,6,0.2857142857142857,1.7142857142857142,1.7496355305594131,6,1,0.25,4,1,0.0025000000000000001,single_0,1,0,6,0.35999999999999999,0.21322324082859623,0.20941849602096063,0.98215605019016605,0.14911724205263954,1.9258115172570758,1.9762911780928705,0.64999999999999991,0.6242129201739548,0.64999999999999991,0.73450395199753793,0.13588568310358526
net_01066,star,7,6,0.2857142857142857,1.7142857142857142,1.7496355305594131,6,1,0.25,4,1,0.0025000000000000001,single_middle,1,3,1,0.35999999999999999,0.21322324082859623,0.14855482509806323,0.69671028599308271,0.20040197007720106,1.9258115172570758,1.9604796670294991,0.64999999999999991,0.6177659433130791,0.64999999999999991,0.7351572293379649,0.09280352664248892
net_01067,star,7,6,0.2857142857142857,1.7142857142857142,1.7496355305594131,6,1,0.25,4,1,0.0025000000000000001,two_0_last,2,0+6,3.5,0.35999999999999988,0.21322324082859623,0.1854544526300001,0.86976659724950611,0.18204514821062584,1.9258115172570758,2.0053517247565638,0.64999999999999991,0.6224451388102098,0.64999999999999991,0.74617320937876641,0.13310271609435828
net_01068,star,7,6,0.2857142857142857,1.7142857142857142,1.7496355305594131,6,2,0.25,4,1,0.0025000000000000001,uncontrolled,0,none,,0,0.42010911281078717,0.22526274827049339,0.53620057599643034,0,1.8672305695869482,1.8145634528155656,0.69999999999999996,0.65272603683525621,0.69999999999999996,0.66796145088135028,0.15557865500369805
net_01069,star,7,6,0.2857142857142857,1.7142857142857142,1.7496355305594131,6,2,0.25,4,1,0.0025000000000000001,single_0,1,0,6,0.35999999999999999,0.42010911281078717,0.17002455670370972,0.40471523116016539,0.15008867333131665,1.8672305695869482,1.8834741479498784,0.69999999999999996,0.65954658124225485,0.69999999999999996,0.69674293934295883,0.14605273085218096
net_01070,star,7,6,0.2857142857142857,1.7142857142857142,1.7496355305594131,6,2,0.25,4,1,0.0025000000000000001,single_middle,1,3,1,0.35999999999999999,0.42010911281078717,0.24590335385546624,0.58533211100854787,0.19581541928430504,1.8672305695869482,1.8940410927004532,0.69999999999999996,0.65302318482473154,0.69999999999999996,0.69687515377683062,0.16385830166752408
net_01071,star,7,6,0.2857142857142857,1.7142857142857142,1.7496355305594131,6,2,0.25,4,1,0.0025000000000000001,two_0_last,2,0+6,3.5,0.35999999999999988,0.42010911281078717,0.21524097685265514,0.51234541286800761,0.1837765449546887,1.8672305695869482,1.9356938920682034,0.69999999999999996,0.75144709797178721,0.75144709797178721,0.7086158706154847,0.18203440772602786
net_01072,star,7,6,0.2857142857142857,1.7142857142857142,1.7496355305594131,6,3,0.25,4,1,0.0025000000000000001,uncontrolled,0,none,,0,0.51419840528729766,0.35417443081613531,0.68878943842357454,0,2.0519259245888968,1.937757178937999,0.69999999999999996,0.65700182006116736,0.69999999999999996,0.67818017070746284,0.27656166373629926
net_01073,star,7,6,0.2857142857142857,1.7142857142857142,1.7496355305594131,6,3,0.25,4,1,0.0025000000000000001,single_0,1,0,6,0.35999999999999999,0.51419840528729766,0.42665041673738885,0.82973889524026589,0.14788190643469787,2.0519259245888968,2.0182596120499614,0.69999999999999996,0.66360356678481813,0.69999999999999996,0.7063346279907684,0.28810008547131694
net_01074,star,7,6,0.2857142857142857,1.7142857142857142,1.7496355305594131,6,3,0.25,4,1,0.0025000000000000001,single_middle,1,3,1,0.35999999999999999,0.51419840528729766,0.32634853448773971,0.63467434191165817,0.20011337606515531,2.0519259245888968,1.9876948462786448,0.69999999999999996,0.65729567137557487,0.69999999999999996,0.70738686932185468,0.25302668456109612
net_01075,star,7,6,0.2857142857142857,1.7142857142857142,1.7496355305594131,6,3,0.25,4,1,0.0025000000000000001,two_0_last,2,0+6,3.5,0.35999999999999988,0.51419840528729766,0.41203752150351053,0.80132010769907613,0.17994547724532109,2.0519259245888968,2.0630270380142992,0.69999999999999996,0.75296654196985879,0.75296654196985879,0.7178258783363809,0.30452835155655622
net_01076,star,7,6,0.2857142857142857,1.7142857142857142,1.7496355305594131,6,4,0.25,4,1,0.0025000000000000001,uncontrolled,0,none,,0,0.35874324407178887,0.21490381251087032,0.59904629860532077,0,1.7459071421917678,1.7064955070117074,0.62354134182918197,0.58060627100891637,0.62354134182918197,0.63110165303292232,0.13314966886120166
net_01077,star,7,6,0.2857142857142857,1.7142857142857142,1.7496355305594131,6,4,0.25,4,1,0.0025000000000000001,single_0,1,0,6,0.35999999999999999,0.35874324407178887,0.30792495258649638,0.85834355817130559,0.14851008974680616,1.7459071421917678,1.7911216996496921,0.62354134182918197,0.60329964458198382,0.62354134182918197,0.65945601913467833,0.15303652913382787
net_01078,star,7,6,0.2857142857142857,1.7142857142857142,1.7496355305594131,6,4,0.25,4,1,0.0025000000000000001,single_middle,1,3,1,0.35999999999999999,0.35874324407178887,0.23952367219896264,0.66767437758641401,0.19877669442949578,1.7459071421917678,1.8066919816584792,0.62354134182918197,0.68548936025709273,0.68548936025709273,0.66019762137749127,0.17448275464582255
net_01079,star,7,6,0.2857142857142857,1.7142857142857142,1.7496355305594131,6,4,0.25,4,1,0.0025000000000000001,two_0_last,2,0+6,3.5,0.35999999999999988,0.35874324407178887,0.26164107764457334,0.72932684299475137,0.18126883707645275,1.7459071421917678,1.8119741966214871,0.62354134182918197,0.58559594677606863,0.62354134182918197,0.6707916137796941,0.13811008311277331
net_01080,star,7,6,0.2857142857142857,1.7142857142857142,1.7496355305594131,6,0,0.5,4,1,0.0025000000000000001,uncontrolled,0,none,,0,0.33432446440293295,0.14840594342456806,0.44389794713230124,0,1.4764823060233399,1.4241537143364651,0.54142135623730958,0.52052079874320734,0.54192073951915787,0.52482547965349613,0.11959533758452437
net_01081,star,7,6,0.2857142857142857,1.7142857142857142,1.7496355305594131,6,0,0.5,4,1,0.0025000000000000001,single_0,1,0,6,0.35999999999999999,0.33432446440293295,0.20100608788031238,0.60123056875089098,0.12000433300351898,1.4764823060233399,1.5033589207289246,0.54142135623730958,0.53134952927016277,0.54226086042078769,0.55357256758277362,0.12816837779930998
net_01082,star,7,6,0.2857142857142857,1.7142857142857142,1.7496355305594131,6,0,0.5,4,1,0.0025000000000000001,single_middle,1,3,1,0.35999999999999999,0.33432446440293295,0.12757966027353507,0.38160432112372761,0.18715062792842843,1.4764823060233399,1.489137658032414,0.54142135623730958,0.5214870756092137,0.54192257953203216,0.55404339280066528,0.099126468159011411
net_01083,star,7,6,0.2857142857142857,1.7142857142857142,1.7496355305594131,6,0,0.5,4,1,0.0025000000000000001,two_0_last,2,0+6,3.5,0.35999999999999988,0.33432446440293295,0.2051541609614107,0.61363789613121389,0.17149928101032891,1.4764823060233399,1.5541137083547611,0.54142135623730958,0.61796962100009378,0.61796962100009378,0.56561310761504713,0.15849385114460224
net_01084,star,7,6,0.2857142857142857,1.7142857142857142,1.7496355305594131,6,1,0.5,4,1,0.0025000000000000001,uncontrolled,0,none,,0,0.21322324082859623,0.15104746707413558,0.70840057813190316,0,1.9258115172570758,1.8913006797915204,0.64999999999999991,0.60179796813381559,0.64999999999999991,0.70547946603278022,0.1153313997775794
net_01085,star,7,6,0.2857142857142857,1.7142857142857142,1.7496355305594131,6,1,0.5,4,1,0.0025000000000000001,single_0,1,0,6,0.35999999999999999,0.21322324082859623,0.17550603267859799,0.8231093008274929,0.1196518280741094,1.9258115172570758,1.9674649121461874,0.64999999999999991,0.6124744050626747,0.64999999999999991,0.73408909049200255,0.11874981568152669
net_01086,star,7,6,0.2857142857142857,1.7142857142857142,1.7496355305594131,6,1,0.5,4,1,0.0025000000000000001,single_middle,1,3,1,0.35999999999999999,0.21322324082859623,0.12361759829214117,0.57975668042450235,0.18981485551519239,1.9258115172570758,1.9552932701917594,0.64999999999999991,0.60276198251374169,0.64999999999999991,0.73469243407483087,0.079965138519936904
net_01087,star,7,6,0.2857142857142857,1.7142857142857142,1.7496355305594131,6,1,0.5,4,1,0.0025000000000000001,two_0_last,2,0+6,3.5,0.35999999999999988,0.21322324082859623,0.16059885258234791,0.75319581466941732,0.16930298448969355,1.9258115172570758,1.9976300529714681,0.64999999999999991,0.61001679087611371,0.64999999999999991,0.74576648958393865,0.11792990026181725
net_01088,star,7,6,0.2857142857142857,1.7142857142857142,1.7496355305594131,6,2,0.5,4,1,0.0025000000000000001,uncontrolled,0,none,,0,0.42010911281078717,0.15867641159917659,0.37770285566417316,0,1.8672305695869482,1.8005022279168488,0.69999999999999996,0.624162822334415,0.69999999999999996,0.66783265247028945,0.13082437016037862
net_01089,star,7,6,0.2857142857142857,1.7142857142857142,1.7496355305594131,6,2,0.5,4,1,0.0025000000000000001,single_0,1,0,6,0.35999999999999999,0.42010911281078717,0.15106743341018192,0.35959094626500315,0.12006414793401471,1.8672305695869482,1.8744312746534955,0.69999999999999996,0.63494326227548048,0.69999999999999996,0.69658858642254207,0.12919696605241335
net_01090,star,7,6,0.2857142857142857,1.7142857142857142,1.7496355305594131,6,2,0.5,4,1,0.0025000000000000001,single_middle,1,3,1,0.35999999999999999,0.42010911281078717,0.17238342647269439,0.41033012904515148,0.18580002737869505,1.8672305695869482,1.8792487003084086,0.69999999999999996,0.62512161532378374,0.69999999999999996,0.69673821001550051,0.13808214146536091
net_01091,star,7,6,0.2857142857142857,1.7142857142857142,1.7496355305594131,6,2,0.5,4,1,0.0025000000000000001,two_0_last,2,0+6,3.5,0.35999999999999988,0.42010911281078717,0.18026555722032034,0.42909223276361086,0.17085259567511707,1.8672305695869482,1.9224258398803684,0.69999999999999996,0.72069198280926972,0.72069198280926972,0.70850065557453423,0.16120477536037661
net_01092,star,7,6,0.2857142857142857,1.7142857142857142,1.7496355305594131,6,3,0.5,4,1,0.0025000000000000001,uncontrolled,0,none,,0,0.51419840528729766,0.29160337670765557,0.5671028414503313,0,2.0519259245888968,1.9040209587713501,0.69999999999999996,0.64139780157787218,0.69999999999999996,0.67787825735782037,0.24162050789593967
net_01093,star,7,6,0.2857142857142857,1.7142857142857142,1.7496355305594131,6,3,0.5,4,1,0.0025000000000000001,single_0,1,0,6,0.35999999999999999,0.51419840528729766,0.32579863938926362,0.63360491988929923,0.11896077192418802,2.0519259245888968,1.9787105842547343,0.69999999999999996,0.65186732778309686,0.69999999999999996,0.70617289233919234,0.24626771121769359
net_01094,star,7,6,0.2857142857142857,1.7142857142857142,1.7496355305594131,6,3,0.5,4,1,0.0025000000000000001,single_middle,1,3,1,0.35999999999999999,0.51419840528729766,0.26990540945433134,0.52490518577848821,0.18949843382475798,2.0519259245888968,1.9597026691838346,0.69999999999999996,0.64234815972261838,0.69999999999999996,0.70710896064468265,0.22052307169164248
net_01095,star,7,6,0.2857142857142857,1.7142857142857142,1.7496355305594131,6,3,0.5,4,1,0.0025000000000000001,two_0_last,2,0+6,3.5,0.35999999999999988,0.51419840528729766,0.32887031334036981,0.63957863338105914,0.16749659341889031,2.0519259245888968,2.0242101049747632,0.69999999999999996,0.7352386346422094,0.73534562572535822,0.71765461899835814,0.26517635207380436
net_01096,star,7,6,0.2857142857142857,1.7142857142857142,1.7496355305594131,6,4,0.5,4,1,0.0025000000000000001,uncontrolled,0,none,,0,0.35874324407178887,0.16458508657364709,0.45878240020796496,0,1.7459071421917678,1.6946326623695447,0.62354134182918197,0.56930870275841294,0.62354134182918197,0.63036487681714826,0.11355345808208606
net_01097,star,7,6,0.2857142857142857,1.7142857142857142,1.7496355305594131,6,4,0.5,4,1,0.0025000000000000001,single_0,1,0,6,0.35999999999999999,0.35874324407178887,0.21328341847721843,0.59452943575025996,0.11940248145869055,1.7459071421917678,1.7729494164233777,0.62354134182918197,0.58002494705162655,0.62354134182918197,0.65884031549577993,0.12239030303438711
net_01098,star,7,6,0.2857142857142857,1.7142857142857142,1.7496355305594131,6,4,0.5,4,1,0.0025000000000000001,single_middle,1,3,1,0.35999999999999999,0.35874324407178887,0.1980470915941149,0.55205803835147149,0.18838193598592318,1.7459071421917678,1.7922094403003197,0.62354134182918197,0.67074278681109234,0.67074278681109234,0.65944079327546912,0.15490990886462494
net_01099,star,7,6,0.2857142857142857,1.7142857142857142,1.7496355305594131,6,4,0.5,4,1,0.0025000000000000001,two_0_last,2,0+6,3.5,0.35999999999999988,0.35874324407178887,0.184863399468501,0.51530837868965584,0.16867776182828229,1.7459071421917678,1.7982038113985874,0.62354134182918197,0.57755611386553407,0.62354134182918197,0.67022483436703084,0.11283847311989909
net_01100,star,7,6,0.2857142857142857,1.7142857142857142,1.7496355305594131,6,0,1,4,1,0.0025000000000000001,uncontrolled,0,none,,0,0.33432446440293295,0.10968162620437889,0.32806939928927525,0,1.4764823060233399,1.4091510112363987,0.54142135623730958,0.48991281681486643,0.54156682117657251,0.5245415078796265,0.092350278867348035
net_01101,star,7,6,0.2857142857142857,1.7142857142857142,1.7496355305594131,6,0,1,4,1,0.0025000000000000001,single_0,1,0,6,0.35999999999999999,0.33432446440293295,0.1276674092691733,0.38186678769432375,0.095254306700193178,1.4764823060233399,1.4853518770258651,0.54142135623730958,0.50474229496244805,0.54161269675640245,0.55335132882205451,0.094782719055084313
net_01102,star,7,6,0.2857142857142857,1.7142857142857142,1.7496355305594131,6,0,1,4,1,0.0025000000000000001,single_middle,1,3,1,0.35999999999999999,0.33432446440293295,0.09636758960641259,0.28824570100939101,0.16993824599819435,1.4764823060233399,1.4789577715053239,0.54142135623730958,0.49257891955087485,0.54156698496642863,0.55368517217655877,0.076853479035198347
net_01103,star,7,6,0.2857142857142857,1.7142857142857142,1.7496355305594131,6,0,1,4,1,0.0025000000000000001,two_0_last,2,0+6,3.5,0.35999999999999988,0.33432446440293295,0.14826869405961518,0.44348741969693095,0.15696931636452296,1.4764823060233399,1.5321498619571057,0.54142135623730958,0.58141820397536681,0.58141820397536681,0.56538815782186069,0.12526361714331985
net_01104,star,7,6,0.2857142857142857,1.7142857142857142,1.7496355305594131,6,1,1,4,1,0.0025000000000000001,uncontrolled,0,none,,0,0.21322324082859623,0.11748977356240556,0.55101767099043419,0,1.9258115172570758,1.8802161847246721,0.64999999999999991,0.57730592347202936,0.64999999999999991,0.70495659629808283,0.089814318498424722
net_01105,star,7,6,0.2857142857142857,1.7142857142857142,1.7496355305594131,6,1,1,4,1,0.0025000000000000001,single_0,1,0,6,0.35999999999999999,0.21322324082859623,0.13057494178585782,0.61238606672723406,0.094995776229212611,1.9258115172570758,1.9560556110822103,0.64999999999999991,0.59192974235774187,0.64999999999999991,0.73363623525604349,0.091494475931278074
net_01106,star,7,6,0.2857142857142857,1.7142857142857142,1.7496355305594131,6,1,1,4,1,0.0025000000000000001,single_middle,1,3,1,0.35999999999999999,0.21322324082859623,0.093916333722660658,0.44046011756362519,0.17204052092320277,1.9258115172570758,1.9489440674195027,0.64999999999999991,0.57996507280779674,0.64999999999999991,0.73416440062336819,0.060239294165602676
net_01107,star,7,6,0.2857142857142857,1.7142857142857142,1.7496355305594131,6,1,1,4,1,0.0025000000000000001,two_0_last,2,0+6,3.5,0.35999999999999988,0.21322324082859623,0.12464157947790254,0.58455907054755896,0.15499514129498823,1.9258115172570758,1.9872121662765738,0.64999999999999991,0.58949245290949448,0.64999999999999991,0.74534289974172041,0.092782330853193137
net_01108,star,7,6,0.2857142857142857,1.7142857142857142,1.7496355305594131,6,2,1,4,1,0.0025000000000000001,uncontrolled,0,none,,0,0.42010911281078717,0.11437171406823593,0.2722428782918303,0,1.8672305695869482,1.7864723097925772,0.69999999999999996,0.58630507054275383,0.69999999999999996,0.66770182564627967,0.10050104324689638
net_01109,star,7,6,0.2857142857142857,1.7142857142857142,1.7496355305594131,6,2,1,4,1,0.0025000000000000001,single_0,1,0,6,0.35999999999999999,0.42010911281078717,0.12348193840341669,0.29392825491750685,0.095046286538359434,1.8672305695869482,1.862071974734576,0.69999999999999996,0.60104382348883834,0.69999999999999996,0.69644362362503132,0.10147201787134225
net_01110,star,7,6,0.2857142857142857,1.7142857142857142,1.7496355305594131,6,2,1,4,1,0.0025000000000000001,single_middle,1,3,1,0.35999999999999999,0.42010911281078717,0.1241489140405295,0.29551587969586579,0.16888162769005488,1.8672305695869482,1.864990531785637,0.69999999999999996,0.58894776303839369,0.69999999999999996,0.69658579961426514,0.1079465807573078
net_01111,star,7,6,0.2857142857142857,1.7142857142857142,1.7496355305594131,6,2,1,4,1,0.0025000000000000001,two_0_last,2,0+6,3.5,0.35999999999999988,0.42010911281078717,0.14641188503028835,0.34850918622236782,0.15633412312142114,1.8672305695869482,1.9053552872022119,0.69999999999999996,0.67706104372736353,0.69999999999999996,0.70839011762802184,0.12964945000055519
net_01112,star,7,6,0.2857142857142857,1.7142857142857142,1.7496355305594131,6,3,1,4,1,0.0025000000000000001,uncontrolled,0,none,,0,0.51419840528729766,0.22493844454363701,0.43745457440296287,0,2.0519259245888968,1.8611573497306129,0.69999999999999996,0.60721343613074996,0.69999999999999996,0.67781179555040316,0.18818868538382555
net_01113,star,7,6,0.2857142857142857,1.7142857142857142,1.7496355305594131,6,3,1,4,1,0.0025000000000000001,single_0,1,0,6,0.35999999999999999,0.51419840528729766,0.23514533355473632,0.45730467293719779,0.094575492644796505,2.0519259245888968,1.9344034905028136,0.69999999999999996,0.62158985212381446,0.69999999999999996,0.70624822345969007,0.18913751312195037
net_01114,star,7,6,0.2857142857142857,1.7142857142857142,1.7496355305594131,6,3,1,4,1,0.0025000000000000001,single_middle,1,3,1,0.35999999999999999,0.51419840528729766,0.2090365020970332,0.40652888057915776,0.17171067036618706,2.0519259245888968,1.9243196123028123,0.69999999999999996,0.60983930557716881,0.69999999999999996,0.70700995341865081,0.17069791640788179
net_01115,star,7,6,0.2857142857142857,1.7142857142857142,1.7496355305594131,6,3,1,4,1,0.0025000000000000001,two_0_last,2,0+6,3.5,0.35999999999999988,0.51419840528729766,0.24852748926085069,0.48332994950070124,0.15353122429746374,2.0519259245888968,1.9771090853323121,0.69999999999999996,0.69559764365913535,0.71204650947235859,0.71775809377798205,0.20795726450298535
net_01116,star,7,6,0.2857142857142857,1.7142857142857142,1.7496355305594131,6,4,1,4,1,0.0025000000000000001,uncontrolled,0,none,,0,0.35874324407178887,0.12351474174357259,0.34429844682693395,0,1.7459071421917678,1.6810195696993531,0.62354134182918197,0.54354081101062746,0.62354134182918197,0.62929176401122322,0.087643697471800786
net_01117,star,7,6,0.2857142857142857,1.7142857142857142,1.7496355305594131,6,4,1,4,1,0.0025000000000000001,single_0,1,0,6,0.35999999999999999,0.35874324407178887,0.13972109705612246,0.3894738071448185,0.094924169644474046,1.7459071421917678,1.7568559135748421,0.62354134182918197,0.55823268267364667,0.62354134182918197,0.65788249153928491,0.0901404399061599
net_01118,star,7,6,0.2857142857142857,1.7142857142857142,1.7496355305594131,6,4,1,4,1,0.0025000000000000001,single_middle,1,3,1,0.35999999999999999,0.35874324407178887,0.15784573736214366,0.43999640403139362,0.1709530231160542,1.7459071421917678,1.7733254309346298,0.62354134182918197,0.63883614331606986,0.63883614331606986,0.65834317439048229,0.12579628494045048
net_01119,star,7,6,0.2857142857142857,1.7142857142857142,1.7496355305594131,6,4,1,4,1,0.0025000000000000001,two_0_last,2,0+6,3.5,0.35999999999999988,0.35874324407178887,0.12706716879259644,0.35420086898464004,0.15449026849161243,1.7459071421917678,1.7852297288694701,0.62354134182918197,0.55577777670394557,0.62354134182918197,0.66936252085697789,0.085123351289512664
net_01120,star,8,7,0.25,1.75,1.984313483298443,7,0,0,4,1,0.0025000000000000001,uncontrolled,0,none,,0,0.3416685035442385,0.33390161593173484,0.97726776822582351,0,1.5945218719101972,1.5845606361797131,0.55320888862379558,0.5532929659978908,0.55547572642114484,0.53006986797046896,0.18132839349106855
net_01121,star,8,7,0.25,1.75,1.984313483298443,7,0,0,4,1,0.0025000000000000001,single_0,1,0,7,0.35999999999999999,0.3416685035442385,0.51282195895968774,1.5009342495431062,0.20505805576128028,1.5945218719101972,1.6905206805285309,0.55320888862379558,0.67709596802607974,0.67709596802607974,0.55501094917922356,0.22180028787855144
net_01122,star,8,7,0.25,1.75,1.984313483298443,7,0,0,4,1,0.0025000000000000001,single_middle,1,4,1,0.35999999999999999,0.3416685035442385,0.30144601293437367,0.88227627014891963,0.21024089020583545,1.5945218719101972,1.6363282420531107,0.55320888862379558,0.5532929659978908,0.55547572642114484,0.55580869637144237,0.16053958236352731
net_01123,star,8,7,0.25,1.75,1.984313483298443,7,0,0,4,1,0.0025000000000000001,two_0_last,2,0+7,4,0.35999999999999988,0.3416685035442385,0.45551714090235351,1.3332137325422919,0.20679475051657578,1.5945218719101972,1.7299255546931287,0.55320888862379558,0.65404597855784385,0.65404597855784385,0.56558517867343505,0.23279542255482588
net_01124,star,8,7,0.25,1.75,1.984313483298443,7,1,0,4,1,0.0025000000000000001,uncontrolled,0,none,,0,0.22673060718357882,0.22346081053583439,0.98557849472393044,0,2.0484750425621492,2.0325522886051468,0.63944620863753399,0.62315800229311136,0.63944620863753399,0.70238611647777727,0.15186291225483195
net_01125,star,8,7,0.25,1.75,1.984313483298443,7,1,0,4,1,0.0025000000000000001,single_0,1,0,7,0.35999999999999999,0.22673060718357882,0.2334919305457385,1.0298209555654971,0.20483377782845899,2.0484750425621492,2.1017014193902224,0.63944620863753399,0.62315800229311136,0.63944620863753399,0.72720943999977539,0.15267625030951176
net_01126,star,8,7,0.25,1.75,1.984313483298443,7,1,0,4,1,0.0025000000000000001,single_middle,1,4,1,0.35999999999999999,0.22673060718357882,0.22159351351910409,0.97734274287760659,0.21226145115985001,2.0484750425621492,2.0922984827233932,0.63944620863753399,0.62315800229311136,0.63944620863753399,0.72795481716008659,0.13151388434021616
net_01127,star,8,7,0.25,1.75,1.984313483298443,7,1,0,4,1,0.0025000000000000001,two_0_last,2,0+7,4,0.35999999999999988,0.22673060718357882,0.20350455185540606,0.89756100591497501,0.20492000807024657,2.0484750425621492,2.1256161035100027,0.63944620863753399,0.62315800229311136,0.63944620863753399,0.73741065429269326,0.14493448303717421
net_01128,star,8,7,0.25,1.75,1.984313483298443,7,2,0,4,1,0.0025000000000000001,uncontrolled,0,none,,0,0.48021246273261459,0.47168520640769429,0.98224274256358002,0,2.1655022512110209,2.1448932980583728,0.77500000000000002,0.7667011952049243,0.77746840624843294,0.71971810618341969,0.23890741959746026
net_01129,star,8,7,0.25,1.75,1.984313483298443,7,2,0,4,1,0.0025000000000000001,single_0,1,0,7,0.35999999999999999,0.48021246273261459,0.3109365752607034,0.64749792933598826,0.20711337503403296,2.1655022512110209,2.1871384421765714,0.77500000000000002,0.7667011952049243,0.77746840624843294,0.7449028191363819,0.2075249640368371
net_01130,star,8,7,0.25,1.75,1.984313483298443,7,2,0,4,1,0.0025000000000000001,single_middle,1,4,1,0.35999999999999999,0.48021246273261459,0.50200290883496368,1.0453766776029763,0.20541493568347441,2.1655022512110209,2.2242088371737658,0.77500000000000002,0.7667011952049243,0.77746840624843294,0.74471737490441936,0.25255524234453025
net_01131,star,8,7,0.25,1.75,1.984313483298443,7,2,0,4,1,0.0025000000000000001,two_0_last,2,0+7,4,0.35999999999999988,0.48021246273261459,0.38886220803125199,0.8097711704907854,0.20653841530682543,2.1655022512110209,2.2470312595292294,0.77500000000000002,0.86541017335964721,0.86541017335964721,0.7551258305988463,0.2468373252267404
net_01132,star,8,7,0.25,1.75,1.984313483298443,7,3,0,4,1,0.0025000000000000001,uncontrolled,0,none,,0,0.54970121754588519,0.5360816555878587,0.97522370057896113,0,2.0730653631759899,2.0182225044650277,0.69999999999999996,0.6647521021250794,0.69999999999999996,0.63159742055078372,0.33202026752102409
net_01133,star,8,7,0.25,1.75,1.984313483298443,7,3,0,4,1,0.0025000000000000001,single_0,1,0,7,0.35999999999999999,0.54970121754588519,0.69305089540186515,1.2607774428733445,0.20194523398211534,2.0730653631759899,2.1186515521064102,0.69999999999999996,0.80188203647191125,0.80188203647191125,0.6560601291109438,0.36148396492278057
net_01134,star,8,7,0.25,1.75,1.984313483298443,7,3,0,4,1,0.0025000000000000001,single_middle,1,4,1,0.35999999999999999,0.54970121754588519,0.54148824914473681,0.98505921373466343,0.20194523398211534,2.0730653631759899,2.1186515521064098,0.69999999999999996,0.80188203647191125,0.80188203647191125,0.6560601291109438,0.36148396492278057
net_01135,star,8,7,0.25,1.75,1.984313483298443,7,3,0,4,1,0.0025000000000000001,two_0_last,2,0+7,4,0.35999999999999988,0.54970121754588519,0.62054466062933411,1.1288762710035938,0.20740509843973368,2.0730653631759899,2.1130314209000782,0.69999999999999996,0.76166263781406307,0.76166263781406307,0.66676099184066417,0.33696068461102252
net_01136,star,8,7,0.25,1.75,1.984313483298443,7,4,0,4,1,0.0025000000000000001,uncontrolled,0,none,,0,0.33236350748776478,0.32123481431012513,0.96651650097882869,0,1.9429450430923862,1.9220481776354115,0.62354134182918197,0.59611823584803569,0.62354134182918197,0.65690398011017592,0.17395634670617924
net_01137,star,8,7,0.25,1.75,1.984313483298443,7,4,0,4,1,0.0025000000000000001,single_0,1,0,7,0.35999999999999999,0.33236350748776478,0.48783096612575727,1.4677633227941418,0.20308555255666413,1.9429450430923862,2.0180845076757135,0.62354134182918197,0.73445842445105713,0.73445842445105713,0.68152480139154525,0.21120388278463442
net_01138,star,8,7,0.25,1.75,1.984313483298443,7,4,0,4,1,0.0025000000000000001,single_middle,1,4,1,0.35999999999999999,0.33236350748776478,0.32825695257277682,0.98764438687620015,0.20721976532299313,1.9429450430923862,2.0174708107140584,0.62354134182918197,0.72666279553724389,0.72666279553724389,0.68213019553074572,0.20849929341748752
net_01139,star,8,7,0.25,1.75,1.984313483298443,7,4,0,4,1,0.0025000000000000001,two_0_last,2,0+7,4,0.35999999999999988,0.33236350748776478,0.4310218359669612,1.2968386307658288,0.20336199074139424,1.9429450430923862,2.0504585796588284,0.62354134182918197,0.69386399212139527,0.69386399212139527,0.69170365209472551,0.21701061273790637
net_01140,star,8,7,0.25,1.75,1.984313483298443,7,0,0.25,4,1,0.0025000000000000001,uncontrolled,0,none,,0,0.3416685035442385,0.19205701291770513,0.562115064530196,0,1.5945218719101972,1.552141048629444,0.55320888862379558,0.54449755767765329,0.55418182469398192,0.52993661416988114,0.14251285667344618
net_01141,star,8,7,0.25,1.75,1.984313483298443,7,0,0.25,4,1,0.0025000000000000001,single_0,1,0,7,0.35999999999999999,0.3416685035442385,0.28201603444188167,0.8254083461496674,0.14252543744207599,1.5945218719101972,1.6318838902606791,0.55320888862379558,0.55109119597216161,0.55492890109055815,0.55503586845180763,0.15753035784726979
net_01142,star,8,7,0.25,1.75,1.984313483298443,7,0,0.25,4,1,0.0025000000000000001,single_middle,1,4,1,0.35999999999999999,0.3416685035442385,0.17073628116284839,0.49971325829494212,0.19812144919767208,1.5945218719101972,1.6109074813105075,0.55320888862379558,0.54478900393963259,0.55418597521233681,0.55560948666380094,0.12520368403908055
net_01143,star,8,7,0.25,1.75,1.984313483298443,7,0,0.25,4,1,0.0025000000000000001,two_0_last,2,0+7,4,0.35999999999999988,0.3416685035442385,0.26589499398611072,0.7782250667764089,0.1808128030432416,1.5945218719101972,1.6803779310240126,0.55320888862379558,0.6439598283996385,0.6439598283996385,0.56556316802355788,0.18192595158257235
net_01144,star,8,7,0.25,1.75,1.984313483298443,7,1,0.25,4,1,0.0025000000000000001,uncontrolled,0,none,,0,0.22673060718357882,0.17545540160049772,0.77384965258984784,0,2.0484750425621492,2.0189123367394046,0.63944620863753399,0.60309859722236936,0.63944620863753399,0.70149401431023306,0.13193568818456597
net_01145,star,8,7,0.25,1.75,1.984313483298443,7,1,0.25,4,1,0.0025000000000000001,single_0,1,0,7,0.35999999999999999,0.22673060718357882,0.19790989649599774,0.87288566353882002,0.14209428886540748,2.0484750425621492,2.0897273017105853,0.63944620863753399,0.60959786171956398,0.63944620863753399,0.72646714948303792,0.13459385261338913
net_01146,star,8,7,0.25,1.75,1.984313483298443,7,1,0.25,4,1,0.0025000000000000001,single_middle,1,4,1,0.35999999999999999,0.22673060718357882,0.16336620322987627,0.7205299948656787,0.199916509347803,2.0484750425621492,2.0805425434132223,0.63944620863753399,0.60338838923503235,0.63944620863753399,0.72706357719503389,0.11162756866207324
net_01147,star,8,7,0.25,1.75,1.984313483298443,7,1,0.25,4,1,0.0025000000000000001,two_0_last,2,0+7,4,0.35999999999999988,0.22673060718357882,0.17585171372848796,0.77559759537054773,0.17871516633991691,2.0484750425621492,2.1151700947743741,0.63944620863753399,0.6078962931293771,0.63944620863753399,0.73666116402147974,0.12873770096983181
net_01148,star,8,7,0.25,1.75,1.984313483298443,7,2,0.25,4,1,0.0025000000000000001,uncontrolled,0,none,,0,0.48021246273261459,0.24432345559362501,0.50878199662566004,0,2.1655022512110209,2.0974524649910742,0.77500000000000002,0.71746141067825153,0.77500000000000002,0.71950143329418115,0.17953006113116765
net_01149,star,8,7,0.25,1.75,1.984313483298443,7,2,0.25,4,1,0.0025000000000000001,single_0,1,0,7,0.35999999999999999,0.48021246273261459,0.1949249822379045,0.40591404298151251,0.14288837317942177,2.1655022512110209,2.1618217878365278,0.77500000000000002,0.72400745695218782,0.77500000000000002,0.74465355214185514,0.17226510841754253
net_01150,star,8,7,0.25,1.75,1.984313483298443,7,2,0.25,4,1,0.0025000000000000001,single_middle,1,4,1,0.35999999999999999,0.48021246273261459,0.26428091605988518,0.55034164368832406,0.1939772612155565,2.1655022512110209,2.1739217483488171,0.77500000000000002,0.7177479940399113,0.77500000000000002,0.7445194213647649,0.19087378605684133
net_01151,star,8,7,0.25,1.75,1.984313483298443,7,2,0.25,4,1,0.0025000000000000001,two_0_last,2,0+7,4,0.35999999999999988,0.48021246273261459,0.23528315536999214,0.48995637062630615,0.17978992602979235,2.1655022512110209,2.2117444557240304,0.77500000000000002,0.81526668044091843,0.81526668044091843,0.75496470999920728,0.20372770757572825
net_01152,star,8,7,0.25,1.75,1.984313483298443,7,3,0.25,4,1,0.0025000000000000001,uncontrolled,0,none,,0,0.54970121754588519,0.35336885127632889,0.64283803636806047,0,2.0730653631759899,1.9471081827027819,0.69999999999999996,0.65477739897310416,0.69999999999999996,0.6305993183911619,0.27613091829441816
net_01153,star,8,7,0.25,1.75,1.984313483298443,7,3,0.25,4,1,0.0025000000000000001,single_0,1,0,7,0.35999999999999999,0.54970121754588519,0.42213422507375586,0.76793394593221742,0.14116863398283075,2.0730653631759899,2.0220845984264688,0.69999999999999996,0.66115511233031588,0.69999999999999996,0.65528492625890211,0.28584074380160834
net_01154,star,8,7,0.25,1.75,1.984313483298443,7,3,0.25,4,1,0.0025000000000000001,single_middle,1,4,1,0.35999999999999999,0.54970121754588519,0.37731987655601423,0.68640902459801856,0.19070699503157226,2.0730653631759899,2.0473256662245021,0.69999999999999996,0.78396536173122056,0.78396536173122056,0.65507185335154927,0.3079345139705299
net_01155,star,8,7,0.25,1.75,1.984313483298443,7,3,0.25,4,1,0.0025000000000000001,two_0_last,2,0+7,4,0.35999999999999988,0.54970121754588519,0.38189151046297004,0.69472560415257301,0.18236341689957949,2.0730653631759899,2.0321224492508421,0.69999999999999996,0.65949049960182082,0.69999999999999996,0.66606394337846375,0.26934927032532668
net_01156,star,8,7,0.25,1.75,1.984313483298443,7,4,0.25,4,1,0.0025000000000000001,uncontrolled,0,none,,0,0.33236350748776478,0.20459636834553716,0.61558012157236885,0,1.9429450430923862,1.8977633430939258,0.62354134182918197,0.5807179512810573,0.62354134182918197,0.65609880756476868,0.14043706067476608
net_01157,star,8,7,0.25,1.75,1.984313483298443,7,4,0.25,4,1,0.0025000000000000001,single_0,1,0,7,0.35999999999999999,0.33236350748776478,0.28396132898553167,0.85436975657138015,0.14147810771233321,1.9429450430923862,1.9745529738442587,0.62354134182918197,0.6013454451874779,0.62354134182918197,0.68089293294470354,0.15408518644117014
net_01158,star,8,7,0.25,1.75,1.984313483298443,7,4,0.25,4,1,0.0025000000000000001,single_middle,1,4,1,0.35999999999999999,0.33236350748776478,0.23154456319791025,0.69666060798336604,0.19541633619310605,1.9429450430923862,1.9918018134565094,0.62354134182918197,0.71391784130903091,0.71391784130903091,0.68129020366605142,0.178193620536062
net_01159,star,8,7,0.25,1.75,1.984313483298443,7,4,0.25,4,1,0.0025000000000000001,two_0_last,2,0+7,4,0.35999999999999988,0.33236350748776478,0.26528090842171731,0.79816496831103834,0.1776623181364696,1.9429450430923862,2.01397953341767,0.62354134182918197,0.66807361895387019,0.66807361895387019,0.69103772671372021,0.17170048161403265
net_01160,star,8,7,0.25,1.75,1.984313483298443,7,0,0.5,4,1,0.0025000000000000001,uncontrolled,0,none,,0,0.3416685035442385,0.14701265485504425,0.43027862776356079,0,1.5945218719101972,1.53821309882032,0.55320888862379558,0.52889126909095108,0.55357935440272088,0.52977427386899523,0.12288881527372746
net_01161,star,8,7,0.25,1.75,1.984313483298443,7,0,0.5,4,1,0.0025000000000000001,single_0,1,0,7,0.35999999999999999,0.3416685035442385,0.19013681650053563,0.55649500767025517,0.11169764387812608,1.5945218719101972,1.6113082440061306,0.55320888862379558,0.53907083161496316,0.55377830989470844,0.55493711253454669,0.12877920360867659
net_01162,star,8,7,0.25,1.75,1.984313483298443,7,0,0.5,4,1,0.0025000000000000001,single_middle,1,4,1,0.35999999999999999,0.3416685035442385,0.13210251453830976,0.38663942730444106,0.18769241117299842,1.5945218719101972,1.6004264573786837,0.55320888862379558,0.52981354324451724,0.55358026960215945,0.55540274790497668,0.10815911105547908
net_01163,star,8,7,0.25,1.75,1.984313483298443,7,0,0.5,4,1,0.0025000000000000001,two_0_last,2,0+7,4,0.35999999999999988,0.3416685035442385,0.19660728965810315,0.57543287607324578,0.16726437344170991,1.5945218719101972,1.6597517611574182,0.55320888862379558,0.62570412765698535,0.62570412765698535,0.56545357657090878,0.15687332891958181
net_01164,star,8,7,0.25,1.75,1.984313483298443,7,1,0.5,4,1,0.0025000000000000001,uncontrolled,0,none,,0,0.22673060718357882,0.14970088832323636,0.66025884278617408,0,2.0484750425621492,2.009751450172335,0.63944620863753399,0.58812949442122975,0.63944620863753399,0.7010013218233867,0.11612389175182704
net_01165,star,8,7,0.25,1.75,1.984313483298443,7,1,0.5,4,1,0.0025000000000000001,single_0,1,0,7,0.35999999999999999,0.22673060718357882,0.16844901116332606,0.74294782365636491,0.11134327456602069,2.0484750425621492,2.0806110020789923,0.63944620863753399,0.59815775722717335,0.63944620863753399,0.7260336062146161,0.11829188642302675
net_01166,star,8,7,0.25,1.75,1.984313483298443,7,1,0.5,4,1,0.0025000000000000001,single_middle,1,4,1,0.35999999999999999,0.22673060718357882,0.13564138785908419,0.59824912720874213,0.18927645206355512,2.0484750425621492,2.0734394026104472,0.63944620863753399,0.58904613513124815,0.63944620863753399,0.7265678082087591,0.097432487456269243
net_01167,star,8,7,0.25,1.75,1.984313483298443,7,1,0.5,4,1,0.0025000000000000001,two_0_last,2,0+7,4,0.35999999999999988,0.22673060718357882,0.15330596386601908,0.67615910251539435,0.1652099542125707,2.0484750425621492,2.1072214460070948,0.63944620863753399,0.59585775656483897,0.63944620863753399,0.73623899701699858,0.11401717890490447
net_01168,star,8,7,0.25,1.75,1.984313483298443,7,2,0.5,4,1,0.0025000000000000001,uncontrolled,0,none,,0,0.48021246273261459,0.17665619081647219,0.36787089991630539,0,2.1655022512110209,2.0805048898423766,0.77500000000000002,0.68585275304203264,0.77500000000000002,0.71945493347531797,0.15312469846592588
net_01169,star,8,7,0.25,1.75,1.984313483298443,7,2,0.5,4,1,0.0025000000000000001,single_0,1,0,7,0.35999999999999999,0.48021246273261459,0.17206924103870708,0.35831898251777849,0.11158017617747237,2.1655022512110209,2.1494962000179774,0.77500000000000002,0.69593808264036106,0.77500000000000002,0.74457065865634986,0.1521718551655164
net_01170,star,8,7,0.25,1.75,1.984313483298443,7,2,0.5,4,1,0.0025000000000000001,single_middle,1,4,1,0.35999999999999999,0.48021246273261459,0.19125686833800645,0.39827552006808187,0.18405176344321642,2.1655022512110209,2.1559906723787514,0.77500000000000002,0.68675832076086418,0.77500000000000002,0.74448494847427304,0.16364331308758598
net_01171,star,8,7,0.25,1.75,1.984313483298443,7,2,0.5,4,1,0.0025000000000000001,two_0_last,2,0+7,4,0.35999999999999988,0.48021246273261459,0.19800270364039282,0.41232312571329915,0.16614189242719765,2.1655022512110209,2.1953426047196238,0.77500000000000002,0.78122742315715832,0.781263842092354,0.75492545179223958,0.18035716300836468
net_01172,star,8,7,0.25,1.75,1.984313483298443,7,3,0.5,4,1,0.0025000000000000001,uncontrolled,0,none,,0,0.54970121754588519,0.2878327030015545,0.52361663720988261,0,2.0730653631759899,1.9087778280363141,0.69999999999999996,0.63546213761411197,0.69999999999999996,0.63022602399388028,0.2413384724432544
net_01173,star,8,7,0.25,1.75,1.984313483298443,7,3,0.5,4,1,0.0025000000000000001,single_0,1,0,7,0.35999999999999999,0.54970121754588519,0.3169166413089734,0.57652526716937724,0.11097119088189868,2.0730653631759899,1.9778433839665446,0.69999999999999996,0.64532801080650171,0.69999999999999996,0.65505489769897418,0.24471644292551178
net_01174,star,8,7,0.25,1.75,1.984313483298443,7,3,0.5,4,1,0.0025000000000000001,single_middle,1,4,1,0.35999999999999999,0.54970121754588519,0.31694865890748775,0.57658351262616792,0.18107185891944069,2.0730653631759899,2.0057562631258063,0.69999999999999996,0.75776784500170713,0.75776784500170713,0.65473262825523071,0.27241046030126642
net_01175,star,8,7,0.25,1.75,1.984313483298443,7,3,0.5,4,1,0.0025000000000000001,two_0_last,2,0+7,4,0.35999999999999988,0.54970121754588519,0.29277336838963086,0.53260454778816679,0.16895455873040729,2.0730653631759899,1.993981779146085,0.69999999999999996,0.64308047185893402,0.69999999999999996,0.66583199908339852,0.23165311554656179
net_01176,star,8,7,0.25,1.75,1.984313483298443,7,4,0.5,4,1,0.0025000000000000001,uncontrolled,0,none,,0,0.33236350748776478,0.16446728098345248,0.49484157339237062,0,1.9429450430923862,1.8857356536431695,0.62354134182918197,0.57014589880402755,0.62354134182918197,0.65546142558568732,0.1219433843913129
net_01177,star,8,7,0.25,1.75,1.984313483298443,7,4,0.5,4,1,0.0025000000000000001,single_0,1,0,7,0.35999999999999999,0.33236350748776478,0.20155092828624849,0.60641714191100882,0.11103710110581855,1.9429450430923862,1.9577142078815302,0.62354134182918197,0.58022515188467616,0.62354134182918197,0.68034321791113606,0.12733310963756239
net_01178,star,8,7,0.25,1.75,1.984313483298443,7,4,0.5,4,1,0.0025000000000000001,single_middle,1,4,1,0.35999999999999999,0.33236350748776478,0.19689315569261531,0.59240305044579389,0.18527159860597786,1.9429450430923862,1.9769040479026831,0.62354134182918197,0.69602767095520601,0.69602767095520601,0.68063915861763058,0.15889945746614625
net_01179,star,8,7,0.25,1.75,1.984313483298443,7,4,0.5,4,1,0.0025000000000000001,two_0_last,2,0+7,4,0.35999999999999988,0.33236350748776478,0.20246326592990152,0.60916214135619196,0.16432595121126858,1.9429450430923862,1.9975990741133631,0.62354134182918197,0.65560766896039402,0.65560766896039402,0.69048619363521968,0.14842194585527663
net_01180,star,8,7,0.25,1.75,1.984313483298443,7,0,1,4,1,0.0025000000000000001,uncontrolled,0,none,,0,0.3416685035442385,0.11111893607599692,0.32522440588852664,0,1.5945218719101972,1.521730073005253,0.55320888862379558,0.49649014375599226,0.55331474442748041,0.52950751787267181,0.095286884734436528
net_01181,star,8,7,0.25,1.75,1.984313483298443,7,0,1,4,1,0.0025000000000000001,single_0,1,0,7,0.35999999999999999,0.3416685035442385,0.12450470713242835,0.36440206176718232,0.087963562500631073,1.5945218719101972,1.5926769395267857,0.55320888862379558,0.51001853364758087,0.55334158048572613,0.55471417801616318,0.0967970036747174
net_01182,star,8,7,0.25,1.75,1.984313483298443,7,0,1,4,1,0.0025000000000000001,single_middle,1,4,1,0.35999999999999999,0.3416685035442385,0.10194797839024876,0.29838272282258749,0.1700043463964912,1.5945218719101972,1.5880220125007054,0.55320888862379558,0.49896505485348486,0.55331483939537607,0.55507176141889414,0.084392409010972294
net_01183,star,8,7,0.25,1.75,1.984313483298443,7,0,1,4,1,0.0025000000000000001,two_0_last,2,0+7,4,0.35999999999999988,0.3416685035442385,0.1444941148752521,0.42290733086710558,0.15242830027515558,1.5945218719101972,1.6369168307605879,0.55320888862379558,0.58682812690833119,0.58685507561026096,0.56523214882966699,0.12429684944844081
net_01184,star,8,7,0.25,1.75,1.984313483298443,7,1,1,4,1,0.0025000000000000001,uncontrolled,0,none,,0,0.22673060718357882,0.11668000792139278,0.51461957152930626,0,2.0484750425621492,1.9976511029312463,0.63944620863753399,0.56568080843891377,0.63944620863753399,0.70046961266631813,0.090380102132058895
net_01185,star,8,7,0.25,1.75,1.984313483298443,7,1,1,4,1,0.0025000000000000001,single_0,1,0,7,0.35999999999999999,0.22673060718357882,0.12703963253075071,0.56031090865420519,0.087717591413045443,2.0484750425621492,2.0684455422098189,0.63944620863753399,0.57901106596661733,0.63944620863753399,0.72555916365706952,0.091500110214211033
net_01186,star,8,7,0.25,1.75,1.984313483298443,7,1,1,4,1,0.0025000000000000001,single_middle,1,4,1,0.35999999999999999,0.22673060718357882,0.10493624891019072,0.46282348119513539,0.17123335689517966,2.0484750425621492,2.0645779111772948,0.63944620863753399,0.5681402692628541,0.63944620863753399,0.72601153590879208,0.075614110075478858
net_01187,star,8,7,0.25,1.75,1.984313483298443,7,1,1,4,1,0.0025000000000000001,two_0_last,2,0+7,4,0.35999999999999988,0.22673060718357882,0.11956185617537671,0.52733002244628613,0.15058464556256393,2.0484750425621492,2.0964124434572509,0.63944620863753399,0.57681595816533515,0.63944620863753399,0.73579536038078375,0.089293500756845182
net_01188,star,8,7,0.25,1.75,1.984313483298443,7,2,1,4,1,0.0025000000000000001,uncontrolled,0,none,,0,0.48021246273261459,0.13147277511745087,0.27378043120604256,0,2.1655022512110209,2.0622082507877959,0.77500000000000002,0.64312550059672735,0.77500000000000002,0.71941166115287192,0.11846822569542884
net_01189,star,8,7,0.25,1.75,1.984313483298443,7,2,1,4,1,0.0025000000000000001,single_0,1,0,7,0.35999999999999999,0.48021246273261459,0.13858534411988763,0.28859172736017236,0.087632111087024095,2.1655022512110209,2.1325696526663571,0.77500000000000002,0.65650868043793076,0.77500000000000002,0.74450983573073803,0.11910822781981917
net_01190,star,8,7,0.25,1.75,1.984313483298443,7,2,1,4,1,0.0025000000000000001,single_middle,1,4,1,0.35999999999999999,0.48021246273261459,0.14319847341192934,0.29819816128275534,0.1670893000814532,2.1655022512110209,2.1368750849062508,0.77500000000000002,0.64555373840293495,0.77500000000000002,0.74445637997436009,0.12870155157226384
net_01191,star,8,7,0.25,1.75,1.984313483298443,7,2,1,4,1,0.0025000000000000001,two_0_last,2,0+7,4,0.35999999999999988,0.48021246273261459,0.15996145047122537,0.33310557906176819,0.15141065998690462,2.1655022512110209,2.1737727938150213,0.77500000000000002,0.7322796399691488,0.77500000000000002,0.75490411617007958,0.14415545525843415
net_01192,star,8,7,0.25,1.75,1.984313483298443,7,3,1,4,1,0.0025000000000000001,uncontrolled,0,none,,0,0.54970121754588519,0.22241751801497092,0.40461529084462156,0,2.0730653631759899,1.8599415429831805,0.69999999999999996,0.59482497637601472,0.69999999999999996,0.63009685652882685,0.18815092162097613
net_01193,star,8,7,0.25,1.75,1.984313483298443,7,3,1,4,1,0.0025000000000000001,single_0,1,0,7,0.35999999999999999,0.54970121754588519,0.23019072741118374,0.41875608069208803,0.087584568299383825,2.0730653631759899,1.9281115741318771,0.69999999999999996,0.60797910929760179,0.69999999999999996,0.65505964801856076,0.1886760128512964
net_01194,star,8,7,0.25,1.75,1.984313483298443,7,3,1,4,1,0.0025000000000000001,single_middle,1,4,1,0.35999999999999999,0.54970121754588519,0.25069771797049839,0.45606178405375625,0.16471924908334654,2.0730653631759899,1.9503912905320941,0.69999999999999996,0.70541148393571707,0.72011589787154495,0.65468837403636604,0.21653269077566695
net_01195,star,8,7,0.25,1.75,1.984313483298443,7,3,1,4,1,0.0025000000000000001,two_0_last,2,0+7,4,0.35999999999999988,0.54970121754588519,0.21712129637735275,0.39498056298052314,0.15384846735392962,2.0730653631759899,1.9497275188319971,0.69999999999999996,0.60585101671893338,0.69999999999999996,0.66580496649428955,0.17855929352146571
net_01196,star,8,7,0.25,1.75,1.984313483298443,7,4,1,4,1,0.0025000000000000001,uncontrolled,0,none,,0,0.33236350748776478,0.12800210464569267,0.38512683180299145,0,1.9429450430923862,1.8706013879589651,0.62354134182918197,0.54706215076784637,0.62354134182918197,0.65452846440996837,0.094795481729771328
net_01197,star,8,7,0.25,1.75,1.984313483298443,7,4,1,4,1,0.0025000000000000001,single_0,1,0,7,0.35999999999999999,0.33236350748776478,0.13951966259565876,0.41978032922520792,0.087527319073577567,1.9429450430923862,1.9410587758197051,0.62354134182918197,0.56046641471266823,0.62354134182918197,0.67949086130804504,0.096207150447291376
net_01198,star,8,7,0.25,1.75,1.984313483298443,7,4,1,4,1,0.0025000000000000001,single_middle,1,4,1,0.35999999999999999,0.33236350748776478,0.15918877763722153,0.4789598558532534,0.16806078439069139,1.9429450430923862,1.9565734743131187,0.62354134182918197,0.66048129600909622,0.66048129600909622,0.67969658609748029,0.1285885721813729
net_01199,star,8,7,0.25,1.75,1.984313483298443,7,4,1,4,1,0.0025000000000000001,two_0_last,2,0+7,4,0.35999999999999988,0.33236350748776478,0.15202218362202605,0.45739733814676514,0.14988362087933532,1.9429450430923862,1.9787255740597869,0.62354134182918197,0.62754898676214343,0.62787318637996659,0.6896582636360209,0.11743441394381789
